run_ts_utc,date,market_id,question,slug,end_date,outcome_yes,price_yes,outcome_no,price_no,volume_24h,volume_total,liquidity
2026-09-07T23:50:40+00:00,2026-09-07,4284482,US Open ATP: Karen Khachanov vs Learner Tien,atp-khachan-tien-2026-09-07,2026-09-14T15:00:00Z,Karen Khachanov,0.335,Learner Tien,0.665,2170074.3675689995,2177091.8087290004,297696.6065
2026-09-07T23:50:40+00:00,2026-09-07,4276667,US Open ATP: Arthur Gea vs Botic van de Zandschulp,atp-gea-zandsch-2026-09-07,2026-09-14T15:00:00Z,Arthur Gea,0.675,Botic van de Zandschulp,0.325,1546392.0438859996,1549865.597645998,350418.3976
2026-09-07T23:50:40+00:00,2026-09-07,2252243,Will the Fed decrease interest rates by 25 bps after the September 2026 meeting?,will-the-fed-decrease-interest-rates-by-25-bps-after-the-september-2026-meeting-586,2026-09-16T00:00:00Z,Yes,0.0045,No,0.9955,1169168.1306660003,32130841.825983,2231168.79805
2026-09-07T23:50:40+00:00,2026-09-07,3701690,Israel closes its airspace by September 30?,israel-closes-its-airspace-by-september-30,2026-10-01T03:59:00Z,Yes,0.959,No,0.041,819793.5785320002,2089617.57336,283298.14672
2026-09-07T23:50:40+00:00,2026-09-07,2252244,Will there be no change in Fed interest rates after the September 2026 meeting?,will-there-be-no-change-in-fed-interest-rates-after-the-september-2026-meeting-615,2026-09-16T00:00:00Z,Yes,0.475,No,0.525,699757.2074010005,24082867.509644203,724899.6695
2026-09-07T23:50:40+00:00,2026-09-07,4284480,US Open ATP: Alexander Zverev vs Luciano Darderi,atp-zverev-darderi-2026-09-07,2026-09-14T15:00:00Z,Alexander Zverev,0.885,Luciano Darderi,0.115,697891.5900090002,723762.0057529999,1015244.4936
2026-09-07T23:50:40+00:00,2026-09-07,4293939,LoL: Invictus Gaming vs LGD Gaming (BO5) - LPL Playoffs,lol-ig1-lgd-2026-09-08,2026-09-08T15:00:00Z,Invictus Gaming,0.625,LGD Gaming,0.375,678318.3038929999,685960.009854,297260.7541
2026-09-07T23:50:40+00:00,2026-09-07,2252245,Will the Fed increase interest rates by 25 bps after the September 2026 meeting?,will-the-fed-increase-interest-rates-by-25-bps-after-the-september-2026-meeting-649,2026-09-16T00:00:00Z,Yes,0.515,No,0.485,444680.50043299975,19127913.176438056,670153.1732
2026-09-07T23:50:40+00:00,2026-09-07,2772194,Will Shakhtar Donetsk win the 2026-27 UEFA Champions League Championship?,will-shakhtar-donetsk-win-the-2026-27-uefa-champions-league-championship-20260701202025578,2027-05-30T23:59:00Z,Yes,0.0015,No,0.9985,415433.726,14676093.947999999,331665.47944
2026-09-07T23:50:40+00:00,2026-09-07,4273954,US Open WTA: Iva Jovic vs Coco Gauff,wta-jovic-gauff-2026-09-07,2026-09-14T15:00:00Z,Iva Jovic,0.085,Coco Gauff,0.915,389671.10281100014,391933.231573,268391.9879
2026-09-07T23:50:40+00:00,2026-09-07,3889718,SMU vs. Florida State,cfb-smu-flst-2026-09-07,2026-09-07T23:30:00Z,SMU,0.575,Florida State,0.425,349442.2114560001,356227.97830700007,509500.6649
2026-09-07T23:50:40+00:00,2026-09-07,4322646,US Open ATP: Ben Shelton vs Carlos Alcaraz,atp-shelton-alcaraz-2026-09-08,2026-09-15T15:30:00Z,Ben Shelton,0.215,Carlos Alcaraz,0.785,332973.566113,332971.0661130001,189207.119
2026-09-07T23:50:40+00:00,2026-09-07,4059449,Washington Nationals vs. San Diego Padres,mlb-wsh-sd-2026-09-07,2026-09-14T21:10:00Z,Washington Nationals,0.0005,San Diego Padres,0.9995,326765.85689799994,327042.4668979998,387809.78034
2026-09-07T23:50:40+00:00,2026-09-07,4059453,Cincinnati Reds vs. Los Angeles Dodgers,mlb-cin-lad-2026-09-07,2026-09-15T01:10:00Z,Cincinnati Reds,0.375,Los Angeles Dodgers,0.625,321322.07484699995,321666.7934960004,569457.6483
2026-09-07T23:50:40+00:00,2026-09-07,3994365,Counter-Strike: Alliance vs FaZe (BO3) - FISSURE PLAYGROUND Group B,cs2-all-faze-2026-09-08,2026-09-08T12:00:00Z,Alliance,0.255,FaZe,0.745,311626.57856900006,313035.3646919998,40502.5627
2026-09-07T23:50:40+00:00,2026-09-07,2252246,Will the Fed increase interest rates by 50+ bps after the September 2026 meeting?,will-the-fed-increase-interest-rates-by-50-bps-after-the-september-2026-meeting-664,2026-09-16T00:00:00Z,Yes,0.0055,No,0.9945,276783.763327,13857271.503971012,1121630.50188
2026-09-07T23:50:40+00:00,2026-09-07,2252242,Will the Fed decrease interest rates by 50+ bps after the September 2026 meeting?,will-the-fed-decrease-interest-rates-by-50-bps-after-the-september-2026-meeting-863,2026-09-16T00:00:00Z,Yes,0.0015,No,0.9985,261382.07899999997,13774905.825785004,1018194.05621
2026-09-07T23:50:40+00:00,2026-09-07,3994353,Counter-Strike: Legacy vs magic (BO3) - FISSURE PLAYGROUND Group B,cs2-lgc-mgc-2026-09-07,2026-09-08T09:00:00Z,Legacy,0.685,magic,0.315,225015.17719199992,231065.47210400004,98830.4877
2026-09-07T23:50:40+00:00,2026-09-07,4059455,Toronto Blue Jays vs. Athletics,mlb-tor-oak-2026-09-07,2026-09-15T02:05:00Z,Toronto Blue Jays,0.645,Athletics,0.355,224334.63095499994,224525.01537999997,513921.6047
2026-09-07T23:50:40+00:00,2026-09-07,3883286,Will EC Vitória win on 2026-09-07?,bra-vit-gre-2026-09-07-vit,2026-09-07T23:00:00Z,Yes,0.415,No,0.585,213208.14854799988,213229.14854799985,26599.4224
2026-09-07T23:50:40+00:00,2026-09-07,3994361,Counter-Strike: MIBR vs TheMongolz (BO3) - FISSURE PLAYGROUND Group A,cs2-mibr-mglz-2026-09-08,2026-09-08T12:00:00Z,MIBR,0.475,TheMongolz,0.525,211674.93409799994,224691.03269100003,150670.3888
2026-09-07T23:50:40+00:00,2026-09-07,4006138,Will AA Argentinos Juniors win on 2026-09-07?,arg-bar-aaj-2026-09-07-aaj,2026-09-07T22:00:00Z,Yes,0.07,No,0.93,211416.11599400005,211522.77556699995,8008.318
2026-09-07T23:50:40+00:00,2026-09-07,1088472,Will Carlos Alcaraz win the 2026 Men's US Open?,will-carlos-alcaraz-win-the-2026-mens-us-open,2026-09-13T00:00:00Z,Yes,0.575,No,0.425,204490.90425100003,2159301.7647459977,85805.6102
2026-09-07T23:50:40+00:00,2026-09-07,4320098,Barranquilla: Katrina Scott vs Varvara Lepchenko,wta-scott-lepchen-2026-09-07,2026-09-14T19:00:00Z,Katrina Scott,0.0005,Varvara Lepchenko,0.9995,184587.29291500003,184587.292915,203702.74125
2026-09-07T23:50:40+00:00,2026-09-07,3866000,"Will Ethereum dip to $2,250 by December 31, 2026?",will-ethereum-dip-to-2250-by-december-31-2026,2027-01-01T05:00:00Z,Yes,0.545,No,0.455,161604.813828,411424.9232509999,52920.6327
2026-09-07T23:50:40+00:00,2026-09-07,3977525,Will Real Madrid CF win on 2026-09-08?,ucl-rma-int-2026-09-08-rma,2026-09-08T19:00:00Z,Yes,0.595,No,0.405,154822.016316,168752.83853899996,304081.5457
2026-09-07T23:50:40+00:00,2026-09-07,2696747,"US-Iran Final Nuclear Deal by December 31, 2026?",us-iran-final-nuclear-deal-by-december-31-2026-191,2027-01-01T04:59:00Z,Yes,0.095,No,0.905,140186.64525499998,2566668.7571009994,266061.3468
2026-09-07T23:50:40+00:00,2026-09-07,3501952,Strait of Hormuz traffic returns to normal by September 15?,strait-of-hormuz-traffic-returns-to-normal-by-september-15-20260810150912478,2026-09-15T00:00:00Z,Yes,0.0035,No,0.9965,138403.870689,1637885.0030059996,269578.38631
2026-09-07T23:50:40+00:00,2026-09-07,562002,Will Erika Kirk win the 2028 Republican presidential nomination?,will-erika-kirk-win-the-2028-republican-presidential-nomination,2028-11-07T00:00:00Z,Yes,0.0015,No,0.9985,138256.629,18873076.026152,2104822.58643
2026-09-07T23:50:40+00:00,2026-09-07,4315255,Washington Nationals vs. San Diego Padres: O/U 8.5,mlb-wsh-sd-2026-09-07-total-8pt5,2026-09-07T21:10:00Z,Over,0.0005,Under,0.9995,137838.88838800002,137838.88838800002,93775.0607
2026-09-07T23:50:40+00:00,2026-09-07,560317,"Putin out as President of Russia by December 31, 2026?",putin-out-before-2027-346,2027-01-01T04:59:00Z,Yes,0.075,No,0.925,136546.404505,20173792.172064,641171.8055
2026-09-07T23:50:40+00:00,2026-09-07,4061218,"Will the price of Bitcoin be above $72,000 on September 8?",bitcoin-above-72k-on-september-8-2026,2026-09-08T16:00:00Z,Yes,0.999,No,0.001,121814.37391699999,129853.751072,44795.55837
2026-09-07T23:50:40+00:00,2026-09-07,3889719,Spread: SMU (-2.5),cfb-smu-flst-2026-09-07-spread-away-2pt5,2026-09-07T23:30:00Z,SMU,0.525,Florida State,0.475,111936.046175,112175.59796599999,199600.2287
2026-09-07T23:50:40+00:00,2026-09-07,4254036,LoL: Eintracht Frankfurt vs All for One Gaming (BO5) - Prime League 1st Division Promotion Playoffs,lol-sge-aog-2026-09-07,2026-09-07T22:00:00Z,Eintracht Frankfurt,0.9995,All for One Gaming,0.0005,104720.07565600004,104720.07565600003,93270.16789
2026-09-07T23:50:40+00:00,2026-09-07,4318166,Map Handicap: 9z (-1.5) vs 5star (+1.5),cs2-9z-5s-2026-09-07-map-handicap-away-1pt5,2026-09-08T09:00:00Z,9z,0.735,5star,0.265,104192.45889600001,104192.45889599998,38334.8636
2026-09-07T23:50:40+00:00,2026-09-07,3399458,Israel x Iran ceasefire continues through September 30?,israel-x-iran-ceasefire-continues-through-september-30,2026-09-30T20:29:00Z,Yes,0.875,No,0.125,100006.89242100001,1394701.2968360009,77055.2911
2026-09-07T23:50:40+00:00,2026-09-07,3702025,"US announces end of Iranian blockade by September 7, 2026?",us-announces-end-of-iranian-blockade-by-september-7-2026,2026-09-08T03:59:00Z,Yes,0.0015,No,0.9985,97621.029376,1731944.1485849984,114078.97109
2026-09-07T23:50:40+00:00,2026-09-07,559682,Will Hunter Biden win the 2028 Democratic presidential nomination?,will-person-a-win-the-2028-democratic-presidential-nomination,2028-11-07T00:00:00Z,Yes,0.005,No,0.995,89467.93826100002,44335688.341223024,1161757.50143
2026-09-07T23:50:40+00:00,2026-09-07,3965779,"Will Elon Musk post 180-199 tweets from September 1 to September 8, 2026?",elon-musk-of-tweets-september-1-september-8-2026-180-199,2026-09-08T16:00:00Z,Yes,0.197,No,0.803,88407.81082299999,207229.794972,7519.1788
2026-09-07T23:50:40+00:00,2026-09-07,3977548,Will Arsenal FC win on 2026-09-09?,ucl-nap-ars-2026-09-09-ars,2026-09-09T19:00:00Z,Yes,0.555,No,0.445,86618.96191299999,95389.33232900004,233830.9724
2026-09-07T23:50:40+00:00,2026-09-07,4325753,Map Handicap: FaZe (-1.5) vs Alliance (+1.5),cs2-all-faze-2026-09-08-map-handicap-home-1pt5,2026-09-08T12:00:00Z,FaZe,0.445,Alliance,0.555,85383.894641,85383.89464100004,43754.4952
2026-09-07T23:50:40+00:00,2026-09-07,601836,Will Augusto Cury win the 2026 Brazilian presidential election?,will-augusto-cury-win-the-2026-brazilian-presidential-election,2026-10-04T00:00:00Z,Yes,0.0135,No,0.9865,83936.040536,4269944.723153004,347865.45832
2026-09-07T23:50:40+00:00,2026-09-07,1088498,Will Luciano Darderi win the 2026 Men's US Open?,will-luciano-darderi-win-the-2026-mens-us-open,2026-09-13T00:00:00Z,Yes,0.0025,No,0.9975,83916.180332,347833.473831,71681.81459
2026-09-07T23:50:40+00:00,2026-09-07,682715,Will Yariv Levin be the next Prime Minister of Israel?,will-yariv-levin-be-the-next-prime-minister-of-israel,2026-12-31T00:00:00Z,Yes,0.0015,No,0.9985,83465.659,1813613.4900680003,114139.91767
2026-09-07T23:50:40+00:00,2026-09-07,561243,Will Donald Trump win the 2028 US Presidential Election?,will-donald-trump-win-the-2028-us-presidential-election,2028-11-07T00:00:00Z,Yes,0.0195,No,0.9805,82877.25763,10146321.516091995,586180.91657
2026-09-07T23:50:40+00:00,2026-09-07,1163699,Clarity Act (H.R.3633) signed into law in 2026?,clarity-act-signed-into-law-in-2026,2027-01-01T05:00:00Z,Yes,0.165,No,0.835,82778.20093300001,14201149.196806012,286535.682
2026-09-07T23:50:40+00:00,2026-09-07,4318175,Map Handicap: LGC (-1.5) vs magic (+1.5),cs2-lgc-mgc-2026-09-07-map-handicap-away-1pt5,2026-09-08T09:00:00Z,Legacy,0.385,magic,0.615,80608.55009299998,80608.55009299998,61730.1396
2026-09-07T23:50:40+00:00,2026-09-07,4254035,LoL: Eintracht Frankfurt vs All for One Gaming - Game 4 Winner,lol-sge-aog-2026-09-07-game4,2026-09-07T22:00:00Z,Eintracht Frankfurt,0.9995,All for One Gaming,0.0005,79076.495651,79076.49565100002,81053.96558
2026-09-07T23:50:40+00:00,2026-09-07,601819,Will Luiz Inácio Lula da Silva win the 2026 Brazilian presidential election?,will-luiz-incio-lula-da-silva-win-the-2026-brazilian-presidential-election,2026-10-04T00:00:00Z,Yes,0.585,No,0.415,78445.73874900001,9927854.079746991,292670.184
2026-09-07T23:50:40+00:00,2026-09-07,4268775,Seville: Gilles Arnaud Bailly vs Calvin Hemery,atp-bailly-hemery-2026-09-07,2026-09-14T09:00:00Z,Gilles Arnaud Bailly,0.0005,Calvin Hemery,0.9995,77333.854458,77366.27554600002,32826.37364
2026-09-07T23:50:40+00:00,2026-09-07,3399468,Israel x Iran ceasefire continues through December 31?,israel-x-iran-ceasefire-continues-through-december-31-415,2026-12-31T20:29:00Z,Yes,0.635,No,0.365,73434.94709300001,439951.432291,101663.7556
2026-09-07T23:50:40+00:00,2026-09-07,4049399,Italy vs. China,bkfibaw-ita-chi-2026-09-07,2026-09-14T18:45:00Z,Italy,0.0005,China,0.9995,73433.80684800001,78708.046117,100212.51147
2026-09-07T23:50:40+00:00,2026-09-07,676743,Will Tesla be the largest company in the world by market cap on December 31?,will-tesla-be-the-largest-company-in-the-world-by-market-cap-on-december-31-139,2026-12-31T00:00:00Z,Yes,0.0015,No,0.9985,72174.229,825318.601857,291914.32543
2026-09-07T23:50:40+00:00,2026-09-07,4115723,LoL: INTZ e-Sports vs KaBuM! Ilha das Lendas - Game 3 Winner,lol-itz-kbm-2026-09-07-game3,2026-09-08T01:00:00Z,INTZ e-Sports,0.0005,KaBuM! Ilha das Lendas,0.9995,71122.032513,71122.03251300001,172267.49889
2026-09-07T23:50:40+00:00,2026-09-07,4051221,LoL: Dplus KIA Challengers vs Nongshim Esports Academy (BO5) - LCK Challengers League Playoffs,lol-dkc-nsea-2026-09-08,2026-09-08T14:00:00Z,Dplus KIA Challengers,0.495,Nongshim Esports Academy,0.505,67336.72246200002,68271.02894999999,49406.5764
2026-09-07T23:50:40+00:00,2026-09-07,665513,Friedrich Merz out as Chancellor of Germany before 2027?,friedrich-merz-out-as-chancellor-of-germany-before-2027,2027-01-01T04:59:00Z,Yes,0.145,No,0.855,67123.49918799999,823938.1331259998,81779.2565
2026-09-07T23:50:40+00:00,2026-09-07,3965782,"Will Elon Musk post 200-219 tweets from September 1 to September 8, 2026?",elon-musk-of-tweets-september-1-september-8-2026-200-219,2026-09-08T16:00:00Z,Yes,0.665,No,0.335,67056.52347299996,128382.76785699991,5128.6963
2026-09-07T23:50:40+00:00,2026-09-07,559671,Will Zohran Mamdani win the 2028 Democratic presidential nomination?,will-zohran-mamdani-win-the-2028-democratic-presidential-nomination-445,2028-11-07T00:00:00Z,Yes,0.0025,No,0.9975,66972.63249999999,38926755.20371006,2550402.49747
2026-09-07T23:50:40+00:00,2026-09-07,4061229,"Will the price of Bitcoin be above $82,000 on September 8?",bitcoin-above-82k-on-september-8-2026,2026-09-08T16:00:00Z,Yes,0.0115,No,0.9885,64861.06861600001,75475.80005199999,35800.92397
2026-09-07T23:50:40+00:00,2026-09-07,1130013,Will the Communist Party of the Russian Federation (KPRF) gain the most seats in the next Russian parliamentary election?,will-the-communist-party-of-the-russian-federation-kprf-gain-the-most-seats-in-the-next-russian-parliamentary-election,2026-09-30T00:00:00Z,Yes,0.0155,No,0.9845,64805.81402899999,1776051.3068040002,188998.45061
2026-09-07T23:50:40+00:00,2026-09-07,562000,Will Rand Paul win the 2028 Republican presidential nomination?,will-rand-paul-win-the-2028-republican-presidential-nomination,2028-11-07T00:00:00Z,Yes,0.0025,No,0.9975,64163.0405,19474440.66430099,1487154.72115
2026-09-07T23:50:40+00:00,2026-09-07,4174612,Trump out as President by September 30?,dtrump-out-as-president-by-september-30,2026-10-01T03:59:00Z,Yes,0.008,No,0.992,63447.964426,343883.2872810002,233172.40534
2026-09-07T23:50:40+00:00,2026-09-07,4323123,Map Handicap: MGLZ (-1.5) vs MIBR (+1.5),cs2-mibr-mglz-2026-09-08-map-handicap-home-1pt5,2026-09-08T12:00:00Z,TheMongolz,0.265,MIBR,0.735,63378.24928399998,63378.24928400001,39434.9414
2026-09-07T23:50:40+00:00,2026-09-07,3561916,Sweden Parliamentary Election: Liberals Win Seats?,sweden-parliamentary-election-liberals-win-seats-20260812164320900,2026-09-13T00:00:00Z,Yes,0.6,No,0.4,63372.113271999995,151389.381289,24375.7215
2026-09-07T23:50:40+00:00,2026-09-07,1357385,Will the Jacksonville Jaguars win the 2027 NFL league championship?,will-the-jacksonville-jaguars-win-the-2027-nfl-league-championship,2027-03-31T23:55:00Z,Yes,0.0235,No,0.9765,62751.537652,1433763.9812869995,105804.26892
2026-09-07T23:50:40+00:00,2026-09-07,3994357,Counter-Strike: GamerLegion vs FURIA (BO3) - FISSURE PLAYGROUND Group B,cs2-gl1-furia-2026-09-08,2026-09-08T18:00:00Z,GamerLegion,0.145,FURIA,0.855,62357.45813300001,63031.260081,108725.2233
2026-09-07T23:50:40+00:00,2026-09-07,3128886,"US announces end of Iranian blockade by December 31, 2026?",us-announces-end-of-iranian-blockade-by-december-31-2026-20260727171803489-375-949-645-919-269-157-255-857,2027-01-01T04:59:00Z,Yes,0.582,No,0.418,62257.470234999986,1432549.0020529996,195863.81816
2026-09-07T23:50:40+00:00,2026-09-07,3965785,"Will Elon Musk post 220-239 tweets from September 1 to September 8, 2026?",elon-musk-of-tweets-september-1-september-8-2026-220-239,2026-09-08T16:00:00Z,Yes,0.125,No,0.875,61512.16926899999,124801.65190900004,4874.3704
2026-09-07T23:50:40+00:00,2026-09-07,4052438,"Will Bitcoin dip to $55,000 in September?",will-bitcoin-dip-to-55k-in-september-2026,2026-10-01T04:00:00Z,Yes,0.0175,No,0.9825,61299.371377,355731.099855,103179.01239
2026-09-07T23:50:40+00:00,2026-09-07,601826,Will Flávio Bolsonaro win the 2026 Brazilian presidential election?,will-flvio-bolsonaro-win-the-2026-brazilian-presidential-election,2026-10-04T00:00:00Z,Yes,0.3985,No,0.6015,61291.995936000014,9835942.475961,247764.10414
2026-09-07T23:50:40+00:00,2026-09-07,561993,Will John Thune win the 2028 Republican presidential nomination?,will-john-thune-win-the-2028-republican-presidential-nomination,2028-11-07T00:00:00Z,Yes,0.0005,No,0.9995,59824.584,38162682.12550199,2139843.99874
2026-09-07T23:50:40+00:00,2026-09-07,4293944,Game Handicap: IG (-1.5) vs LGD Gaming (+1.5),lol-ig1-lgd-2026-09-08-game-handicap-away-1pt5,2026-09-08T15:00:00Z,Invictus Gaming,0.425,LGD Gaming,0.575,58827.901224,60910.06116000001,113992.5671
2026-09-07T23:50:40+00:00,2026-09-07,562802,Will the Democratic Party control the House after the 2026 Midterm elections?,will-the-democratic-party-control-the-house-after-the-2026-midterm-elections,2026-11-03T00:00:00Z,Yes,0.865,No,0.135,58783.98740699999,5822333.613058002,495043.6598
2026-09-07T23:50:40+00:00,2026-09-07,4095052,US x Iran Effective Ceasefire by September 4?,us-x-iran-effective-ceasefire-by-september-4,2026-09-04T23:59:00Z,Yes,0.595,No,0.405,58690.39500200001,485730.61157399946,49905.5556
2026-09-07T23:50:40+00:00,2026-09-07,4239167,Will the highest temperature in Hong Kong be 30°C on September 7?,highest-temperature-in-hong-kong-on-september-7-2026-30c,2026-09-07T12:00:00Z,Yes,0.9995,No,0.0005,58371.914416,59970.169609,27762.07233
2026-09-07T23:50:40+00:00,2026-09-07,1088476,Will Ben Shelton win the 2026 Men's US Open?,will-ben-shelton-win-the-2026-mens-us-open,2026-09-13T00:00:00Z,Yes,0.0865,No,0.9135,58228.30194200001,786724.4172529998,57578.29455
2026-09-07T23:50:40+00:00,2026-09-07,4049380,Japan vs. Spain,bkfibaw-jap-spa-2026-09-07,2026-09-14T15:50:00Z,Japan,0.0005,Spain,0.9995,58110.993623999995,58800.291787,69471.94664
2026-09-07T23:50:40+00:00,2026-09-07,4196527,Counter-Strike: 9z vs 5star (BO3) - FISSURE PLAYGROUND Group A,cs2-9z-5s-2026-09-07,2026-09-08T09:00:00Z,9z,0.925,5star,0.075,58025.915491,59002.94924599997,39236.4877
2026-09-07T23:50:40+00:00,2026-09-07,679044,Will Jean Castex win the 2027 French presidential election?,will-jean-castex-win-the-2027-french-presidential-election,2027-04-30T00:00:00Z,Yes,0.0025,No,0.9975,57902.626,1585348.5728840001,107027.0052
2026-09-07T23:50:40+00:00,2026-09-07,608551,Will Michael Olise win the 2026 Ballon d'Or?,will-michael-olise-win-the-2026-ballon-dor,2026-10-31T00:00:00Z,Yes,0.0025,No,0.9975,57794.97,1462538.7214320006,399614.87945
2026-09-07T23:50:40+00:00,2026-09-07,4319475,"Will Bitcoin dip to $78,000 on September 7?",will-bitcoin-dip-to-78k-on-september-7-2026,2026-09-08T04:00:00Z,Yes,0.0365,No,0.9635,57593.77496799999,57593.774968,19024.44894
2026-09-07T23:50:40+00:00,2026-09-07,4061223,"Will the price of Bitcoin be above $76,000 on September 8?",bitcoin-above-76k-on-september-8-2026,2026-09-08T16:00:00Z,Yes,0.9835,No,0.0165,57049.48833400001,73814.24659499998,35757.39489
2026-09-07T23:50:40+00:00,2026-09-07,3965788,"Will Elon Musk post 240-259 tweets from September 1 to September 8, 2026?",elon-musk-of-tweets-september-1-september-8-2026-240-259,2026-09-08T16:00:00Z,Yes,0.0075,No,0.9925,56280.709107,115437.09426999997,10311.10037
2026-09-07T23:50:40+00:00,2026-09-07,4312498,US Open ATP: Frances Tiafoe vs Alex Michelsen,atp-tiafoe-michels-2026-09-08,2026-09-15T15:30:00Z,Frances Tiafoe,0.585,Alex Michelsen,0.415,55469.610935,55469.610934999975,153821.7041
2026-09-07T23:50:40+00:00,2026-09-07,4153898,Sher-E-Punjab T20: Jalandhar Warriors vs Amritsar Soormas,cricsherepunjab-jal-amr-2026-09-07,2026-09-14T09:30:00Z,Jalandhar Warriors,0.475,Amritsar Soormas,0.525,54122.48553699998,54122.485536999964,14880.9372
2026-09-07T23:50:40+00:00,2026-09-07,601835,Will Pablo Marçal win the 2026 Brazilian presidential election?,will-pablo-marcal-win-the-2026-brazilian-presidential-election,2026-10-04T00:00:00Z,Yes,0.0015,No,0.9985,53746.679,3837464.827228,296407.57904
2026-09-07T23:50:40+00:00,2026-09-07,4315297,Washington Nationals vs. San Diego Padres: O/U 7.5,mlb-wsh-sd-2026-09-07-total-7pt5,2026-09-07T21:10:00Z,Over,0.0005,Under,0.9995,53476.31907899999,53476.319079000015,98247.17873
2026-09-07T23:50:40+00:00,2026-09-07,559672,Will Roy Cooper win the 2028 Democratic presidential nomination?,will-roy-cooper-win-the-2028-democratic-presidential-nomination-286,2028-11-07T00:00:00Z,Yes,0.0015,No,0.9985,53206.383,31507694.363225993,1769138.35511
2026-09-07T23:50:40+00:00,2026-09-07,3399203,Russia Elections: Yabloko Clears Duma Threshold?,russia-elections-yabloko-clears-duma-threshold,2026-09-20T23:59:00Z,Yes,0.007,No,0.993,52733.233773,551037.2774750001,158123.24378
2026-09-07T23:50:40+00:00,2026-09-07,559684,Will Chelsea Clinton win the 2028 Democratic presidential nomination?,will-chelsea-clinton-win-the-2028-democratic-presidential-nomination,2028-11-07T00:00:00Z,Yes,0.0065,No,0.9935,52492.205083,50425533.28455303,685309.62575
2026-09-07T23:50:40+00:00,2026-09-07,2822005,"Putin out as President of Russia by September 30, 2026?",putin-out-as-president-of-russia-by-september-30-2026,2026-10-01T03:59:00Z,Yes,0.0085,No,0.9915,52369.939055,1154087.4892480003,122321.87665
2026-09-07T23:50:40+00:00,2026-09-07,1088659,Will Qinwen Zheng win the 2026 Women’s US Open?,will-qinwen-zheng-win-the-2026-womens-us-open,2026-09-13T00:00:00Z,Yes,0.0415,No,0.9585,52126.714025999994,414080.5495439999,32855.05404
2026-09-07T23:50:40+00:00,2026-09-07,3865961,"Will Bitcoin dip to $75,000 by December 31, 2026?",will-bitcoin-dip-to-75000-by-december-31-2026-from-august-24,2027-01-01T05:00:00Z,Yes,0.77,No,0.23,51491.91696200001,200872.90383799997,49261.4435
2026-09-07T23:50:40+00:00,2026-09-07,561258,Will Jamie Dimon win the 2028 US Presidential Election?,will-jamie-dimon-win-the-2028-us-presidential-election,2028-11-07T00:00:00Z,Yes,0.0055,No,0.9945,51310.790281,10941444.610524004,780340.13272
2026-09-07T23:50:40+00:00,2026-09-07,3702042,"US announces end of Iranian blockade by September 14, 2026?",us-announces-end-of-iranian-blockade-by-september-14-2026,2026-09-15T03:59:00Z,Yes,0.0385,No,0.9615,49404.39640100001,1137226.2260520016,96877.47242
2026-09-07T23:50:40+00:00,2026-09-07,1357382,Will the Green Bay Packers win the 2027 NFL league championship?,will-the-green-bay-packers-win-the-2027-nfl-league-championship,2027-03-31T23:55:00Z,Yes,0.0305,No,0.9695,49138.505133,1435213.8168659997,145709.91421
2026-09-07T23:50:40+00:00,2026-09-07,1130016,Will New People (NL) gain the most seats in the next Russian parliamentary election?,will-new-people-nl-gain-the-most-seats-in-the-next-russian-parliamentary-election,2026-09-30T00:00:00Z,Yes,0.2525,No,0.7475,48814.43132499999,2670994.015210001,184412.62327
2026-09-07T23:50:40+00:00,2026-09-07,1193094,Will Magdalena Andersson be the next Prime Minister of Sweden?,will-magdalena-andersson-be-the-next-prime-minister-of-sweden,2026-09-13T00:00:00Z,Yes,0.775,No,0.225,48281.659878,516843.42903800023,74839.4358
2026-09-07T23:50:40+00:00,2026-09-07,608565,Will Lionel Messi win the 2026 Ballon d'Or?,will-lionel-messi-win-the-2026-ballon-dor,2026-10-31T00:00:00Z,Yes,0.0225,No,0.9775,48273.178792,2332844.3789789993,191967.52389
2026-09-07T23:50:40+00:00,2026-09-07,3270651,Will Llaneros FC win on 2026-08-14?,col1-llf-cdt-2026-08-14-llf,2026-09-07T23:00:00Z,Yes,0.26,No,0.74,47183.603678,50302.05489099997,27398.727
2026-09-07T23:55:43+00:00,2026-09-07,4284482,US Open ATP: Karen Khachanov vs Learner Tien,atp-khachan-tien-2026-09-07,2026-09-14T15:00:00Z,Karen Khachanov,0.265,Learner Tien,0.735,2218360.1229259996,2225298.3562979996,197868.3385
2026-09-07T23:55:43+00:00,2026-09-07,4276667,US Open ATP: Arthur Gea vs Botic van de Zandschulp,atp-gea-zandsch-2026-09-07,2026-09-14T15:00:00Z,Arthur Gea,0.665,Botic van de Zandschulp,0.335,1614808.9784980018,1620788.4409109976,292077.7801
2026-09-07T23:55:43+00:00,2026-09-07,2252243,Will the Fed decrease interest rates by 25 bps after the September 2026 meeting?,will-the-fed-decrease-interest-rates-by-25-bps-after-the-september-2026-meeting-586,2026-09-16T00:00:00Z,Yes,0.0045,No,0.9955,1169298.130666,32131441.825982995,2231311.35994
2026-09-07T23:55:43+00:00,2026-09-07,3701690,Israel closes its airspace by September 30?,israel-closes-its-airspace-by-september-30,2026-10-01T03:59:00Z,Yes,0.959,No,0.041,823260.3642480001,2093484.3590759998,285083.63264
2026-09-07T23:55:43+00:00,2026-09-07,2252244,Will there be no change in Fed interest rates after the September 2026 meeting?,will-there-be-no-change-in-fed-interest-rates-after-the-september-2026-meeting-615,2026-09-16T00:00:00Z,Yes,0.475,No,0.525,700390.8540690006,24083928.1763122,721970.1519
2026-09-07T23:55:43+00:00,2026-09-07,4284480,US Open ATP: Alexander Zverev vs Luciano Darderi,atp-zverev-darderi-2026-09-07,2026-09-14T15:00:00Z,Alexander Zverev,0.885,Luciano Darderi,0.115,698495.6743799996,724366.0901239999,1017317.1436
2026-09-07T23:55:43+00:00,2026-09-07,4293939,LoL: Invictus Gaming vs LGD Gaming (BO5) - LPL Playoffs,lol-ig1-lgd-2026-09-08,2026-09-08T15:00:00Z,Invictus Gaming,0.625,LGD Gaming,0.375,685574.767383,693216.4733439999,294368.1045
2026-09-07T23:55:43+00:00,2026-09-07,3889718,SMU vs. Florida State,cfb-smu-flst-2026-09-07,2026-09-07T23:30:00Z,SMU,0.575,Florida State,0.425,458087.7196959999,464873.48654700007,496553.6804
2026-09-07T23:55:43+00:00,2026-09-07,2252245,Will the Fed increase interest rates by 25 bps after the September 2026 meeting?,will-the-fed-increase-interest-rates-by-25-bps-after-the-september-2026-meeting-649,2026-09-16T00:00:00Z,Yes,0.515,No,0.485,444707.62759200006,19127930.09951506,672301.9222
2026-09-07T23:55:43+00:00,2026-09-07,4273954,US Open WTA: Iva Jovic vs Coco Gauff,wta-jovic-gauff-2026-09-07,2026-09-14T15:00:00Z,Iva Jovic,0.075,Coco Gauff,0.925,428670.9609810002,430504.5378180001,281290.9047
2026-09-07T23:55:43+00:00,2026-09-07,2772194,Will Shakhtar Donetsk win the 2026-27 UEFA Champions League Championship?,will-shakhtar-donetsk-win-the-2026-27-uefa-champions-league-championship-20260701202025578,2027-05-30T23:59:00Z,Yes,0.0015,No,0.9985,415668.726,14680393.948,330571.45944
2026-09-07T23:55:43+00:00,2026-09-07,4059449,Washington Nationals vs. San Diego Padres,mlb-wsh-sd-2026-09-07,2026-09-14T21:10:00Z,Washington Nationals,0.0005,San Diego Padres,0.9995,341149.91884699994,341426.52884699986,382885.37272
2026-09-07T23:55:43+00:00,2026-09-07,4322646,US Open ATP: Ben Shelton vs Carlos Alcaraz,atp-shelton-alcaraz-2026-09-08,2026-09-15T15:30:00Z,Ben Shelton,0.215,Carlos Alcaraz,0.785,332983.611568,332981.1115680001,189073.9876
2026-09-07T23:55:43+00:00,2026-09-07,4059453,Cincinnati Reds vs. Los Angeles Dodgers,mlb-cin-lad-2026-09-07,2026-09-15T01:10:00Z,Cincinnati Reds,0.375,Los Angeles Dodgers,0.625,322599.452149,322944.1707980004,553765.0301
2026-09-07T23:55:43+00:00,2026-09-07,3994365,Counter-Strike: Alliance vs FaZe (BO3) - FISSURE PLAYGROUND Group B,cs2-all-faze-2026-09-08,2026-09-08T12:00:00Z,Alliance,0.255,FaZe,0.745,311630.6100990002,313042.0313559998,38077.9452
2026-09-07T23:55:43+00:00,2026-09-07,2252246,Will the Fed increase interest rates by 50+ bps after the September 2026 meeting?,will-the-fed-increase-interest-rates-by-50-bps-after-the-september-2026-meeting-664,2026-09-16T00:00:00Z,Yes,0.0055,No,0.9945,269136.223328,13857786.563972013,1120199.77688
2026-09-07T23:55:43+00:00,2026-09-07,2252242,Will the Fed decrease interest rates by 50+ bps after the September 2026 meeting?,will-the-fed-decrease-interest-rates-by-50-bps-after-the-september-2026-meeting-863,2026-09-16T00:00:00Z,Yes,0.0015,No,0.9985,261453.89900000006,13775977.645785,1018188.87819
2026-09-07T23:55:43+00:00,2026-09-07,3883286,Will EC Vitória win on 2026-09-07?,bra-vit-gre-2026-09-07-vit,2026-09-07T23:00:00Z,Yes,0.405,No,0.595,230373.91688899984,230394.91688899987,48443.0559
2026-09-07T23:55:43+00:00,2026-09-07,3994353,Counter-Strike: Legacy vs magic (BO3) - FISSURE PLAYGROUND Group B,cs2-lgc-mgc-2026-09-07,2026-09-08T09:00:00Z,Legacy,0.685,magic,0.315,225628.13182999994,231678.42674200007,92060.1158
2026-09-07T23:55:43+00:00,2026-09-07,4059455,Toronto Blue Jays vs. Athletics,mlb-tor-oak-2026-09-07,2026-09-15T02:05:00Z,Toronto Blue Jays,0.645,Athletics,0.355,225250.77463099998,225441.15905599995,515260.1354
2026-09-07T23:55:43+00:00,2026-09-07,4006138,Will AA Argentinos Juniors win on 2026-09-07?,arg-bar-aaj-2026-09-07-aaj,2026-09-07T22:00:00Z,Yes,0.005,No,0.995,214921.17487200006,214464.05292899994,115424.7868
2026-09-07T23:55:43+00:00,2026-09-07,3994361,Counter-Strike: MIBR vs TheMongolz (BO3) - FISSURE PLAYGROUND Group A,cs2-mibr-mglz-2026-09-08,2026-09-08T12:00:00Z,MIBR,0.475,TheMongolz,0.525,211674.93409799994,224691.03269100003,146635.2306
2026-09-07T23:55:43+00:00,2026-09-07,1088472,Will Carlos Alcaraz win the 2026 Men's US Open?,will-carlos-alcaraz-win-the-2026-mens-us-open,2026-09-13T00:00:00Z,Yes,0.575,No,0.425,204459.74425099997,2159795.604745997,85536.6385
2026-09-07T23:55:43+00:00,2026-09-07,4320098,Barranquilla: Katrina Scott vs Varvara Lepchenko,wta-scott-lepchen-2026-09-07,2026-09-14T19:00:00Z,Katrina Scott,0.0005,Varvara Lepchenko,0.9995,185382.59291500002,185382.592915,199242.95242
2026-09-07T23:55:43+00:00,2026-09-07,3889719,Spread: SMU (-2.5),cfb-smu-flst-2026-09-07-spread-away-2pt5,2026-09-07T23:30:00Z,SMU,0.525,Florida State,0.475,162587.65174500004,162827.20353600002,165616.5369
2026-09-07T23:55:43+00:00,2026-09-07,3866000,"Will Ethereum dip to $2,250 by December 31, 2026?",will-ethereum-dip-to-2250-by-december-31-2026,2027-01-01T05:00:00Z,Yes,0.545,No,0.455,161604.81382799998,411424.9232509999,52920.6327
2026-09-07T23:55:43+00:00,2026-09-07,3977525,Will Real Madrid CF win on 2026-09-08?,ucl-rma-int-2026-09-08-rma,2026-09-08T19:00:00Z,Yes,0.595,No,0.405,154803.94965099994,168756.17187099997,304081.5457
2026-09-07T23:55:43+00:00,2026-09-07,4315255,Washington Nationals vs. San Diego Padres: O/U 8.5,mlb-wsh-sd-2026-09-07-total-8pt5,2026-09-07T21:10:00Z,Over,0.0005,Under,0.9995,140294.818388,140294.81838799999,88948.73769
2026-09-07T23:55:43+00:00,2026-09-07,2696747,"US-Iran Final Nuclear Deal by December 31, 2026?",us-iran-final-nuclear-deal-by-december-31-2026-191,2027-01-01T04:59:00Z,Yes,0.095,No,0.905,140186.64525499998,2566668.757101,271019.0418
2026-09-07T23:55:43+00:00,2026-09-07,3501952,Strait of Hormuz traffic returns to normal by September 15?,strait-of-hormuz-traffic-returns-to-normal-by-september-15-20260810150912478,2026-09-15T00:00:00Z,Yes,0.0035,No,0.9965,138403.87068900003,1637885.0030059998,269329.88631
2026-09-07T23:55:43+00:00,2026-09-07,562002,Will Erika Kirk win the 2028 Republican presidential nomination?,will-erika-kirk-win-the-2028-republican-presidential-nomination,2028-11-07T00:00:00Z,Yes,0.0015,No,0.9985,138256.629,18873076.026152004,2103422.78643
2026-09-07T23:55:43+00:00,2026-09-07,560317,"Putin out as President of Russia by December 31, 2026?",putin-out-before-2027-346,2027-01-01T04:59:00Z,Yes,0.075,No,0.925,136747.53450500002,20173993.30206398,657027.6102
2026-09-07T23:55:43+00:00,2026-09-07,4061218,"Will the price of Bitcoin be above $72,000 on September 8?",bitcoin-above-72k-on-september-8-2026,2026-09-08T16:00:00Z,Yes,0.9995,No,0.0005,124093.56791700001,132132.94507199997,45321.28466
2026-09-07T23:55:43+00:00,2026-09-07,4254036,LoL: Eintracht Frankfurt vs All for One Gaming (BO5) - Prime League 1st Division Promotion Playoffs,lol-sge-aog-2026-09-07,2026-09-07T22:00:00Z,Eintracht Frankfurt,0.9995,All for One Gaming,0.0005,104725.53565600001,104725.53565600004,93664.31335
2026-09-07T23:55:43+00:00,2026-09-07,4318166,Map Handicap: 9z (-1.5) vs 5star (+1.5),cs2-9z-5s-2026-09-07-map-handicap-away-1pt5,2026-09-08T09:00:00Z,9z,0.735,5star,0.265,104192.45889600003,104192.45889599998,40440.5334
2026-09-07T23:55:43+00:00,2026-09-07,3399458,Israel x Iran ceasefire continues through September 30?,israel-x-iran-ceasefire-continues-through-september-30,2026-09-30T20:29:00Z,Yes,0.875,No,0.125,100037.661653,1394724.3737600008,76504.0037
2026-09-07T23:55:43+00:00,2026-09-07,3702025,"US announces end of Iranian blockade by September 7, 2026?",us-announces-end-of-iranian-blockade-by-september-7-2026,2026-09-08T03:59:00Z,Yes,0.0015,No,0.9985,98012.02937600003,1732335.1485849984,112152.65073
2026-09-07T23:55:43+00:00,2026-09-07,3965779,"Will Elon Musk post 180-199 tweets from September 1 to September 8, 2026?",elon-musk-of-tweets-september-1-september-8-2026-180-199,2026-09-08T16:00:00Z,Yes,0.205,No,0.795,94513.27832999999,213989.82247899997,8930.55307
2026-09-07T23:55:43+00:00,2026-09-07,559682,Will Hunter Biden win the 2028 Democratic presidential nomination?,will-person-a-win-the-2028-democratic-presidential-nomination,2028-11-07T00:00:00Z,Yes,0.005,No,0.995,89467.93826100002,44335688.341223046,1160416.22943
2026-09-07T23:55:43+00:00,2026-09-07,4325753,Map Handicap: FaZe (-1.5) vs Alliance (+1.5),cs2-all-faze-2026-09-08-map-handicap-home-1pt5,2026-09-08T12:00:00Z,FaZe,0.445,Alliance,0.555,89214.28615000003,89214.28615000003,51332.0723
2026-09-07T23:55:43+00:00,2026-09-07,3977548,Will Arsenal FC win on 2026-09-09?,ucl-nap-ars-2026-09-09-ars,2026-09-09T19:00:00Z,Yes,0.555,No,0.445,86552.38529100003,95425.04661500004,232916.7462
2026-09-07T23:55:43+00:00,2026-09-07,601836,Will Augusto Cury win the 2026 Brazilian presidential election?,will-augusto-cury-win-the-2026-brazilian-presidential-election,2026-10-04T00:00:00Z,Yes,0.0135,No,0.9865,83936.04053599999,4269944.723153004,347866.25832
2026-09-07T23:55:43+00:00,2026-09-07,1088498,Will Luciano Darderi win the 2026 Men's US Open?,will-luciano-darderi-win-the-2026-mens-us-open,2026-09-13T00:00:00Z,Yes,0.0025,No,0.9975,83916.180332,347833.473831,76894.97259
2026-09-07T23:55:43+00:00,2026-09-07,682715,Will Yariv Levin be the next Prime Minister of Israel?,will-yariv-levin-be-the-next-prime-minister-of-israel,2026-12-31T00:00:00Z,Yes,0.0015,No,0.9985,83465.659,1813613.4900680005,114140.04767
2026-09-07T23:55:43+00:00,2026-09-07,561243,Will Donald Trump win the 2028 US Presidential Election?,will-donald-trump-win-the-2028-us-presidential-election,2028-11-07T00:00:00Z,Yes,0.0195,No,0.9805,82877.25763,10146321.516091976,587347.44821
2026-09-07T23:55:43+00:00,2026-09-07,1163699,Clarity Act (H.R.3633) signed into law in 2026?,clarity-act-signed-into-law-in-2026,2027-01-01T05:00:00Z,Yes,0.165,No,0.835,82778.20093300001,14201149.196806008,283206.482
2026-09-07T23:55:43+00:00,2026-09-07,4318175,Map Handicap: LGC (-1.5) vs magic (+1.5),cs2-lgc-mgc-2026-09-07-map-handicap-away-1pt5,2026-09-08T09:00:00Z,Legacy,0.385,magic,0.615,80659.55009299997,80659.55009299998,62231.2221
2026-09-07T23:55:43+00:00,2026-09-07,601819,Will Luiz Inácio Lula da Silva win the 2026 Brazilian presidential election?,will-luiz-incio-lula-da-silva-win-the-2026-brazilian-presidential-election,2026-10-04T00:00:00Z,Yes,0.585,No,0.415,78471.43366500002,9927879.77466299,291620.9609
2026-09-07T23:55:43+00:00,2026-09-07,4268775,Seville: Gilles Arnaud Bailly vs Calvin Hemery,atp-bailly-hemery-2026-09-07,2026-09-14T09:00:00Z,Gilles Arnaud Bailly,0.0005,Calvin Hemery,0.9995,77333.85445800002,77366.27554600002,32826.37364
2026-09-07T23:55:43+00:00,2026-09-07,3399468,Israel x Iran ceasefire continues through December 31?,israel-x-iran-ceasefire-continues-through-december-31-415,2026-12-31T20:29:00Z,Yes,0.635,No,0.365,73434.94709300001,439951.43229100003,101208.3742
2026-09-07T23:55:43+00:00,2026-09-07,676743,Will Tesla be the largest company in the world by market cap on December 31?,will-tesla-be-the-largest-company-in-the-world-by-market-cap-on-december-31-139,2026-12-31T00:00:00Z,Yes,0.0015,No,0.9985,72194.071,825331.827857,291901.11863
2026-09-07T23:55:43+00:00,2026-09-07,4049399,Italy vs. China,bkfibaw-ita-chi-2026-09-07,2026-09-14T18:45:00Z,Italy,0.0005,China,0.9995,71797.78392500003,78708.046117,96052.51147
2026-09-07T23:55:43+00:00,2026-09-07,4115723,LoL: INTZ e-Sports vs KaBuM! Ilha das Lendas - Game 3 Winner,lol-itz-kbm-2026-09-07-game3,2026-09-08T01:00:00Z,INTZ e-Sports,0.0005,KaBuM! Ilha das Lendas,0.9995,71122.032513,71122.03251300001,168027.49989
2026-09-07T23:55:43+00:00,2026-09-07,3965782,"Will Elon Musk post 200-219 tweets from September 1 to September 8, 2026?",elon-musk-of-tweets-september-1-september-8-2026-200-219,2026-09-08T16:00:00Z,Yes,0.68,No,0.32,69029.89691699993,130429.3412979999,4851.7651
2026-09-07T23:55:43+00:00,2026-09-07,4051221,LoL: Dplus KIA Challengers vs Nongshim Esports Academy (BO5) - LCK Challengers League Playoffs,lol-dkc-nsea-2026-09-08,2026-09-08T14:00:00Z,Dplus KIA Challengers,0.495,Nongshim Esports Academy,0.505,67356.562462,68290.86894999999,49199.0764
2026-09-07T23:55:43+00:00,2026-09-07,665513,Friedrich Merz out as Chancellor of Germany before 2027?,friedrich-merz-out-as-chancellor-of-germany-before-2027,2027-01-01T04:59:00Z,Yes,0.145,No,0.855,67112.06395199998,824011.46646,82139.7254
2026-09-07T23:55:43+00:00,2026-09-07,559671,Will Zohran Mamdani win the 2028 Democratic presidential nomination?,will-zohran-mamdani-win-the-2028-democratic-presidential-nomination-445,2028-11-07T00:00:00Z,Yes,0.0025,No,0.9975,66973.63249999999,38926756.20371007,2549002.51747
2026-09-07T23:55:43+00:00,2026-09-07,4035739,Spread: SMU (-3.5),cfb-smu-flst-2026-09-07-spread-away-3pt5,2026-09-07T23:30:00Z,SMU,0.435,Florida State,0.565,66740.047852,67353.240865,137460.3795
2026-09-07T23:55:43+00:00,2026-09-07,4061229,"Will the price of Bitcoin be above $82,000 on September 8?",bitcoin-above-82k-on-september-8-2026,2026-09-08T16:00:00Z,Yes,0.013,No,0.987,66000.29938600001,76615.03082199999,36049.79624
2026-09-07T23:55:43+00:00,2026-09-07,1130013,Will the Communist Party of the Russian Federation (KPRF) gain the most seats in the next Russian parliamentary election?,will-the-communist-party-of-the-russian-federation-kprf-gain-the-most-seats-in-the-next-russian-parliamentary-election,2026-09-30T00:00:00Z,Yes,0.0155,No,0.9845,64805.81402900001,1776051.306804,189027.4333
2026-09-07T23:55:43+00:00,2026-09-07,562000,Will Rand Paul win the 2028 Republican presidential nomination?,will-rand-paul-win-the-2028-republican-presidential-nomination,2028-11-07T00:00:00Z,Yes,0.0025,No,0.9975,64157.9745,19474441.66630099,1487154.72115
2026-09-07T23:55:43+00:00,2026-09-07,4174612,Trump out as President by September 30?,dtrump-out-as-president-by-september-30,2026-10-01T03:59:00Z,Yes,0.008,No,0.992,63447.96442600001,343883.2872810002,233197.64434
2026-09-07T23:55:43+00:00,2026-09-07,4323123,Map Handicap: MGLZ (-1.5) vs MIBR (+1.5),cs2-mibr-mglz-2026-09-08-map-handicap-home-1pt5,2026-09-08T12:00:00Z,TheMongolz,0.265,MIBR,0.735,63378.24928399999,63378.24928400001,39600.1389
2026-09-07T23:55:43+00:00,2026-09-07,3561916,Sweden Parliamentary Election: Liberals Win Seats?,sweden-parliamentary-election-liberals-win-seats-20260812164320900,2026-09-13T00:00:00Z,Yes,0.6,No,0.4,63372.113271999995,151389.38128899998,26500.5612
2026-09-07T23:55:43+00:00,2026-09-07,3965785,"Will Elon Musk post 220-239 tweets from September 1 to September 8, 2026?",elon-musk-of-tweets-september-1-september-8-2026-220-239,2026-09-08T16:00:00Z,Yes,0.115,No,0.885,63058.80212699999,126896.19259200004,4936.1267
2026-09-07T23:55:43+00:00,2026-09-07,1357385,Will the Jacksonville Jaguars win the 2027 NFL league championship?,will-the-jacksonville-jaguars-win-the-2027-nfl-league-championship,2027-03-31T23:55:00Z,Yes,0.0235,No,0.9765,63010.537652,1434022.981287,105804.64217
2026-09-07T23:55:43+00:00,2026-09-07,3994357,Counter-Strike: GamerLegion vs FURIA (BO3) - FISSURE PLAYGROUND Group B,cs2-gl1-furia-2026-09-08,2026-09-08T18:00:00Z,GamerLegion,0.145,FURIA,0.855,62359.77208300001,63033.574031000004,108620.4285
2026-09-07T23:55:43+00:00,2026-09-07,3128886,"US announces end of Iranian blockade by December 31, 2026?",us-announces-end-of-iranian-blockade-by-december-31-2026-20260727171803489-375-949-645-919-269-157-255-857,2027-01-01T04:59:00Z,Yes,0.582,No,0.418,62257.470235,1432549.0020529996,197641.63822
2026-09-07T23:55:43+00:00,2026-09-07,4052438,"Will Bitcoin dip to $55,000 in September?",will-bitcoin-dip-to-55k-in-september-2026,2026-10-01T04:00:00Z,Yes,0.0175,No,0.9825,61299.37137699999,355731.099855,101744.87015
2026-09-07T23:55:43+00:00,2026-09-07,601826,Will Flávio Bolsonaro win the 2026 Brazilian presidential election?,will-flvio-bolsonaro-win-the-2026-brazilian-presidential-election,2026-10-04T00:00:00Z,Yes,0.3985,No,0.6015,61119.73526000001,9836824.205285,249719.35038
2026-09-07T23:55:43+00:00,2026-09-07,561993,Will John Thune win the 2028 Republican presidential nomination?,will-john-thune-win-the-2028-republican-presidential-nomination,2028-11-07T00:00:00Z,Yes,0.0005,No,0.9995,59824.584,38162682.12550199,2138653.38874
2026-09-07T23:55:43+00:00,2026-09-07,562802,Will the Democratic Party control the House after the 2026 Midterm elections?,will-the-democratic-party-control-the-house-after-the-2026-midterm-elections,2026-11-03T00:00:00Z,Yes,0.865,No,0.135,58783.98740700001,5822333.613058002,493543.3564
2026-09-07T23:55:43+00:00,2026-09-07,4293944,Game Handicap: IG (-1.5) vs LGD Gaming (+1.5),lol-ig1-lgd-2026-09-08-game-handicap-away-1pt5,2026-09-08T15:00:00Z,Invictus Gaming,0.425,LGD Gaming,0.575,58783.485587,61336.33116000001,114408.8471
2026-09-07T23:55:43+00:00,2026-09-07,4095052,US x Iran Effective Ceasefire by September 4?,us-x-iran-effective-ceasefire-by-september-4,2026-09-04T23:59:00Z,Yes,0.595,No,0.405,58755.192473,485797.5829569995,49421.5656
2026-09-07T23:55:43+00:00,2026-09-07,4239167,Will the highest temperature in Hong Kong be 30°C on September 7?,highest-temperature-in-hong-kong-on-september-7-2026-30c,2026-09-07T12:00:00Z,Yes,0.9995,No,0.0005,58168.734416,60035.169609,27798.61353
2026-09-07T23:55:43+00:00,2026-09-07,4049380,Japan vs. Spain,bkfibaw-jap-spa-2026-09-07,2026-09-14T15:50:00Z,Japan,0.0005,Spain,0.9995,58110.993623999995,58800.291787,69471.94664
2026-09-07T23:55:43+00:00,2026-09-07,4196527,Counter-Strike: 9z vs 5star (BO3) - FISSURE PLAYGROUND Group A,cs2-9z-5s-2026-09-07,2026-09-08T09:00:00Z,9z,0.925,5star,0.075,58087.415491,59064.44924599997,38736.4877
2026-09-07T23:55:43+00:00,2026-09-07,1088476,Will Ben Shelton win the 2026 Men's US Open?,will-ben-shelton-win-the-2026-mens-us-open,2026-09-13T00:00:00Z,Yes,0.0865,No,0.9135,57970.411898,786725.967467,59921.86367
2026-09-07T23:55:43+00:00,2026-09-07,4061223,"Will the price of Bitcoin be above $76,000 on September 8?",bitcoin-above-76k-on-september-8-2026,2026-09-08T16:00:00Z,Yes,0.9845,No,0.0155,57939.15436200001,74110.99456299997,35692.27093
2026-09-07T23:55:43+00:00,2026-09-07,679044,Will Jean Castex win the 2027 French presidential election?,will-jean-castex-win-the-2027-french-presidential-election,2027-04-30T00:00:00Z,Yes,0.0025,No,0.9975,57902.626,1585348.5728839994,106113.8617
2026-09-07T23:55:43+00:00,2026-09-07,608551,Will Michael Olise win the 2026 Ballon d'Or?,will-michael-olise-win-the-2026-ballon-dor,2026-10-31T00:00:00Z,Yes,0.0025,No,0.9975,57794.97,1462538.721432,399615.20987
2026-09-07T23:55:43+00:00,2026-09-07,4319475,"Will Bitcoin dip to $78,000 on September 7?",will-bitcoin-dip-to-78k-on-september-7-2026,2026-09-08T04:00:00Z,Yes,0.0365,No,0.9635,57593.77496799999,57593.774968,19076.21348
2026-09-07T23:55:43+00:00,2026-09-07,3965788,"Will Elon Musk post 240-259 tweets from September 1 to September 8, 2026?",elon-musk-of-tweets-september-1-september-8-2026-240-259,2026-09-08T16:00:00Z,Yes,0.0065,No,0.9935,56645.41813800002,116184.87022299998,10309.578
2026-09-07T23:55:43+00:00,2026-09-07,4312498,US Open ATP: Frances Tiafoe vs Alex Michelsen,atp-tiafoe-michels-2026-09-08,2026-09-15T15:30:00Z,Frances Tiafoe,0.585,Alex Michelsen,0.415,55469.610935,55469.610934999975,153754.7041
2026-09-07T23:55:43+00:00,2026-09-07,4153898,Sher-E-Punjab T20: Jalandhar Warriors vs Amritsar Soormas,cricsherepunjab-jal-amr-2026-09-07,2026-09-14T09:30:00Z,Jalandhar Warriors,0.475,Amritsar Soormas,0.525,54122.48553699997,54122.485536999964,14829.1772
2026-09-07T23:55:43+00:00,2026-09-07,601835,Will Pablo Marçal win the 2026 Brazilian presidential election?,will-pablo-marcal-win-the-2026-brazilian-presidential-election,2026-10-04T00:00:00Z,Yes,0.0015,No,0.9985,53746.679000000004,3837464.827228,297807.97904
2026-09-07T23:55:43+00:00,2026-09-07,4315297,Washington Nationals vs. San Diego Padres: O/U 7.5,mlb-wsh-sd-2026-09-07-total-7pt5,2026-09-07T21:10:00Z,Over,0.0005,Under,0.9995,53551.78907899999,53551.78907900002,92948.9749
2026-09-07T23:55:43+00:00,2026-09-07,559672,Will Roy Cooper win the 2028 Democratic presidential nomination?,will-roy-cooper-win-the-2028-democratic-presidential-nomination-286,2028-11-07T00:00:00Z,Yes,0.0015,No,0.9985,53205.924,31507695.444225993,1769143.65511
2026-09-07T23:55:43+00:00,2026-09-07,3399203,Russia Elections: Yabloko Clears Duma Threshold?,russia-elections-yabloko-clears-duma-threshold,2026-09-20T23:59:00Z,Yes,0.007,No,0.993,52733.233773,551037.277475,158323.18378
2026-09-07T23:55:43+00:00,2026-09-07,559684,Will Chelsea Clinton win the 2028 Democratic presidential nomination?,will-chelsea-clinton-win-the-2028-democratic-presidential-nomination,2028-11-07T00:00:00Z,Yes,0.0065,No,0.9935,52491.023083,50425533.28455299,685309.62575
2026-09-07T23:55:43+00:00,2026-09-07,2822005,"Putin out as President of Russia by September 30, 2026?",putin-out-as-president-of-russia-by-september-30-2026,2026-10-01T03:59:00Z,Yes,0.0085,No,0.9915,52369.939055,1154087.4892480003,121722.07665
2026-09-07T23:55:43+00:00,2026-09-07,1088659,Will Qinwen Zheng win the 2026 Women’s US Open?,will-qinwen-zheng-win-the-2026-womens-us-open,2026-09-13T00:00:00Z,Yes,0.0415,No,0.9585,52126.714025999994,414080.54954399995,31479.14987
2026-09-07T23:55:43+00:00,2026-09-07,3865961,"Will Bitcoin dip to $75,000 by December 31, 2026?",will-bitcoin-dip-to-75000-by-december-31-2026-from-august-24,2027-01-01T05:00:00Z,Yes,0.77,No,0.23,51459.446962,200872.90383799997,49261.4435
2026-09-07T23:55:43+00:00,2026-09-07,561258,Will Jamie Dimon win the 2028 US Presidential Election?,will-jamie-dimon-win-the-2028-us-presidential-election,2028-11-07T00:00:00Z,Yes,0.0055,No,0.9945,51313.091681,10941446.911924005,780341.75972
2026-09-07T23:55:43+00:00,2026-09-07,3702042,"US announces end of Iranian blockade by September 14, 2026?",us-announces-end-of-iranian-blockade-by-september-14-2026,2026-09-15T03:59:00Z,Yes,0.0385,No,0.9615,49411.45766800001,1137233.2873190015,96492.79673
2026-09-07T23:55:43+00:00,2026-09-07,1357382,Will the Green Bay Packers win the 2027 NFL league championship?,will-the-green-bay-packers-win-the-2027-nfl-league-championship,2027-03-31T23:55:00Z,Yes,0.0305,No,0.9695,49397.505133,1435472.8168660006,145833.0307
2026-09-07T23:55:43+00:00,2026-09-07,1130016,Will New People (NL) gain the most seats in the next Russian parliamentary election?,will-new-people-nl-gain-the-most-seats-in-the-next-russian-parliamentary-election,2026-09-30T00:00:00Z,Yes,0.2525,No,0.7475,48814.431325000005,2670994.01521,184700.42927
2026-09-07T23:55:43+00:00,2026-09-07,1193094,Will Magdalena Andersson be the next Prime Minister of Sweden?,will-magdalena-andersson-be-the-next-prime-minister-of-sweden,2026-09-13T00:00:00Z,Yes,0.775,No,0.225,48281.659878,516843.42903800047,75295.6153
2026-09-07T23:55:43+00:00,2026-09-07,608565,Will Lionel Messi win the 2026 Ballon d'Or?,will-lionel-messi-win-the-2026-ballon-dor,2026-10-31T00:00:00Z,Yes,0.0225,No,0.9775,48273.178792,2332844.3789790007,191967.52389
2026-09-07T23:55:43+00:00,2026-09-07,3270651,Will Llaneros FC win on 2026-08-14?,col1-llf-cdt-2026-08-14-llf,2026-09-07T23:00:00Z,Yes,0.26,No,0.74,47394.425106999995,50512.87631999998,28851.8855
2026-09-07T23:59:26+00:00,2026-09-07,4284482,US Open ATP: Karen Khachanov vs Learner Tien,atp-khachan-tien-2026-09-07,2026-09-14T15:00:00Z,Karen Khachanov,0.335,Learner Tien,0.665,2218360.1229259996,2225298.3562979996,221806.8033
2026-09-07T23:59:26+00:00,2026-09-07,4276667,US Open ATP: Arthur Gea vs Botic van de Zandschulp,atp-gea-zandsch-2026-09-07,2026-09-14T15:00:00Z,Arthur Gea,0.635,Botic van de Zandschulp,0.365,1614808.9784980018,1620788.4409109976,367332.886
2026-09-07T23:59:26+00:00,2026-09-07,2252243,Will the Fed decrease interest rates by 25 bps after the September 2026 meeting?,will-the-fed-decrease-interest-rates-by-25-bps-after-the-september-2026-meeting-586,2026-09-16T00:00:00Z,Yes,0.0045,No,0.9955,1169298.130666,32131441.825982995,2231332.04819
2026-09-07T23:59:26+00:00,2026-09-07,3701690,Israel closes its airspace by September 30?,israel-closes-its-airspace-by-september-30,2026-10-01T03:59:00Z,Yes,0.959,No,0.041,823260.3642480001,2093484.3590759998,284817.36521
2026-09-07T23:59:26+00:00,2026-09-07,2252244,Will there be no change in Fed interest rates after the September 2026 meeting?,will-there-be-no-change-in-fed-interest-rates-after-the-september-2026-meeting-615,2026-09-16T00:00:00Z,Yes,0.475,No,0.525,700390.8540690006,24083928.1763122,723734.012
2026-09-07T23:59:26+00:00,2026-09-07,4284480,US Open ATP: Alexander Zverev vs Luciano Darderi,atp-zverev-darderi-2026-09-07,2026-09-14T15:00:00Z,Alexander Zverev,0.885,Luciano Darderi,0.115,698495.6743799996,724366.0901239999,1017728.521
2026-09-07T23:59:26+00:00,2026-09-07,4293939,LoL: Invictus Gaming vs LGD Gaming (BO5) - LPL Playoffs,lol-ig1-lgd-2026-09-08,2026-09-08T15:00:00Z,Invictus Gaming,0.625,LGD Gaming,0.375,685574.767383,693216.4733439999,300801.3907
2026-09-07T23:59:26+00:00,2026-09-07,3889718,SMU vs. Florida State,cfb-smu-flst-2026-09-07,2026-09-07T23:30:00Z,SMU,0.575,Florida State,0.425,458087.7196959999,464873.48654700007,679352.4512
2026-09-07T23:59:26+00:00,2026-09-07,2252245,Will the Fed increase interest rates by 25 bps after the September 2026 meeting?,will-the-fed-increase-interest-rates-by-25-bps-after-the-september-2026-meeting-649,2026-09-16T00:00:00Z,Yes,0.515,No,0.485,444707.62759200006,19127930.09951506,672689.857
2026-09-07T23:59:26+00:00,2026-09-07,4273954,US Open WTA: Iva Jovic vs Coco Gauff,wta-jovic-gauff-2026-09-07,2026-09-14T15:00:00Z,Iva Jovic,0.085,Coco Gauff,0.915,428670.9609810002,430504.5378180001,289123.5242
2026-09-07T23:59:26+00:00,2026-09-07,2772194,Will Shakhtar Donetsk win the 2026-27 UEFA Champions League Championship?,will-shakhtar-donetsk-win-the-2026-27-uefa-champions-league-championship-20260701202025578,2027-05-30T23:59:00Z,Yes,0.0015,No,0.9985,415668.726,14680393.948,328726.16944
2026-09-07T23:59:26+00:00,2026-09-07,4322646,US Open ATP: Ben Shelton vs Carlos Alcaraz,atp-shelton-alcaraz-2026-09-08,2026-09-15T15:30:00Z,Ben Shelton,0.215,Carlos Alcaraz,0.785,332983.611568,332981.1115680001,188644.3876
2026-09-07T23:59:26+00:00,2026-09-07,4059453,Cincinnati Reds vs. Los Angeles Dodgers,mlb-cin-lad-2026-09-07,2026-09-15T01:10:00Z,Cincinnati Reds,0.375,Los Angeles Dodgers,0.625,322599.452149,322944.1707980004,551439.3563
2026-09-07T23:59:26+00:00,2026-09-07,3994365,Counter-Strike: Alliance vs FaZe (BO3) - FISSURE PLAYGROUND Group B,cs2-all-faze-2026-09-08,2026-09-08T12:00:00Z,Alliance,0.265,FaZe,0.735,311630.6100990002,313042.0313559998,56632.7626
2026-09-07T23:59:26+00:00,2026-09-07,2252246,Will the Fed increase interest rates by 50+ bps after the September 2026 meeting?,will-the-fed-increase-interest-rates-by-50-bps-after-the-september-2026-meeting-664,2026-09-16T00:00:00Z,Yes,0.0055,No,0.9945,269136.223328,13857786.563972013,1121700.42688
2026-09-07T23:59:26+00:00,2026-09-07,2252242,Will the Fed decrease interest rates by 50+ bps after the September 2026 meeting?,will-the-fed-decrease-interest-rates-by-50-bps-after-the-september-2026-meeting-863,2026-09-16T00:00:00Z,Yes,0.0015,No,0.9985,261453.89900000006,13775977.645785,1017662.70013
2026-09-07T23:59:26+00:00,2026-09-07,3883286,Will EC Vitória win on 2026-09-07?,bra-vit-gre-2026-09-07-vit,2026-09-07T23:00:00Z,Yes,0.415,No,0.585,230373.91688899984,230394.91688899987,49124.5881
2026-09-07T23:59:26+00:00,2026-09-07,3994353,Counter-Strike: Legacy vs magic (BO3) - FISSURE PLAYGROUND Group B,cs2-lgc-mgc-2026-09-07,2026-09-08T09:00:00Z,Legacy,0.685,magic,0.315,225628.13182999994,231678.42674200007,103687.541
2026-09-07T23:59:26+00:00,2026-09-07,4059455,Toronto Blue Jays vs. Athletics,mlb-tor-oak-2026-09-07,2026-09-15T02:05:00Z,Toronto Blue Jays,0.645,Athletics,0.355,225250.77463099998,225441.15905599995,520400.2421
2026-09-07T23:59:26+00:00,2026-09-07,4006138,Will AA Argentinos Juniors win on 2026-09-07?,arg-bar-aaj-2026-09-07-aaj,2026-09-07T22:00:00Z,Yes,0.0005,No,0.9995,214921.17487200006,214464.05292899994,347495.29484
2026-09-07T23:59:26+00:00,2026-09-07,3994361,Counter-Strike: MIBR vs TheMongolz (BO3) - FISSURE PLAYGROUND Group A,cs2-mibr-mglz-2026-09-08,2026-09-08T12:00:00Z,MIBR,0.475,TheMongolz,0.525,211674.93409799994,224691.03269100003,150100.8094
2026-09-07T23:59:26+00:00,2026-09-07,1088472,Will Carlos Alcaraz win the 2026 Men's US Open?,will-carlos-alcaraz-win-the-2026-mens-us-open,2026-09-13T00:00:00Z,Yes,0.58,No,0.42,204459.74425099997,2159795.604745997,86747.514
2026-09-07T23:59:26+00:00,2026-09-07,4320098,Barranquilla: Katrina Scott vs Varvara Lepchenko,wta-scott-lepchen-2026-09-07,2026-09-14T19:00:00Z,Katrina Scott,0.0005,Varvara Lepchenko,0.9995,185382.59291500002,185382.592915,192190.23831
2026-09-07T23:59:26+00:00,2026-09-07,3889719,Spread: SMU (-2.5),cfb-smu-flst-2026-09-07-spread-away-2pt5,2026-09-07T23:30:00Z,SMU,0.525,Florida State,0.475,162587.65174500004,162827.20353600002,167908.5574
2026-09-07T23:59:26+00:00,2026-09-07,3866000,"Will Ethereum dip to $2,250 by December 31, 2026?",will-ethereum-dip-to-2250-by-december-31-2026,2027-01-01T05:00:00Z,Yes,0.545,No,0.455,161604.81382799998,411424.9232509999,52920.6327
2026-09-07T23:59:26+00:00,2026-09-07,3977525,Will Real Madrid CF win on 2026-09-08?,ucl-rma-int-2026-09-08-rma,2026-09-08T19:00:00Z,Yes,0.595,No,0.405,154803.94965099994,168756.17187099997,303087.9084
2026-09-07T23:59:26+00:00,2026-09-07,2696747,"US-Iran Final Nuclear Deal by December 31, 2026?",us-iran-final-nuclear-deal-by-december-31-2026-191,2027-01-01T04:59:00Z,Yes,0.095,No,0.905,140186.64525499998,2566668.757101,271201.944
2026-09-07T23:59:26+00:00,2026-09-07,3501952,Strait of Hormuz traffic returns to normal by September 15?,strait-of-hormuz-traffic-returns-to-normal-by-september-15-20260810150912478,2026-09-15T00:00:00Z,Yes,0.0035,No,0.9965,138403.87068900003,1637885.0030059998,269328.54631
2026-09-07T23:59:26+00:00,2026-09-07,562002,Will Erika Kirk win the 2028 Republican presidential nomination?,will-erika-kirk-win-the-2028-republican-presidential-nomination,2028-11-07T00:00:00Z,Yes,0.0015,No,0.9985,138256.629,18873076.026152004,2104822.58643
2026-09-07T23:59:26+00:00,2026-09-07,560317,"Putin out as President of Russia by December 31, 2026?",putin-out-before-2027-346,2027-01-01T04:59:00Z,Yes,0.075,No,0.925,136747.53450500002,20173993.30206398,647478.7656
2026-09-07T23:59:26+00:00,2026-09-07,4061218,"Will the price of Bitcoin be above $72,000 on September 8?",bitcoin-above-72k-on-september-8-2026,2026-09-08T16:00:00Z,Yes,0.9985,No,0.0015,124093.56791700001,132132.94507199997,49414.62931
2026-09-07T23:59:26+00:00,2026-09-07,4254036,LoL: Eintracht Frankfurt vs All for One Gaming (BO5) - Prime League 1st Division Promotion Playoffs,lol-sge-aog-2026-09-07,2026-09-07T22:00:00Z,Eintracht Frankfurt,0.9995,All for One Gaming,0.0005,104725.53565600001,104725.53565600004,93664.31335
2026-09-07T23:59:26+00:00,2026-09-07,4318166,Map Handicap: 9z (-1.5) vs 5star (+1.5),cs2-9z-5s-2026-09-07-map-handicap-away-1pt5,2026-09-08T09:00:00Z,9z,0.735,5star,0.265,104192.45889600003,104192.45889599998,41561.8136
2026-09-07T23:59:26+00:00,2026-09-07,3399458,Israel x Iran ceasefire continues through September 30?,israel-x-iran-ceasefire-continues-through-september-30,2026-09-30T20:29:00Z,Yes,0.875,No,0.125,100037.661653,1394724.3737600008,77030.5643
2026-09-07T23:59:26+00:00,2026-09-07,3702025,"US announces end of Iranian blockade by September 7, 2026?",us-announces-end-of-iranian-blockade-by-september-7-2026,2026-09-08T03:59:00Z,Yes,0.0015,No,0.9985,98012.02937600003,1732335.1485849984,115883.85279
2026-09-07T23:59:26+00:00,2026-09-07,3965779,"Will Elon Musk post 180-199 tweets from September 1 to September 8, 2026?",elon-musk-of-tweets-september-1-september-8-2026-180-199,2026-09-08T16:00:00Z,Yes,0.209,No,0.791,94513.27832999999,213989.82247899997,10916.68298
2026-09-07T23:59:26+00:00,2026-09-07,559682,Will Hunter Biden win the 2028 Democratic presidential nomination?,will-person-a-win-the-2028-democratic-presidential-nomination,2028-11-07T00:00:00Z,Yes,0.005,No,0.995,89467.93826100002,44335688.341223046,1160749.44243
2026-09-07T23:59:26+00:00,2026-09-07,4325753,Map Handicap: FaZe (-1.5) vs Alliance (+1.5),cs2-all-faze-2026-09-08-map-handicap-home-1pt5,2026-09-08T12:00:00Z,FaZe,0.445,Alliance,0.555,89214.28615000003,89214.28615000003,52489.0934
2026-09-07T23:59:26+00:00,2026-09-07,3977548,Will Arsenal FC win on 2026-09-09?,ucl-nap-ars-2026-09-09-ars,2026-09-09T19:00:00Z,Yes,0.555,No,0.445,86552.38529100003,95425.04661500004,237857.0301
2026-09-07T23:59:26+00:00,2026-09-07,601836,Will Augusto Cury win the 2026 Brazilian presidential election?,will-augusto-cury-win-the-2026-brazilian-presidential-election,2026-10-04T00:00:00Z,Yes,0.0135,No,0.9865,83936.04053599999,4269944.723153004,347804.39232
2026-09-07T23:59:26+00:00,2026-09-07,1088498,Will Luciano Darderi win the 2026 Men's US Open?,will-luciano-darderi-win-the-2026-mens-us-open,2026-09-13T00:00:00Z,Yes,0.0025,No,0.9975,83916.180332,347833.473831,78186.45459
2026-09-07T23:59:26+00:00,2026-09-07,682715,Will Yariv Levin be the next Prime Minister of Israel?,will-yariv-levin-be-the-next-prime-minister-of-israel,2026-12-31T00:00:00Z,Yes,0.0015,No,0.9985,83465.659,1813613.4900680005,107841.24297
2026-09-07T23:59:26+00:00,2026-09-07,561243,Will Donald Trump win the 2028 US Presidential Election?,will-donald-trump-win-the-2028-us-presidential-election,2028-11-07T00:00:00Z,Yes,0.0195,No,0.9805,82877.25763,10146321.516091976,586184.76101
2026-09-07T23:59:26+00:00,2026-09-07,1163699,Clarity Act (H.R.3633) signed into law in 2026?,clarity-act-signed-into-law-in-2026,2027-01-01T05:00:00Z,Yes,0.165,No,0.835,82778.20093300001,14201149.196806008,286560.882
2026-09-07T23:59:26+00:00,2026-09-07,4318175,Map Handicap: LGC (-1.5) vs magic (+1.5),cs2-lgc-mgc-2026-09-07-map-handicap-away-1pt5,2026-09-08T09:00:00Z,Legacy,0.385,magic,0.615,80659.55009299997,80659.55009299998,62230.9896
2026-09-07T23:59:26+00:00,2026-09-07,601819,Will Luiz Inácio Lula da Silva win the 2026 Brazilian presidential election?,will-luiz-incio-lula-da-silva-win-the-2026-brazilian-presidential-election,2026-10-04T00:00:00Z,Yes,0.585,No,0.415,78471.43366500002,9927879.77466299,292700.0582
2026-09-07T23:59:26+00:00,2026-09-07,4268775,Seville: Gilles Arnaud Bailly vs Calvin Hemery,atp-bailly-hemery-2026-09-07,2026-09-14T09:00:00Z,Gilles Arnaud Bailly,0.0005,Calvin Hemery,0.9995,77333.85445800002,77366.27554600002,32826.37364
2026-09-07T23:59:26+00:00,2026-09-07,3399468,Israel x Iran ceasefire continues through December 31?,israel-x-iran-ceasefire-continues-through-december-31-415,2026-12-31T20:29:00Z,Yes,0.635,No,0.365,73434.94709300001,439951.43229100003,101491.2325
2026-09-07T23:59:26+00:00,2026-09-07,676743,Will Tesla be the largest company in the world by market cap on December 31?,will-tesla-be-the-largest-company-in-the-world-by-market-cap-on-december-31-139,2026-12-31T00:00:00Z,Yes,0.0015,No,0.9985,72194.071,825331.827857,291802.54263
2026-09-07T23:59:26+00:00,2026-09-07,4049399,Italy vs. China,bkfibaw-ita-chi-2026-09-07,2026-09-14T18:45:00Z,Italy,0.0005,China,0.9995,71797.78392500003,78708.046117,93047.01147
2026-09-07T23:59:26+00:00,2026-09-07,4115723,LoL: INTZ e-Sports vs KaBuM! Ilha das Lendas - Game 3 Winner,lol-itz-kbm-2026-09-07-game3,2026-09-08T01:00:00Z,INTZ e-Sports,0.0005,KaBuM! Ilha das Lendas,0.9995,71122.032513,71122.03251300001,168027.49989
2026-09-07T23:59:26+00:00,2026-09-07,3965782,"Will Elon Musk post 200-219 tweets from September 1 to September 8, 2026?",elon-musk-of-tweets-september-1-september-8-2026-200-219,2026-09-08T16:00:00Z,Yes,0.68,No,0.32,69029.89691699993,130429.3412979999,5205.7362
2026-09-07T23:59:26+00:00,2026-09-07,4051221,LoL: Dplus KIA Challengers vs Nongshim Esports Academy (BO5) - LCK Challengers League Playoffs,lol-dkc-nsea-2026-09-08,2026-09-08T14:00:00Z,Dplus KIA Challengers,0.495,Nongshim Esports Academy,0.505,67356.562462,68290.86894999999,49202.6964
2026-09-07T23:59:26+00:00,2026-09-07,665513,Friedrich Merz out as Chancellor of Germany before 2027?,friedrich-merz-out-as-chancellor-of-germany-before-2027,2027-01-01T04:59:00Z,Yes,0.145,No,0.855,67112.06395199998,824011.46646,83842.7013
2026-09-07T23:59:26+00:00,2026-09-07,559671,Will Zohran Mamdani win the 2028 Democratic presidential nomination?,will-zohran-mamdani-win-the-2028-democratic-presidential-nomination-445,2028-11-07T00:00:00Z,Yes,0.0025,No,0.9975,66973.63249999999,38926756.20371007,2551562.56995
2026-09-07T23:59:26+00:00,2026-09-07,4035739,Spread: SMU (-3.5),cfb-smu-flst-2026-09-07-spread-away-3pt5,2026-09-07T23:30:00Z,SMU,0.435,Florida State,0.565,66740.047852,67353.240865,137606.8791
2026-09-07T23:59:26+00:00,2026-09-07,4061229,"Will the price of Bitcoin be above $82,000 on September 8?",bitcoin-above-82k-on-september-8-2026,2026-09-08T16:00:00Z,Yes,0.0125,No,0.9875,66000.29938600001,76615.03082199999,35328.49151
2026-09-07T23:59:26+00:00,2026-09-07,1130013,Will the Communist Party of the Russian Federation (KPRF) gain the most seats in the next Russian parliamentary election?,will-the-communist-party-of-the-russian-federation-kprf-gain-the-most-seats-in-the-next-russian-parliamentary-election,2026-09-30T00:00:00Z,Yes,0.0155,No,0.9845,64805.81402900001,1776051.306804,187937.8036
2026-09-07T23:59:26+00:00,2026-09-07,562000,Will Rand Paul win the 2028 Republican presidential nomination?,will-rand-paul-win-the-2028-republican-presidential-nomination,2028-11-07T00:00:00Z,Yes,0.0025,No,0.9975,64157.9745,19474441.66630099,1487233.63352
2026-09-07T23:59:26+00:00,2026-09-07,4174612,Trump out as President by September 30?,dtrump-out-as-president-by-september-30,2026-10-01T03:59:00Z,Yes,0.008,No,0.992,63447.96442600001,343883.2872810002,232227.25484
2026-09-07T23:59:26+00:00,2026-09-07,4323123,Map Handicap: MGLZ (-1.5) vs MIBR (+1.5),cs2-mibr-mglz-2026-09-08-map-handicap-home-1pt5,2026-09-08T12:00:00Z,TheMongolz,0.265,MIBR,0.735,63378.24928399999,63378.24928400001,39607.8189
2026-09-07T23:59:26+00:00,2026-09-07,3561916,Sweden Parliamentary Election: Liberals Win Seats?,sweden-parliamentary-election-liberals-win-seats-20260812164320900,2026-09-13T00:00:00Z,Yes,0.6,No,0.4,63372.113271999995,151389.38128899998,28287.9631
2026-09-07T23:59:26+00:00,2026-09-07,3965785,"Will Elon Musk post 220-239 tweets from September 1 to September 8, 2026?",elon-musk-of-tweets-september-1-september-8-2026-220-239,2026-09-08T16:00:00Z,Yes,0.105,No,0.895,63058.80212699999,126896.19259200004,7551.2412
2026-09-07T23:59:26+00:00,2026-09-07,1357385,Will the Jacksonville Jaguars win the 2027 NFL league championship?,will-the-jacksonville-jaguars-win-the-2027-nfl-league-championship,2027-03-31T23:55:00Z,Yes,0.0235,No,0.9765,63010.537652,1434022.981287,105797.44577
2026-09-07T23:59:26+00:00,2026-09-07,3994357,Counter-Strike: GamerLegion vs FURIA (BO3) - FISSURE PLAYGROUND Group B,cs2-gl1-furia-2026-09-08,2026-09-08T18:00:00Z,GamerLegion,0.145,FURIA,0.855,62359.77208300001,63033.574031000004,113886.7085
2026-09-07T23:59:26+00:00,2026-09-07,3128886,"US announces end of Iranian blockade by December 31, 2026?",us-announces-end-of-iranian-blockade-by-december-31-2026-20260727171803489-375-949-645-919-269-157-255-857,2027-01-01T04:59:00Z,Yes,0.582,No,0.418,62257.470235,1432549.0020529996,197162.61816
2026-09-07T23:59:26+00:00,2026-09-07,4052438,"Will Bitcoin dip to $55,000 in September?",will-bitcoin-dip-to-55k-in-september-2026,2026-10-01T04:00:00Z,Yes,0.0175,No,0.9825,61299.37137699999,355731.099855,101748.87479
2026-09-07T23:59:26+00:00,2026-09-07,601826,Will Flávio Bolsonaro win the 2026 Brazilian presidential election?,will-flvio-bolsonaro-win-the-2026-brazilian-presidential-election,2026-10-04T00:00:00Z,Yes,0.3985,No,0.6015,61119.73526000001,9836824.205285,249790.4909
2026-09-07T23:59:26+00:00,2026-09-07,561993,Will John Thune win the 2028 Republican presidential nomination?,will-john-thune-win-the-2028-republican-presidential-nomination,2028-11-07T00:00:00Z,Yes,0.0005,No,0.9995,59824.584,38162682.12550199,2140371.17874
2026-09-07T23:59:26+00:00,2026-09-07,562802,Will the Democratic Party control the House after the 2026 Midterm elections?,will-the-democratic-party-control-the-house-after-the-2026-midterm-elections,2026-11-03T00:00:00Z,Yes,0.865,No,0.135,58783.98740700001,5822333.613058002,495145.1534
2026-09-07T23:59:26+00:00,2026-09-07,4293944,Game Handicap: IG (-1.5) vs LGD Gaming (+1.5),lol-ig1-lgd-2026-09-08-game-handicap-away-1pt5,2026-09-08T15:00:00Z,Invictus Gaming,0.425,LGD Gaming,0.575,58783.485587,61336.33116000001,115144.8171
2026-09-07T23:59:26+00:00,2026-09-07,4095052,US x Iran Effective Ceasefire by September 4?,us-x-iran-effective-ceasefire-by-september-4,2026-09-04T23:59:00Z,Yes,0.6,No,0.4,58755.192473,485797.5829569995,47116.7856
2026-09-07T23:59:26+00:00,2026-09-07,4239167,Will the highest temperature in Hong Kong be 30°C on September 7?,highest-temperature-in-hong-kong-on-september-7-2026-30c,2026-09-07T12:00:00Z,Yes,0.9995,No,0.0005,58168.734416,60035.169609,27747.36233
2026-09-07T23:59:26+00:00,2026-09-07,4049380,Japan vs. Spain,bkfibaw-jap-spa-2026-09-07,2026-09-14T15:50:00Z,Japan,0.0005,Spain,0.9995,58110.993623999995,58800.291787,70166.44664
2026-09-07T23:59:26+00:00,2026-09-07,4196527,Counter-Strike: 9z vs 5star (BO3) - FISSURE PLAYGROUND Group A,cs2-9z-5s-2026-09-07,2026-09-08T09:00:00Z,9z,0.925,5star,0.075,58087.415491,59064.44924599997,39236.4877
2026-09-07T23:59:26+00:00,2026-09-07,1088476,Will Ben Shelton win the 2026 Men's US Open?,will-ben-shelton-win-the-2026-mens-us-open,2026-09-13T00:00:00Z,Yes,0.0865,No,0.9135,57970.411898,786725.967467,67254.21701
2026-09-07T23:59:26+00:00,2026-09-07,4061223,"Will the price of Bitcoin be above $76,000 on September 8?",bitcoin-above-76k-on-september-8-2026,2026-09-08T16:00:00Z,Yes,0.9835,No,0.0165,57939.15436200001,74110.99456299997,35170.23929
2026-09-07T23:59:26+00:00,2026-09-07,679044,Will Jean Castex win the 2027 French presidential election?,will-jean-castex-win-the-2027-french-presidential-election,2027-04-30T00:00:00Z,Yes,0.0025,No,0.9975,57902.626,1585348.5728839994,109503.05857
2026-09-07T23:59:26+00:00,2026-09-07,608551,Will Michael Olise win the 2026 Ballon d'Or?,will-michael-olise-win-the-2026-ballon-dor,2026-10-31T00:00:00Z,Yes,0.0025,No,0.9975,57794.97,1462538.721432,399615.3014
2026-09-07T23:59:26+00:00,2026-09-07,4319475,"Will Bitcoin dip to $78,000 on September 7?",will-bitcoin-dip-to-78k-on-september-7-2026,2026-09-08T04:00:00Z,Yes,0.031,No,0.969,57593.77496799999,57593.774968,19210.19534
2026-09-07T23:59:26+00:00,2026-09-07,3965788,"Will Elon Musk post 240-259 tweets from September 1 to September 8, 2026?",elon-musk-of-tweets-september-1-september-8-2026-240-259,2026-09-08T16:00:00Z,Yes,0.0065,No,0.9935,56645.41813800002,116184.87022299998,12613.54249
2026-09-07T23:59:26+00:00,2026-09-07,4312498,US Open ATP: Frances Tiafoe vs Alex Michelsen,atp-tiafoe-michels-2026-09-08,2026-09-15T15:30:00Z,Frances Tiafoe,0.585,Alex Michelsen,0.415,55469.610935,55469.610934999975,154920.3555
2026-09-07T23:59:26+00:00,2026-09-07,4153898,Sher-E-Punjab T20: Jalandhar Warriors vs Amritsar Soormas,cricsherepunjab-jal-amr-2026-09-07,2026-09-14T09:30:00Z,Jalandhar Warriors,0.475,Amritsar Soormas,0.525,54122.48553699997,54122.485536999964,14817.3772
2026-09-07T23:59:26+00:00,2026-09-07,601835,Will Pablo Marçal win the 2026 Brazilian presidential election?,will-pablo-marcal-win-the-2026-brazilian-presidential-election,2026-10-04T00:00:00Z,Yes,0.0015,No,0.9985,53746.679000000004,3837464.827228,298207.57904
2026-09-07T23:59:26+00:00,2026-09-07,559672,Will Roy Cooper win the 2028 Democratic presidential nomination?,will-roy-cooper-win-the-2028-democratic-presidential-nomination-286,2028-11-07T00:00:00Z,Yes,0.0015,No,0.9985,53205.924,31507695.444225993,1769915.25942
2026-09-07T23:59:26+00:00,2026-09-07,3399203,Russia Elections: Yabloko Clears Duma Threshold?,russia-elections-yabloko-clears-duma-threshold,2026-09-20T23:59:00Z,Yes,0.007,No,0.993,52733.233773,551037.277475,158323.25378
2026-09-07T23:59:26+00:00,2026-09-07,559684,Will Chelsea Clinton win the 2028 Democratic presidential nomination?,will-chelsea-clinton-win-the-2028-democratic-presidential-nomination,2028-11-07T00:00:00Z,Yes,0.0065,No,0.9935,52491.023083,50425533.28455299,686905.16693
2026-09-07T23:59:26+00:00,2026-09-07,2822005,"Putin out as President of Russia by September 30, 2026?",putin-out-as-president-of-russia-by-september-30-2026,2026-10-01T03:59:00Z,Yes,0.0085,No,0.9915,52369.939055,1154087.4892480003,119922.03665
2026-09-07T23:59:26+00:00,2026-09-07,1088659,Will Qinwen Zheng win the 2026 Women’s US Open?,will-qinwen-zheng-win-the-2026-womens-us-open,2026-09-13T00:00:00Z,Yes,0.042,No,0.958,52126.714025999994,414080.54954399995,33343.69396
2026-09-07T23:59:26+00:00,2026-09-07,3865961,"Will Bitcoin dip to $75,000 by December 31, 2026?",will-bitcoin-dip-to-75000-by-december-31-2026-from-august-24,2027-01-01T05:00:00Z,Yes,0.765,No,0.235,51459.446962,200872.90383799997,48922.3234
2026-09-07T23:59:26+00:00,2026-09-07,561258,Will Jamie Dimon win the 2028 US Presidential Election?,will-jamie-dimon-win-the-2028-us-presidential-election,2028-11-07T00:00:00Z,Yes,0.0055,No,0.9945,51313.091681,10941446.911924005,780339.71208
2026-09-07T23:59:26+00:00,2026-09-07,3702042,"US announces end of Iranian blockade by September 14, 2026?",us-announces-end-of-iranian-blockade-by-september-14-2026,2026-09-15T03:59:00Z,Yes,0.0385,No,0.9615,49411.45766800001,1137233.2873190015,96539.58042
2026-09-07T23:59:26+00:00,2026-09-07,1357382,Will the Green Bay Packers win the 2027 NFL league championship?,will-the-green-bay-packers-win-the-2027-nfl-league-championship,2027-03-31T23:55:00Z,Yes,0.0305,No,0.9695,49397.505133,1435472.8168660006,145833.1557
2026-09-07T23:59:26+00:00,2026-09-07,1130016,Will New People (NL) gain the most seats in the next Russian parliamentary election?,will-new-people-nl-gain-the-most-seats-in-the-next-russian-parliamentary-election,2026-09-30T00:00:00Z,Yes,0.2525,No,0.7475,48814.431325000005,2670994.01521,184398.99817
2026-09-07T23:59:26+00:00,2026-09-07,1193094,Will Magdalena Andersson be the next Prime Minister of Sweden?,will-magdalena-andersson-be-the-next-prime-minister-of-sweden,2026-09-13T00:00:00Z,Yes,0.775,No,0.225,48281.659878,516843.42903800047,77085.2265
2026-09-07T23:59:26+00:00,2026-09-07,608565,Will Lionel Messi win the 2026 Ballon d'Or?,will-lionel-messi-win-the-2026-ballon-dor,2026-10-31T00:00:00Z,Yes,0.0225,No,0.9775,48273.178792,2332844.3789790007,191967.82386
2026-09-07T23:59:26+00:00,2026-09-07,3270651,Will Llaneros FC win on 2026-08-14?,col1-llf-cdt-2026-08-14-llf,2026-09-07T23:00:00Z,Yes,0.255,No,0.745,47394.425106999995,50512.87631999998,31343.1775
2026-09-07T23:59:26+00:00,2026-09-07,3491474,Iran-Oman Hormuz Agreement by September 30?,iran-oman-hormuz-agreement-by-september-30-823-929,2026-10-01T03:59:00Z,Yes,0.31,No,0.69,46098.605291000014,381151.0532949999,44129.9518
2026-09-07T23:59:26+00:00,2026-09-07,4049386,Hungary vs. South Korea,bkfibaw-hun-sou-2026-09-07,2026-09-14T12:30:00Z,Hungary,0.9995,South Korea,0.0005,46041.98201000001,46310.82236200001,97259.30994
2026-09-07T23:59:26+00:00,2026-09-07,4320094,Barranquilla: Vendula Valdmannova vs Carol Young Suh Lee,wta-valdman-lee-2026-09-07,2026-09-14T18:00:00Z,Vendula Valdmannova,0.0625,Carol Young Suh Lee,0.9375,45777.23354500001,45777.233544999996,47385.95732
2026-09-08T00:04:25+00:00,2026-09-08,4284482,US Open ATP: Karen Khachanov vs Learner Tien,atp-khachan-tien-2026-09-07,2026-09-14T15:00:00Z,Karen Khachanov,0.345,Learner Tien,0.655,2218360.1229259996,2225298.3562979996,314220.7567
2026-09-08T00:04:25+00:00,2026-09-08,4276667,US Open ATP: Arthur Gea vs Botic van de Zandschulp,atp-gea-zandsch-2026-09-07,2026-09-14T15:00:00Z,Arthur Gea,0.645,Botic van de Zandschulp,0.355,1614808.9784980018,1620788.4409109976,318533.1338
2026-09-08T00:04:25+00:00,2026-09-08,2252243,Will the Fed decrease interest rates by 25 bps after the September 2026 meeting?,will-the-fed-decrease-interest-rates-by-25-bps-after-the-september-2026-meeting-586,2026-09-16T00:00:00Z,Yes,0.0045,No,0.9955,1169298.130666,32131441.825982995,2226808.4965
2026-09-08T00:04:25+00:00,2026-09-08,3701690,Israel closes its airspace by September 30?,israel-closes-its-airspace-by-september-30,2026-10-01T03:59:00Z,Yes,0.9585,No,0.0415,823260.3642480001,2093484.3590759998,284828.55881
2026-09-08T00:04:25+00:00,2026-09-08,2252244,Will there be no change in Fed interest rates after the September 2026 meeting?,will-there-be-no-change-in-fed-interest-rates-after-the-september-2026-meeting-615,2026-09-16T00:00:00Z,Yes,0.475,No,0.525,700390.8540690006,24083928.1763122,753076.0229
2026-09-08T00:04:25+00:00,2026-09-08,4284480,US Open ATP: Alexander Zverev vs Luciano Darderi,atp-zverev-darderi-2026-09-07,2026-09-14T15:00:00Z,Alexander Zverev,0.885,Luciano Darderi,0.115,698495.6743799996,724366.0901239999,1015562.5006
2026-09-08T00:04:25+00:00,2026-09-08,4293939,LoL: Invictus Gaming vs LGD Gaming (BO5) - LPL Playoffs,lol-ig1-lgd-2026-09-08,2026-09-08T15:00:00Z,Invictus Gaming,0.625,LGD Gaming,0.375,685574.767383,693216.4733439999,284441.6107
2026-09-08T00:04:25+00:00,2026-09-08,3889718,SMU vs. Florida State,cfb-smu-flst-2026-09-07,2026-09-07T23:30:00Z,SMU,0.575,Florida State,0.425,458087.7196959999,464873.48654700007,686811.0306
2026-09-08T00:04:25+00:00,2026-09-08,2252245,Will the Fed increase interest rates by 25 bps after the September 2026 meeting?,will-the-fed-increase-interest-rates-by-25-bps-after-the-september-2026-meeting-649,2026-09-16T00:00:00Z,Yes,0.515,No,0.485,444707.62759200006,19127930.09951506,709201.8119
2026-09-08T00:04:25+00:00,2026-09-08,4273954,US Open WTA: Iva Jovic vs Coco Gauff,wta-jovic-gauff-2026-09-07,2026-09-14T15:00:00Z,Iva Jovic,0.105,Coco Gauff,0.895,428670.9609810002,430504.5378180001,305233.0394
2026-09-08T00:04:25+00:00,2026-09-08,2772194,Will Shakhtar Donetsk win the 2026-27 UEFA Champions League Championship?,will-shakhtar-donetsk-win-the-2026-27-uefa-champions-league-championship-20260701202025578,2027-05-30T23:59:00Z,Yes,0.0015,No,0.9985,415668.726,14680393.948,343845.37944
2026-09-08T00:04:25+00:00,2026-09-08,4322646,US Open ATP: Ben Shelton vs Carlos Alcaraz,atp-shelton-alcaraz-2026-09-08,2026-09-15T15:30:00Z,Ben Shelton,0.215,Carlos Alcaraz,0.785,332983.611568,332981.1115680001,188826.4055
2026-09-08T00:04:25+00:00,2026-09-08,4059453,Cincinnati Reds vs. Los Angeles Dodgers,mlb-cin-lad-2026-09-07,2026-09-15T01:10:00Z,Cincinnati Reds,0.375,Los Angeles Dodgers,0.625,322599.452149,322944.1707980004,502594.4932
2026-09-08T00:04:25+00:00,2026-09-08,3994365,Counter-Strike: Alliance vs FaZe (BO3) - FISSURE PLAYGROUND Group B,cs2-all-faze-2026-09-08,2026-09-08T12:00:00Z,Alliance,0.265,FaZe,0.735,311630.6100990002,313042.0313559998,53838.4858
2026-09-08T00:04:25+00:00,2026-09-08,2252246,Will the Fed increase interest rates by 50+ bps after the September 2026 meeting?,will-the-fed-increase-interest-rates-by-50-bps-after-the-september-2026-meeting-664,2026-09-16T00:00:00Z,Yes,0.0055,No,0.9945,269136.223328,13857786.563972013,1105217.36088
2026-09-08T00:04:25+00:00,2026-09-08,2252242,Will the Fed decrease interest rates by 50+ bps after the September 2026 meeting?,will-the-fed-decrease-interest-rates-by-50-bps-after-the-september-2026-meeting-863,2026-09-16T00:00:00Z,Yes,0.0015,No,0.9985,261453.89900000006,13775977.645785,1017088.66307
2026-09-08T00:04:25+00:00,2026-09-08,3883286,Will EC Vitória win on 2026-09-07?,bra-vit-gre-2026-09-07-vit,2026-09-07T23:00:00Z,Yes,0.405,No,0.595,230373.91688899984,230394.91688899987,38015.6222
2026-09-08T00:04:25+00:00,2026-09-08,3994353,Counter-Strike: Legacy vs magic (BO3) - FISSURE PLAYGROUND Group B,cs2-lgc-mgc-2026-09-07,2026-09-08T09:00:00Z,Legacy,0.685,magic,0.315,225628.13182999994,231678.42674200007,92285.4504
2026-09-08T00:04:25+00:00,2026-09-08,4059455,Toronto Blue Jays vs. Athletics,mlb-tor-oak-2026-09-07,2026-09-15T02:05:00Z,Toronto Blue Jays,0.645,Athletics,0.355,225250.77463099998,225441.15905599995,508598.9239
2026-09-08T00:04:25+00:00,2026-09-08,4006138,Will AA Argentinos Juniors win on 2026-09-07?,arg-bar-aaj-2026-09-07-aaj,2026-09-07T22:00:00Z,Yes,0.0005,No,0.9995,214921.17487200006,214464.05292899994,345736.89574
2026-09-08T00:04:25+00:00,2026-09-08,3994361,Counter-Strike: MIBR vs TheMongolz (BO3) - FISSURE PLAYGROUND Group A,cs2-mibr-mglz-2026-09-08,2026-09-08T12:00:00Z,MIBR,0.475,TheMongolz,0.525,211674.93409799994,224691.03269100003,185027.3694
2026-09-08T00:04:25+00:00,2026-09-08,1088472,Will Carlos Alcaraz win the 2026 Men's US Open?,will-carlos-alcaraz-win-the-2026-mens-us-open,2026-09-13T00:00:00Z,Yes,0.58,No,0.42,204459.74425099997,2159795.604745997,86747.964
2026-09-08T00:04:25+00:00,2026-09-08,4320098,Barranquilla: Katrina Scott vs Varvara Lepchenko,wta-scott-lepchen-2026-09-07,2026-09-14T19:00:00Z,Katrina Scott,0.0005,Varvara Lepchenko,0.9995,185382.59291500002,185382.592915,191636.27283
2026-09-08T00:04:25+00:00,2026-09-08,3889719,Spread: SMU (-2.5),cfb-smu-flst-2026-09-07-spread-away-2pt5,2026-09-07T23:30:00Z,SMU,0.525,Florida State,0.475,162587.65174500004,162827.20353600002,317389.1831
2026-09-08T00:04:25+00:00,2026-09-08,3866000,"Will Ethereum dip to $2,250 by December 31, 2026?",will-ethereum-dip-to-2250-by-december-31-2026,2027-01-01T05:00:00Z,Yes,0.545,No,0.455,161604.81382799998,411424.9232509999,52918.9985
2026-09-08T00:04:25+00:00,2026-09-08,3977525,Will Real Madrid CF win on 2026-09-08?,ucl-rma-int-2026-09-08-rma,2026-09-08T19:00:00Z,Yes,0.595,No,0.405,154803.94965099994,168756.17187099997,292119.6837
2026-09-08T00:04:25+00:00,2026-09-08,2696747,"US-Iran Final Nuclear Deal by December 31, 2026?",us-iran-final-nuclear-deal-by-december-31-2026-191,2027-01-01T04:59:00Z,Yes,0.095,No,0.905,140186.64525499998,2566668.757101,270920.3228
2026-09-08T00:04:25+00:00,2026-09-08,3501952,Strait of Hormuz traffic returns to normal by September 15?,strait-of-hormuz-traffic-returns-to-normal-by-september-15-20260810150912478,2026-09-15T00:00:00Z,Yes,0.0035,No,0.9965,138403.87068900003,1637885.0030059998,269578.35631
2026-09-08T00:04:25+00:00,2026-09-08,562002,Will Erika Kirk win the 2028 Republican presidential nomination?,will-erika-kirk-win-the-2028-republican-presidential-nomination,2028-11-07T00:00:00Z,Yes,0.0015,No,0.9985,138256.629,18873076.026152004,2104713.79643
2026-09-08T00:04:25+00:00,2026-09-08,560317,"Putin out as President of Russia by December 31, 2026?",putin-out-before-2027-346,2027-01-01T04:59:00Z,Yes,0.075,No,0.925,136747.53450500002,20173993.30206398,656422.0677
2026-09-08T00:04:25+00:00,2026-09-08,4061218,"Will the price of Bitcoin be above $72,000 on September 8?",bitcoin-above-72k-on-september-8-2026,2026-09-08T16:00:00Z,Yes,0.9985,No,0.0015,124093.56791700001,132132.94507199997,47703.23073
2026-09-08T00:04:25+00:00,2026-09-08,4254036,LoL: Eintracht Frankfurt vs All for One Gaming (BO5) - Prime League 1st Division Promotion Playoffs,lol-sge-aog-2026-09-07,2026-09-07T22:00:00Z,Eintracht Frankfurt,0.9995,All for One Gaming,0.0005,104725.53565600001,104725.53565600004,93664.31335
2026-09-08T00:04:25+00:00,2026-09-08,4318166,Map Handicap: 9z (-1.5) vs 5star (+1.5),cs2-9z-5s-2026-09-07-map-handicap-away-1pt5,2026-09-08T09:00:00Z,9z,0.735,5star,0.265,104192.45889600003,104192.45889599998,45114.4208
2026-09-08T00:04:25+00:00,2026-09-08,3399458,Israel x Iran ceasefire continues through September 30?,israel-x-iran-ceasefire-continues-through-september-30,2026-09-30T20:29:00Z,Yes,0.875,No,0.125,100037.661653,1394724.3737600008,66152.4246
2026-09-08T00:04:25+00:00,2026-09-08,3702025,"US announces end of Iranian blockade by September 7, 2026?",us-announces-end-of-iranian-blockade-by-september-7-2026,2026-09-08T03:59:00Z,Yes,0.0015,No,0.9985,98012.02937600003,1732335.1485849984,115472.71279
2026-09-08T00:04:25+00:00,2026-09-08,3965779,"Will Elon Musk post 180-199 tweets from September 1 to September 8, 2026?",elon-musk-of-tweets-september-1-september-8-2026-180-199,2026-09-08T16:00:00Z,Yes,0.218,No,0.782,94513.27832999999,213989.82247899997,12422.91269
2026-09-08T00:04:25+00:00,2026-09-08,559682,Will Hunter Biden win the 2028 Democratic presidential nomination?,will-person-a-win-the-2028-democratic-presidential-nomination,2028-11-07T00:00:00Z,Yes,0.005,No,0.995,89467.93826100002,44335688.341223046,1162150.65243
2026-09-08T00:04:25+00:00,2026-09-08,4325753,Map Handicap: FaZe (-1.5) vs Alliance (+1.5),cs2-all-faze-2026-09-08-map-handicap-home-1pt5,2026-09-08T12:00:00Z,FaZe,0.445,Alliance,0.555,89214.28615000003,89214.28615000003,50579.9442
2026-09-08T00:04:25+00:00,2026-09-08,3977548,Will Arsenal FC win on 2026-09-09?,ucl-nap-ars-2026-09-09-ars,2026-09-09T19:00:00Z,Yes,0.555,No,0.445,86552.38529100003,95425.04661500004,228210.6385
2026-09-08T00:04:25+00:00,2026-09-08,601836,Will Augusto Cury win the 2026 Brazilian presidential election?,will-augusto-cury-win-the-2026-brazilian-presidential-election,2026-10-04T00:00:00Z,Yes,0.0135,No,0.9865,83936.04053599999,4269944.723153004,345942.22769
2026-09-08T00:04:25+00:00,2026-09-08,1088498,Will Luciano Darderi win the 2026 Men's US Open?,will-luciano-darderi-win-the-2026-mens-us-open,2026-09-13T00:00:00Z,Yes,0.0025,No,0.9975,83916.180332,347833.473831,78187.02959
2026-09-08T00:04:25+00:00,2026-09-08,682715,Will Yariv Levin be the next Prime Minister of Israel?,will-yariv-levin-be-the-next-prime-minister-of-israel,2026-12-31T00:00:00Z,Yes,0.0015,No,0.9985,83465.659,1813613.4900680005,109728.63422
2026-09-08T00:04:25+00:00,2026-09-08,561243,Will Donald Trump win the 2028 US Presidential Election?,will-donald-trump-win-the-2028-us-presidential-election,2028-11-07T00:00:00Z,Yes,0.0195,No,0.9805,82877.25763,10146321.516091976,587453.70401
2026-09-08T00:04:25+00:00,2026-09-08,1163699,Clarity Act (H.R.3633) signed into law in 2026?,clarity-act-signed-into-law-in-2026,2027-01-01T05:00:00Z,Yes,0.165,No,0.835,82778.20093300001,14201149.196806008,319037.4026
2026-09-08T00:04:25+00:00,2026-09-08,4318175,Map Handicap: LGC (-1.5) vs magic (+1.5),cs2-lgc-mgc-2026-09-07-map-handicap-away-1pt5,2026-09-08T09:00:00Z,Legacy,0.385,magic,0.615,80659.55009299997,80659.55009299998,63536.3137
2026-09-08T00:04:25+00:00,2026-09-08,601819,Will Luiz Inácio Lula da Silva win the 2026 Brazilian presidential election?,will-luiz-incio-lula-da-silva-win-the-2026-brazilian-presidential-election,2026-10-04T00:00:00Z,Yes,0.585,No,0.415,78471.43366500002,9927879.77466299,292896.0804
2026-09-08T00:04:25+00:00,2026-09-08,4268775,Seville: Gilles Arnaud Bailly vs Calvin Hemery,atp-bailly-hemery-2026-09-07,2026-09-14T09:00:00Z,Gilles Arnaud Bailly,0.0005,Calvin Hemery,0.9995,77333.85445800002,77366.27554600002,32826.37364
2026-09-08T00:04:25+00:00,2026-09-08,3399468,Israel x Iran ceasefire continues through December 31?,israel-x-iran-ceasefire-continues-through-december-31-415,2026-12-31T20:29:00Z,Yes,0.64,No,0.36,73434.94709300001,439951.43229100003,91812.1335
2026-09-08T00:04:25+00:00,2026-09-08,676743,Will Tesla be the largest company in the world by market cap on December 31?,will-tesla-be-the-largest-company-in-the-world-by-market-cap-on-december-31-139,2026-12-31T00:00:00Z,Yes,0.0015,No,0.9985,72194.071,825331.827857,288257.80063
2026-09-08T00:04:25+00:00,2026-09-08,4049399,Italy vs. China,bkfibaw-ita-chi-2026-09-07,2026-09-14T18:45:00Z,Italy,0.0005,China,0.9995,71797.78392500003,78708.046117,93047.01147
2026-09-08T00:04:25+00:00,2026-09-08,4115723,LoL: INTZ e-Sports vs KaBuM! Ilha das Lendas - Game 3 Winner,lol-itz-kbm-2026-09-07-game3,2026-09-08T01:00:00Z,INTZ e-Sports,0.0005,KaBuM! Ilha das Lendas,0.9995,71122.032513,71122.03251300001,168022.69989
2026-09-08T00:04:25+00:00,2026-09-08,3965782,"Will Elon Musk post 200-219 tweets from September 1 to September 8, 2026?",elon-musk-of-tweets-september-1-september-8-2026-200-219,2026-09-08T16:00:00Z,Yes,0.67,No,0.33,69029.89691699993,130429.3412979999,5987.4841
2026-09-08T00:04:25+00:00,2026-09-08,4051221,LoL: Dplus KIA Challengers vs Nongshim Esports Academy (BO5) - LCK Challengers League Playoffs,lol-dkc-nsea-2026-09-08,2026-09-08T14:00:00Z,Dplus KIA Challengers,0.495,Nongshim Esports Academy,0.505,67356.562462,68290.86894999999,49087.3219
2026-09-08T00:04:25+00:00,2026-09-08,665513,Friedrich Merz out as Chancellor of Germany before 2027?,friedrich-merz-out-as-chancellor-of-germany-before-2027,2027-01-01T04:59:00Z,Yes,0.145,No,0.855,67112.06395199998,824011.46646,76705.544
2026-09-08T00:04:25+00:00,2026-09-08,559671,Will Zohran Mamdani win the 2028 Democratic presidential nomination?,will-zohran-mamdani-win-the-2028-democratic-presidential-nomination-445,2028-11-07T00:00:00Z,Yes,0.0025,No,0.9975,66973.63249999999,38926756.20371007,2551658.88995
2026-09-08T00:04:25+00:00,2026-09-08,4035739,Spread: SMU (-3.5),cfb-smu-flst-2026-09-07-spread-away-3pt5,2026-09-07T23:30:00Z,SMU,0.435,Florida State,0.565,66740.047852,67353.240865,154889.3823
2026-09-08T00:04:25+00:00,2026-09-08,4061229,"Will the price of Bitcoin be above $82,000 on September 8?",bitcoin-above-82k-on-september-8-2026,2026-09-08T16:00:00Z,Yes,0.0125,No,0.9875,66000.29938600001,76615.03082199999,34917.99451
2026-09-08T00:04:25+00:00,2026-09-08,1130013,Will the Communist Party of the Russian Federation (KPRF) gain the most seats in the next Russian parliamentary election?,will-the-communist-party-of-the-russian-federation-kprf-gain-the-most-seats-in-the-next-russian-parliamentary-election,2026-09-30T00:00:00Z,Yes,0.0155,No,0.9845,64805.81402900001,1776051.306804,191053.12287
2026-09-08T00:04:25+00:00,2026-09-08,562000,Will Rand Paul win the 2028 Republican presidential nomination?,will-rand-paul-win-the-2028-republican-presidential-nomination,2028-11-07T00:00:00Z,Yes,0.0025,No,0.9975,64157.9745,19474441.66630099,1487206.37552
2026-09-08T00:04:25+00:00,2026-09-08,4174612,Trump out as President by September 30?,dtrump-out-as-president-by-september-30,2026-10-01T03:59:00Z,Yes,0.008,No,0.992,63447.96442600001,343883.2872810002,232039.07284
2026-09-08T00:04:25+00:00,2026-09-08,4323123,Map Handicap: MGLZ (-1.5) vs MIBR (+1.5),cs2-mibr-mglz-2026-09-08-map-handicap-home-1pt5,2026-09-08T12:00:00Z,TheMongolz,0.265,MIBR,0.735,63378.24928399999,63378.24928400001,40193.5196
2026-09-08T00:04:25+00:00,2026-09-08,3561916,Sweden Parliamentary Election: Liberals Win Seats?,sweden-parliamentary-election-liberals-win-seats-20260812164320900,2026-09-13T00:00:00Z,Yes,0.6,No,0.4,63372.113271999995,151389.38128899998,26318.166
2026-09-08T00:04:25+00:00,2026-09-08,3965785,"Will Elon Musk post 220-239 tweets from September 1 to September 8, 2026?",elon-musk-of-tweets-september-1-september-8-2026-220-239,2026-09-08T16:00:00Z,Yes,0.105,No,0.895,63058.80212699999,126896.19259200004,7736.8966
2026-09-08T00:04:25+00:00,2026-09-08,1357385,Will the Jacksonville Jaguars win the 2027 NFL league championship?,will-the-jacksonville-jaguars-win-the-2027-nfl-league-championship,2027-03-31T23:55:00Z,Yes,0.0235,No,0.9765,63010.537652,1434022.981287,104069.78577
2026-09-08T00:04:25+00:00,2026-09-08,3994357,Counter-Strike: GamerLegion vs FURIA (BO3) - FISSURE PLAYGROUND Group B,cs2-gl1-furia-2026-09-08,2026-09-08T18:00:00Z,GamerLegion,0.155,FURIA,0.845,62359.77208300001,63033.574031000004,105751.2349
2026-09-08T00:04:25+00:00,2026-09-08,3128886,"US announces end of Iranian blockade by December 31, 2026?",us-announces-end-of-iranian-blockade-by-december-31-2026-20260727171803489-375-949-645-919-269-157-255-857,2027-01-01T04:59:00Z,Yes,0.582,No,0.418,62257.470235,1432549.0020529996,197857.96028
2026-09-08T00:04:25+00:00,2026-09-08,4052438,"Will Bitcoin dip to $55,000 in September?",will-bitcoin-dip-to-55k-in-september-2026,2026-10-01T04:00:00Z,Yes,0.0175,No,0.9825,61299.37137699999,355731.099855,99935.40887
2026-09-08T00:04:25+00:00,2026-09-08,601826,Will Flávio Bolsonaro win the 2026 Brazilian presidential election?,will-flvio-bolsonaro-win-the-2026-brazilian-presidential-election,2026-10-04T00:00:00Z,Yes,0.3985,No,0.6015,61119.73526000001,9836824.205285,248727.23814
2026-09-08T00:04:25+00:00,2026-09-08,561993,Will John Thune win the 2028 Republican presidential nomination?,will-john-thune-win-the-2028-republican-presidential-nomination,2028-11-07T00:00:00Z,Yes,0.0005,No,0.9995,59824.584,38162682.12550199,2139843.99874
2026-09-08T00:04:25+00:00,2026-09-08,562802,Will the Democratic Party control the House after the 2026 Midterm elections?,will-the-democratic-party-control-the-house-after-the-2026-midterm-elections,2026-11-03T00:00:00Z,Yes,0.865,No,0.135,58783.98740700001,5822333.613058002,495038.3979
2026-09-08T00:04:25+00:00,2026-09-08,4293944,Game Handicap: IG (-1.5) vs LGD Gaming (+1.5),lol-ig1-lgd-2026-09-08-game-handicap-away-1pt5,2026-09-08T15:00:00Z,Invictus Gaming,0.425,LGD Gaming,0.575,58783.485587,61336.33116000001,114281.2171
2026-09-08T00:04:25+00:00,2026-09-08,4095052,US x Iran Effective Ceasefire by September 4?,us-x-iran-effective-ceasefire-by-september-4,2026-09-04T23:59:00Z,Yes,0.595,No,0.405,58755.192473,485797.5829569995,48058.5845
2026-09-08T00:04:25+00:00,2026-09-08,4239167,Will the highest temperature in Hong Kong be 30°C on September 7?,highest-temperature-in-hong-kong-on-september-7-2026-30c,2026-09-07T12:00:00Z,Yes,0.9995,No,0.0005,58168.734416,60035.169609,27675.15938
2026-09-08T00:04:25+00:00,2026-09-08,4049380,Japan vs. Spain,bkfibaw-jap-spa-2026-09-07,2026-09-14T15:50:00Z,Japan,0.0005,Spain,0.9995,58110.993623999995,58800.291787,70166.44664
2026-09-08T00:04:25+00:00,2026-09-08,4196527,Counter-Strike: 9z vs 5star (BO3) - FISSURE PLAYGROUND Group A,cs2-9z-5s-2026-09-07,2026-09-08T09:00:00Z,9z,0.925,5star,0.075,58087.415491,59064.44924599997,42367.6744
2026-09-08T00:04:25+00:00,2026-09-08,1088476,Will Ben Shelton win the 2026 Men's US Open?,will-ben-shelton-win-the-2026-mens-us-open,2026-09-13T00:00:00Z,Yes,0.0865,No,0.9135,57970.411898,786725.967467,67225.35771
2026-09-08T00:04:25+00:00,2026-09-08,4061223,"Will the price of Bitcoin be above $76,000 on September 8?",bitcoin-above-76k-on-september-8-2026,2026-09-08T16:00:00Z,Yes,0.983,No,0.017,57939.15436200001,74110.99456299997,33908.49369
2026-09-08T00:04:25+00:00,2026-09-08,679044,Will Jean Castex win the 2027 French presidential election?,will-jean-castex-win-the-2027-french-presidential-election,2027-04-30T00:00:00Z,Yes,0.0025,No,0.9975,57902.626,1585348.5728839994,108537.81578
2026-09-08T00:04:25+00:00,2026-09-08,608551,Will Michael Olise win the 2026 Ballon d'Or?,will-michael-olise-win-the-2026-ballon-dor,2026-10-31T00:00:00Z,Yes,0.0025,No,0.9975,57794.97,1462538.721432,404708.14908
2026-09-08T00:04:25+00:00,2026-09-08,4319475,"Will Bitcoin dip to $78,000 on September 7?",will-bitcoin-dip-to-78k-on-september-7-2026,2026-09-08T04:00:00Z,Yes,0.027,No,0.973,57593.77496799999,57593.774968,13661.13499
2026-09-08T00:04:25+00:00,2026-09-08,3965788,"Will Elon Musk post 240-259 tweets from September 1 to September 8, 2026?",elon-musk-of-tweets-september-1-september-8-2026-240-259,2026-09-08T16:00:00Z,Yes,0.0065,No,0.9935,56645.41813800002,116184.87022299998,12115.61149
2026-09-08T00:04:25+00:00,2026-09-08,4312498,US Open ATP: Frances Tiafoe vs Alex Michelsen,atp-tiafoe-michels-2026-09-08,2026-09-15T15:30:00Z,Frances Tiafoe,0.585,Alex Michelsen,0.415,55469.610935,55469.610934999975,154484.8055
2026-09-08T00:04:25+00:00,2026-09-08,4153898,Sher-E-Punjab T20: Jalandhar Warriors vs Amritsar Soormas,cricsherepunjab-jal-amr-2026-09-07,2026-09-14T09:30:00Z,Jalandhar Warriors,0.475,Amritsar Soormas,0.525,54122.48553699997,54122.485536999964,14856.4972
2026-09-08T00:04:25+00:00,2026-09-08,601835,Will Pablo Marçal win the 2026 Brazilian presidential election?,will-pablo-marcal-win-the-2026-brazilian-presidential-election,2026-10-04T00:00:00Z,Yes,0.0015,No,0.9985,53746.679000000004,3837464.827228,298183.6817
2026-09-08T00:04:25+00:00,2026-09-08,559672,Will Roy Cooper win the 2028 Democratic presidential nomination?,will-roy-cooper-win-the-2028-democratic-presidential-nomination-286,2028-11-07T00:00:00Z,Yes,0.0015,No,0.9985,53205.924,31507695.444225993,1769966.36942
2026-09-08T00:04:25+00:00,2026-09-08,3399203,Russia Elections: Yabloko Clears Duma Threshold?,russia-elections-yabloko-clears-duma-threshold,2026-09-20T23:59:00Z,Yes,0.007,No,0.993,52733.233773,551037.277475,160123.17378
2026-09-08T00:04:25+00:00,2026-09-08,559684,Will Chelsea Clinton win the 2028 Democratic presidential nomination?,will-chelsea-clinton-win-the-2028-democratic-presidential-nomination,2028-11-07T00:00:00Z,Yes,0.0065,No,0.9935,52491.023083,50425533.28455299,686938.97693
2026-09-08T00:04:25+00:00,2026-09-08,2822005,"Putin out as President of Russia by September 30, 2026?",putin-out-as-president-of-russia-by-september-30-2026,2026-10-01T03:59:00Z,Yes,0.0085,No,0.9915,52369.939055,1154087.4892480003,123721.87665
2026-09-08T00:04:25+00:00,2026-09-08,1088659,Will Qinwen Zheng win the 2026 Women’s US Open?,will-qinwen-zheng-win-the-2026-womens-us-open,2026-09-13T00:00:00Z,Yes,0.042,No,0.958,52126.714025999994,414080.54954399995,35981.94586
2026-09-08T00:04:25+00:00,2026-09-08,3865961,"Will Bitcoin dip to $75,000 by December 31, 2026?",will-bitcoin-dip-to-75000-by-december-31-2026-from-august-24,2027-01-01T05:00:00Z,Yes,0.775,No,0.225,51459.446962,200872.90383799997,48864.4435
2026-09-08T00:04:25+00:00,2026-09-08,561258,Will Jamie Dimon win the 2028 US Presidential Election?,will-jamie-dimon-win-the-2028-us-presidential-election,2028-11-07T00:00:00Z,Yes,0.0055,No,0.9945,51313.091681,10941446.911924005,781009.1916
2026-09-08T00:04:25+00:00,2026-09-08,3702042,"US announces end of Iranian blockade by September 14, 2026?",us-announces-end-of-iranian-blockade-by-september-14-2026,2026-09-15T03:59:00Z,Yes,0.0385,No,0.9615,49411.45766800001,1137233.2873190015,95357.47309
2026-09-08T00:04:25+00:00,2026-09-08,1357382,Will the Green Bay Packers win the 2027 NFL league championship?,will-the-green-bay-packers-win-the-2027-nfl-league-championship,2027-03-31T23:55:00Z,Yes,0.0305,No,0.9695,49397.505133,1435472.8168660006,148226.4867
2026-09-08T00:04:25+00:00,2026-09-08,1130016,Will New People (NL) gain the most seats in the next Russian parliamentary election?,will-new-people-nl-gain-the-most-seats-in-the-next-russian-parliamentary-election,2026-09-30T00:00:00Z,Yes,0.2525,No,0.7475,48814.431325000005,2670994.01521,182988.25417
2026-09-08T00:04:25+00:00,2026-09-08,1193094,Will Magdalena Andersson be the next Prime Minister of Sweden?,will-magdalena-andersson-be-the-next-prime-minister-of-sweden,2026-09-13T00:00:00Z,Yes,0.775,No,0.225,48281.659878,516843.42903800047,71012.8265
2026-09-08T00:04:25+00:00,2026-09-08,608565,Will Lionel Messi win the 2026 Ballon d'Or?,will-lionel-messi-win-the-2026-ballon-dor,2026-10-31T00:00:00Z,Yes,0.0225,No,0.9775,48273.178792,2332844.3789790007,193017.62886
2026-09-08T00:04:25+00:00,2026-09-08,3270651,Will Llaneros FC win on 2026-08-14?,col1-llf-cdt-2026-08-14-llf,2026-09-07T23:00:00Z,Yes,0.25,No,0.75,47394.425106999995,50512.87631999998,28262.626
2026-09-08T00:04:25+00:00,2026-09-08,3491474,Iran-Oman Hormuz Agreement by September 30?,iran-oman-hormuz-agreement-by-september-30-823-929,2026-10-01T03:59:00Z,Yes,0.31,No,0.69,46098.605291000014,381151.0532949999,45198.9507
2026-09-08T00:04:25+00:00,2026-09-08,4049386,Hungary vs. South Korea,bkfibaw-hun-sou-2026-09-07,2026-09-14T12:30:00Z,Hungary,0.9995,South Korea,0.0005,46041.98201000001,46310.82236200001,97259.30994
2026-09-08T00:04:25+00:00,2026-09-08,4320094,Barranquilla: Vendula Valdmannova vs Carol Young Suh Lee,wta-valdman-lee-2026-09-07,2026-09-14T18:00:00Z,Vendula Valdmannova,0.063,Carol Young Suh Lee,0.937,45777.23354500001,45777.233544999996,72530.49022
2026-09-08T07:57:55+00:00,2026-09-08,2252243,Will the Fed decrease interest rates by 25 bps after the September 2026 meeting?,will-the-fed-decrease-interest-rates-by-25-bps-after-the-september-2026-meeting-586,2026-09-16T00:00:00Z,Yes,0.0045,No,0.9955,1079892.751247,32272950.708563995,2147082.81849
2026-09-08T07:57:55+00:00,2026-09-08,3994365,Counter-Strike: Alliance vs FaZe (BO3) - FISSURE PLAYGROUND Group B,cs2-all-faze-2026-09-08,2026-09-08T13:45:00Z,Alliance,0.285,FaZe,0.715,932672.0511730002,943420.234204,64305.2786
2026-09-08T07:57:55+00:00,2026-09-08,4293939,LoL: Invictus Gaming vs LGD Gaming (BO5) - LPL Playoffs,lol-ig1-lgd-2026-09-08,2026-09-08T15:00:00Z,Invictus Gaming,0.625,LGD Gaming,0.375,822999.4999149999,886619.449418,523423.8187
2026-09-08T07:57:55+00:00,2026-09-08,3701690,Israel closes its airspace by September 30?,israel-closes-its-airspace-by-september-30,2026-10-01T03:59:00Z,Yes,0.9595,No,0.0405,818074.9617440002,2178253.0530470004,240279.0537
2026-09-08T07:57:55+00:00,2026-09-08,3994361,Counter-Strike: MIBR vs TheMongolz (BO3) - FISSURE PLAYGROUND Group A,cs2-mibr-mglz-2026-09-08,2026-09-08T12:00:00Z,MIBR,0.475,TheMongolz,0.525,706912.9179240002,726137.2969019997,69126.5325
2026-09-08T07:57:55+00:00,2026-09-08,2252244,Will there be no change in Fed interest rates after the September 2026 meeting?,will-there-be-no-change-in-fed-interest-rates-after-the-september-2026-meeting-615,2026-09-16T00:00:00Z,Yes,0.485,No,0.515,669543.3615619998,24187153.19360315,600433.6704
2026-09-08T07:57:55+00:00,2026-09-08,561238,Will Glenn Youngkin win the 2028 US Presidential Election?,will-glenn-youngkin-win-the-2028-us-presidential-election,2028-11-07T00:00:00Z,Yes,0.0015,No,0.9985,580505.629,27453268.583642986,1183369.18876
2026-09-08T07:57:55+00:00,2026-09-08,2252245,Will the Fed increase interest rates by 25 bps after the September 2026 meeting?,will-the-fed-increase-interest-rates-by-25-bps-after-the-september-2026-meeting-649,2026-09-16T00:00:00Z,Yes,0.515,No,0.485,428999.4482299999,19209737.422438066,561701.1775
2026-09-08T07:57:55+00:00,2026-09-08,2772194,Will Shakhtar Donetsk win the 2026-27 UEFA Champions League Championship?,will-shakhtar-donetsk-win-the-2026-27-uefa-champions-league-championship-20260701202025578,2027-05-30T23:59:00Z,Yes,0.0015,No,0.9985,421280.094,14820964.858000001,329062.63008
2026-09-08T07:57:55+00:00,2026-09-08,4322646,US Open ATP: Ben Shelton vs Carlos Alcaraz,atp-shelton-alcaraz-2026-09-08,2026-09-15T15:30:00Z,Ben Shelton,0.215,Carlos Alcaraz,0.785,375313.9547050001,387121.574813,262629.8074
2026-09-08T07:57:55+00:00,2026-09-08,4051121,LoL: T1 Academy vs KT Rolster Challengers - Game 3 Winner,lol-t1a-ktc-2026-09-08-game3,2026-09-08T10:00:00Z,T1 Academy,0.0005,KT Rolster Challengers,0.9995,362928.62246900034,361546.8824690001,385881.52438
2026-09-08T07:57:55+00:00,2026-09-08,2252242,Will the Fed decrease interest rates by 50+ bps after the September 2026 meeting?,will-the-fed-decrease-interest-rates-by-50-bps-after-the-september-2026-meeting-863,2026-09-16T00:00:00Z,Yes,0.0015,No,0.9985,309109.38700000005,13841456.248784997,976258.64142
2026-09-08T07:57:55+00:00,2026-09-08,3977521,Will BV Borussia 09 Dortmund win on 2026-09-08?,ucl-bvb-vil-2026-09-08-bvb,2026-09-08T19:00:00Z,Yes,0.525,No,0.475,301690.18616700004,307229.0012490002,276816.1366
2026-09-08T07:57:55+00:00,2026-09-08,4051119,LoL: T1 Academy vs KT Rolster Challengers - Game 2 Winner,lol-t1a-ktc-2026-09-08-game2,2026-09-08T09:00:00Z,T1 Academy,0.9995,KT Rolster Challengers,0.0005,292567.5353880002,292567.53538799996,1220155.79554
2026-09-08T07:57:55+00:00,2026-09-08,4051117,LoL: T1 Academy vs KT Rolster Challengers - Game 1 Winner,lol-t1a-ktc-2026-09-08-game1,2026-09-08T09:00:00Z,T1 Academy,0.9995,KT Rolster Challengers,0.0005,277227.248696,277227.24869599997,829555.75095
2026-09-08T07:57:55+00:00,2026-09-08,2252246,Will the Fed increase interest rates by 50+ bps after the September 2026 meeting?,will-the-fed-increase-interest-rates-by-50-bps-after-the-september-2026-meeting-664,2026-09-16T00:00:00Z,Yes,0.0055,No,0.9945,239984.444065,13937846.774306014,1080622.94649
2026-09-08T07:57:55+00:00,2026-09-08,562006,Will Eric Trump win the 2028 Republican presidential nomination?,will-eric-trump-win-the-2028-republican-presidential-nomination,2028-11-07T00:00:00Z,Yes,0.0015,No,0.9985,236391.913,10356798.915407997,1758208.65408
2026-09-08T07:57:55+00:00,2026-09-08,4325753,Map Handicap: FaZe (-1.5) vs Alliance (+1.5),cs2-all-faze-2026-09-08-map-handicap-home-1pt5,2026-09-08T13:45:00Z,FaZe,0.435,Alliance,0.565,220272.83624999996,220272.83624999993,16451.2025
2026-09-08T07:57:55+00:00,2026-09-08,1088472,Will Carlos Alcaraz win the 2026 Men's US Open?,will-carlos-alcaraz-win-the-2026-mens-us-open,2026-09-13T00:00:00Z,Yes,0.56,No,0.44,206062.636182,2246014.4695669995,58956.4667
2026-09-08T07:57:55+00:00,2026-09-08,4268715,Phan Thiet 3: Moise Kouame vs Kenta Miyoshi,atp-kouame-miyoshi-2026-09-06,2026-09-14T03:00:00Z,Moise Kouame,0.435,Kenta Miyoshi,0.565,200200.014558,200057.01486400003,94012.3355
2026-09-08T07:57:55+00:00,2026-09-08,3866000,"Will Ethereum dip to $2,250 by December 31, 2026?",will-ethereum-dip-to-2250-by-december-31-2026,2027-01-01T05:00:00Z,Yes,0.58,No,0.42,182369.11532399995,440730.35491799994,33954.6281
2026-09-08T07:57:55+00:00,2026-09-08,3977525,Will Real Madrid CF win on 2026-09-08?,ucl-rma-int-2026-09-08-rma,2026-09-08T19:00:00Z,Yes,0.605,No,0.395,181540.44216000004,222521.573165,403382.1431
2026-09-08T07:57:55+00:00,2026-09-08,562002,Will Erika Kirk win the 2028 Republican presidential nomination?,will-erika-kirk-win-the-2028-republican-presidential-nomination,2028-11-07T00:00:00Z,Yes,0.0015,No,0.9985,171564.628,18930274.721151996,2047200.69691
2026-09-08T07:57:55+00:00,2026-09-08,3978897,Club Brugge KV vs. Aston Villa FC: O/U 2.5,ucl-bru-ast-2026-09-08-total-2pt5,2026-09-08T16:45:00Z,Over,0.575,Under,0.425,167823.57461399995,167940.718249,83914.1366
2026-09-08T07:57:55+00:00,2026-09-08,4051125,LoL: T1 Academy vs KT Rolster Challengers (BO5) - LCK Challengers League Playoffs,lol-t1a-ktc-2026-09-08,2026-09-08T11:00:00Z,T1 Academy,0.815,KT Rolster Challengers,0.185,141717.86013000002,147310.04498599996,46978.324
2026-09-08T07:57:55+00:00,2026-09-08,3965779,"Will Elon Musk post 180-199 tweets from September 1 to September 8, 2026?",elon-musk-of-tweets-september-1-september-8-2026-180-199,2026-09-08T16:00:00Z,Yes,0.2735,No,0.7265,139726.04690900003,277577.450463,7818.62169
2026-09-08T07:57:55+00:00,2026-09-08,682715,Will Yariv Levin be the next Prime Minister of Israel?,will-yariv-levin-be-the-next-prime-minister-of-israel,2026-12-31T00:00:00Z,Yes,0.0015,No,0.9985,132913.312,1863149.0650680002,94426.45803
2026-09-08T07:57:55+00:00,2026-09-08,3994360,Counter-Strike: MIBR vs TheMongolz - Map 2 Winner,cs2-mibr-mglz-2026-09-08-game2,2026-09-08T12:00:00Z,MIBR,0.9995,TheMongolz,0.0005,128451.35929100002,128451.35929100004,721646.29882
2026-09-08T07:57:55+00:00,2026-09-08,560317,"Putin out as President of Russia by December 31, 2026?",putin-out-before-2027-346,2027-01-01T04:59:00Z,Yes,0.065,No,0.935,127927.970553,20195491.082033984,650199.1621
2026-09-08T07:57:55+00:00,2026-09-08,4312498,US Open ATP: Frances Tiafoe vs Alex Michelsen,atp-tiafoe-michels-2026-09-08,2026-09-15T15:30:00Z,Frances Tiafoe,0.585,Alex Michelsen,0.415,124359.845417,134981.977768,276306.2552
2026-09-08T07:57:55+00:00,2026-09-08,3978798,BV Borussia 09 Dortmund vs. Villarreal CF: O/U 3.5,ucl-bvb-vil-2026-09-08-total-3pt5,2026-09-08T19:00:00Z,Over,0.435,Under,0.565,124055.42265899999,124856.55496900002,96923.8158
2026-09-08T07:57:55+00:00,2026-09-08,4051221,LoL: Dplus KIA Challengers vs Nongshim Esports Academy (BO5) - LCK Challengers League Playoffs,lol-dkc-nsea-2026-09-08,2026-09-08T15:00:00Z,Dplus KIA Challengers,0.535,Nongshim Esports Academy,0.465,121126.545756,122240.95996400001,80822.4992
2026-09-08T07:57:55+00:00,2026-09-08,1163699,Clarity Act (H.R.3633) signed into law in 2026?,clarity-act-signed-into-law-in-2026,2027-01-01T05:00:00Z,Yes,0.155,No,0.845,117408.53466899997,14264079.172749002,462495.7292
2026-09-08T07:57:55+00:00,2026-09-08,2774057,Strait of Hormuz traffic returns to normal by September 30?,strait-of-hormuz-traffic-returns-to-normal-by-september-30-20260702154339440,2026-09-30T00:00:00Z,Yes,0.02,No,0.98,115332.70924699974,7967989.1523830015,313727.9131
2026-09-08T07:57:55+00:00,2026-09-08,4174612,Trump out as President by September 30?,dtrump-out-as-president-by-september-30,2026-10-01T03:59:00Z,Yes,0.009,No,0.991,114571.652615,395778.3856710002,192409.20516
2026-09-08T07:57:55+00:00,2026-09-08,3399458,Israel x Iran ceasefire continues through September 30?,israel-x-iran-ceasefire-continues-through-september-30,2026-09-30T20:29:00Z,Yes,0.875,No,0.125,108092.000602,1406535.5179530012,68621.3014
2026-09-08T07:57:55+00:00,2026-09-08,601819,Will Luiz Inácio Lula da Silva win the 2026 Brazilian presidential election?,will-luiz-incio-lula-da-silva-win-the-2026-brazilian-presidential-election,2026-10-04T00:00:00Z,Yes,0.565,No,0.435,107100.54902,9995640.626256993,263100.724
2026-09-08T07:57:55+00:00,2026-09-08,665513,Friedrich Merz out as Chancellor of Germany before 2027?,friedrich-merz-out-as-chancellor-of-germany-before-2027,2027-01-01T04:59:00Z,Yes,0.145,No,0.855,105909.12195099998,870967.0758819999,81593.0867
2026-09-08T07:57:55+00:00,2026-09-08,3978761,Spread: FC Internazionale Milano (-2.5),ucl-rma-int-2026-09-08-spread-away-2pt5,2026-09-08T19:00:00Z,FC Internazionale Milano,0.0185,Real Madrid CF,0.9815,105839.09543700001,121675.73662700002,26933.43421
2026-09-08T07:57:55+00:00,2026-09-08,4318175,Map Handicap: LGC (-1.5) vs magic (+1.5),cs2-lgc-mgc-2026-09-07-map-handicap-away-1pt5,2026-09-08T09:20:00Z,Legacy,0.0005,magic,0.9995,103958.527822,104116.523916,256797.46901
2026-09-08T07:57:55+00:00,2026-09-08,4061223,"Will the price of Bitcoin be above $76,000 on September 8?",bitcoin-above-76k-on-september-8-2026,2026-09-08T16:00:00Z,Yes,0.9825,No,0.0175,95012.484692,124788.31020700002,31295.24534
2026-09-08T07:57:55+00:00,2026-09-08,3965785,"Will Elon Musk post 220-239 tweets from September 1 to September 8, 2026?",elon-musk-of-tweets-september-1-september-8-2026-220-239,2026-09-08T16:00:00Z,Yes,0.0285,No,0.9715,93274.273241,166598.28227199998,7119.96265
2026-09-08T07:57:55+00:00,2026-09-08,3128887,"US announces end of Iranian blockade by September 30, 2026?",us-announces-end-of-iranian-blockade-by-september-30-2026-20260727171615364-722-649-646-561-213-644-414-831,2026-10-01T03:59:00Z,Yes,0.145,No,0.855,91594.92183899999,2818794.5800029994,89836.7382
2026-09-08T07:57:55+00:00,2026-09-08,4061232,"Will the price of Bitcoin be above $84,000 on September 8?",bitcoin-above-84k-on-september-8-2026,2026-09-08T16:00:00Z,Yes,0.0015,No,0.9985,91444.075459,125505.66640900001,50106.37479
2026-09-08T07:57:55+00:00,2026-09-08,3994357,Counter-Strike: GamerLegion vs FURIA (BO3) - FISSURE PLAYGROUND Group B,cs2-gl1-furia-2026-09-08,2026-09-08T18:00:00Z,GamerLegion,0.155,FURIA,0.845,89009.73194200001,89778.95920900001,110752.4105
2026-09-08T07:57:55+00:00,2026-09-08,4061229,"Will the price of Bitcoin be above $82,000 on September 8?",bitcoin-above-82k-on-september-8-2026,2026-09-08T16:00:00Z,Yes,0.0125,No,0.9875,88801.418394,111229.45195799999,37791.28066
2026-09-08T07:57:55+00:00,2026-09-08,3977534,Will Feyenoord Rotterdam win on 2026-09-09?,ucl-fcb-fey-2026-09-09-fey,2026-09-09T16:45:00Z,Yes,0.0305,No,0.9695,88444.318734,93484.405476,140591.16483
2026-09-08T07:57:55+00:00,2026-09-08,601826,Will Flávio Bolsonaro win the 2026 Brazilian presidential election?,will-flvio-bolsonaro-win-the-2026-brazilian-presidential-election,2026-10-04T00:00:00Z,Yes,0.4215,No,0.5785,88346.48808199998,9876249.699381001,213176.25643
2026-09-08T07:57:55+00:00,2026-09-08,3965782,"Will Elon Musk post 200-219 tweets from September 1 to September 8, 2026?",elon-musk-of-tweets-september-1-september-8-2026-200-219,2026-09-08T16:00:00Z,Yes,0.715,No,0.285,87784.94309600003,154089.04711299998,5507.8822
2026-09-08T07:57:55+00:00,2026-09-08,3977548,Will Arsenal FC win on 2026-09-09?,ucl-nap-ars-2026-09-09-ars,2026-09-09T19:00:00Z,Yes,0.555,No,0.445,85945.44861100001,100521.32963800004,252130.7217
2026-09-08T07:57:55+00:00,2026-09-08,601836,Will Augusto Cury win the 2026 Brazilian presidential election?,will-augusto-cury-win-the-2026-brazilian-presidential-election,2026-10-04T00:00:00Z,Yes,0.0135,No,0.9865,84770.170712,4273402.053153,363506.38229
2026-09-08T07:57:55+00:00,2026-09-08,4328738,Map Handicap: G2 (-1.5) vs Astralis (+1.5),cs2-g2-ast10-2026-09-08-map-handicap-away-1pt5,2026-09-08T18:00:00Z,G2,0.425,Astralis,0.575,84695.61997799999,84695.619978,124454.9224
2026-09-08T07:57:55+00:00,2026-09-08,562802,Will the Democratic Party control the House after the 2026 Midterm elections?,will-the-democratic-party-control-the-house-after-the-2026-midterm-elections,2026-11-03T00:00:00Z,Yes,0.875,No,0.125,84170.898437,5869179.259214003,620210.706
2026-09-08T07:57:55+00:00,2026-09-08,4061225,"Will the price of Bitcoin be above $78,000 on September 8?",bitcoin-above-78k-on-september-8-2026,2026-09-08T16:00:00Z,Yes,0.605,No,0.395,83566.742897,115030.73968099998,37194.3834
2026-09-08T07:57:55+00:00,2026-09-08,3994377,Counter-Strike: G2 vs Astralis (BO3) - FISSURE PLAYGROUND Group A,cs2-g2-ast10-2026-09-08,2026-09-08T18:00:00Z,G2,0.695,Astralis,0.305,83205.92513899998,83755.89130999999,151929.9029
2026-09-08T07:57:55+00:00,2026-09-08,1357380,Will the Denver Broncos win the 2027 NFL league championship?,will-the-denver-broncos-win-the-2027-nfl-league-championship,2027-03-31T23:55:00Z,Yes,0.0695,No,0.9305,79227.584691,1430057.4529759993,189281.17805
2026-09-08T07:57:55+00:00,2026-09-08,562000,Will Rand Paul win the 2028 Republican presidential nomination?,will-rand-paul-win-the-2028-republican-presidential-nomination,2028-11-07T00:00:00Z,Yes,0.0025,No,0.9975,77776.6525,19488087.545301,1473621.02372
2026-09-08T07:57:55+00:00,2026-09-08,1357395,Will the New York Jets win the 2027 NFL league championship?,will-the-new-york-jets-win-the-2027-nfl-league-championship,2027-03-31T23:55:00Z,Yes,0.0055,No,0.9945,76774.825,2080919.0944430002,327033.6233
2026-09-08T07:57:55+00:00,2026-09-08,3702042,"US announces end of Iranian blockade by September 14, 2026?",us-announces-end-of-iranian-blockade-by-september-14-2026,2026-09-15T03:59:00Z,Yes,0.0305,No,0.9695,75446.473033,1171186.8035780021,141660.62947
2026-09-08T07:57:55+00:00,2026-09-08,3399468,Israel x Iran ceasefire continues through December 31?,israel-x-iran-ceasefire-continues-through-december-31-415,2026-12-31T20:29:00Z,Yes,0.64,No,0.36,74917.511187,443254.76553599996,102307.6811
2026-09-08T07:57:55+00:00,2026-09-08,703257,Will the US confirm that aliens exist before 2027?,will-the-us-confirm-that-aliens-exist-before-2027-789-924-249,2027-01-01T04:59:00Z,Yes,0.0375,No,0.9625,73884.193062,38106050.82021997,805597.30444
2026-09-08T07:57:55+00:00,2026-09-08,679044,Will Jean Castex win the 2027 French presidential election?,will-jean-castex-win-the-2027-french-presidential-election,2027-04-30T00:00:00Z,Yes,0.0025,No,0.9975,73205.743,1601256.1323839999,95799.70367
2026-09-08T07:57:55+00:00,2026-09-08,4061227,"Will the price of Bitcoin be above $80,000 on September 8?",bitcoin-above-80k-on-september-8-2026,2026-09-08T16:00:00Z,Yes,0.029,No,0.971,72466.95657799998,76901.31138300004,33298.38131
2026-09-08T07:57:55+00:00,2026-09-08,676743,Will Tesla be the largest company in the world by market cap on December 31?,will-tesla-be-the-largest-company-in-the-world-by-market-cap-on-december-31-139,2026-12-31T00:00:00Z,Yes,0.0015,No,0.9985,72282.08,825436.7068570001,293363.9871
2026-09-08T07:57:55+00:00,2026-09-08,3965788,"Will Elon Musk post 240-259 tweets from September 1 to September 8, 2026?",elon-musk-of-tweets-september-1-september-8-2026-240-259,2026-09-08T16:00:00Z,Yes,0.0035,No,0.9965,72070.799121,141609.805407,17908.18313
2026-09-08T07:57:55+00:00,2026-09-08,559682,Will Hunter Biden win the 2028 Democratic presidential nomination?,will-person-a-win-the-2028-democratic-presidential-nomination,2028-11-07T00:00:00Z,Yes,0.0045,No,0.9955,71089.58513300002,44354116.766723044,1165906.12361
2026-09-08T07:57:55+00:00,2026-09-08,4061220,"Will the price of Bitcoin be above $74,000 on September 8?",bitcoin-above-74k-on-september-8-2026,2026-09-08T16:00:00Z,Yes,0.9975,No,0.0025,70832.54646099999,89461.03265599998,40548.60494
2026-09-08T07:57:55+00:00,2026-09-08,4323123,Map Handicap: MGLZ (-1.5) vs MIBR (+1.5),cs2-mibr-mglz-2026-09-08-map-handicap-home-1pt5,2026-09-08T12:00:00Z,TheMongolz,0.0005,MIBR,0.9995,70499.68191599999,70515.25316800001,211121.06955
2026-09-08T07:57:55+00:00,2026-09-08,4095052,US x Iran Effective Ceasefire by September 4?,us-x-iran-effective-ceasefire-by-september-4,2026-09-04T23:59:00Z,Yes,0.68,No,0.32,69306.94203700002,511443.49318399985,50766.7184
2026-09-08T07:57:55+00:00,2026-09-08,1130013,Will the Communist Party of the Russian Federation (KPRF) gain the most seats in the next Russian parliamentary election?,will-the-communist-party-of-the-russian-federation-kprf-gain-the-most-seats-in-the-next-russian-parliamentary-election,2026-09-30T00:00:00Z,Yes,0.016,No,0.984,68227.344965,1780694.8562780006,183293.25511
2026-09-08T07:57:55+00:00,2026-09-08,4339037,LAPTOP FDV above $500M one day after launch?,laptop-fdv-above-500m-one-day-after-launch,2026-12-31T23:59:00Z,Yes,0.265,No,0.735,67718.594888,67718.59488799999,59401.3298
2026-09-08T07:57:55+00:00,2026-09-08,1088659,Will Qinwen Zheng win the 2026 Women’s US Open?,will-qinwen-zheng-win-the-2026-womens-us-open,2026-09-13T00:00:00Z,Yes,0.033,No,0.967,66972.469868,429711.82555000007,50558.76865
2026-09-08T07:57:55+00:00,2026-09-08,608551,Will Michael Olise win the 2026 Ballon d'Or?,will-michael-olise-win-the-2026-ballon-dor,2026-10-31T00:00:00Z,Yes,0.002,No,0.998,66515.9445,1476959.675932,397568.90519
2026-09-08T07:57:55+00:00,2026-09-08,3977531,Will Manchester City FC win on 2026-09-08?,ucl-por-mnc-2026-09-08-mnc,2026-09-08T19:00:00Z,Yes,0.575,No,0.425,65167.55607100002,73328.954153,220214.7995
2026-09-08T07:57:55+00:00,2026-09-08,561998,Will Ivanka Trump win the 2028 Republican presidential nomination?,will-ivanka-trump-win-the-2028-republican-presidential-nomination,2028-11-07T00:00:00Z,Yes,0.009,No,0.991,64501.510982,8554183.665090999,778567.01495
2026-09-08T07:57:55+00:00,2026-09-08,4293944,Game Handicap: IG (-1.5) vs LGD Gaming (+1.5),lol-ig1-lgd-2026-09-08-game-handicap-away-1pt5,2026-09-08T15:00:00Z,Invictus Gaming,0.425,LGD Gaming,0.575,64318.335778,72039.69459000001,178104.4059
2026-09-08T07:57:55+00:00,2026-09-08,1357385,Will the Jacksonville Jaguars win the 2027 NFL league championship?,will-the-jacksonville-jaguars-win-the-2027-nfl-league-championship,2027-03-31T23:55:00Z,Yes,0.0235,No,0.9765,63690.034319,1434702.4779539998,115398.77933
2026-09-08T07:57:55+00:00,2026-09-08,3977540,Will Paris Saint-Germain FC win on 2026-09-09?,ucl-psg-sba-2026-09-09-psg,2026-09-09T19:00:00Z,Yes,0.945,No,0.055,63287.161402,65102.762168,160810.4901
2026-09-08T07:57:55+00:00,2026-09-08,559671,Will Zohran Mamdani win the 2028 Democratic presidential nomination?,will-zohran-mamdani-win-the-2028-democratic-presidential-nomination-445,2028-11-07T00:00:00Z,Yes,0.0025,No,0.9975,62731.132,38926841.243210055,2551288.80607
2026-09-08T07:57:55+00:00,2026-09-08,4336181,Map Handicap: K27 (-1.5) vs largadosypelados (+1.5),cs2-ldp-k271-2026-09-08-map-handicap-home-1pt5,2026-09-08T21:00:00Z,K27,0.545,largadosypelados,0.455,62403.43297799996,62403.432978000004,25556.4197
2026-09-08T07:57:55+00:00,2026-09-08,3978759,Spread: FC Internazionale Milano (-1.5),ucl-rma-int-2026-09-08-spread-away-1pt5,2026-09-08T19:00:00Z,FC Internazionale Milano,0.065,Real Madrid CF,0.935,62395.76207799999,69211.599729,47410.8531
2026-09-08T07:57:55+00:00,2026-09-08,4268725,Phan Thiet 3: Kasidit Samrej vs Sidharth Rawat,atp-samrej-rawat-2026-09-06,2026-09-14T03:00:00Z,Kasidit Samrej,0.785,Sidharth Rawat,0.215,59586.86881300001,59602.84875400001,20969.1925
2026-09-08T07:57:55+00:00,2026-09-08,567688,Netanyahu out by end of 2026?,netanyahu-out-before-2027-684-719-226-657,2027-01-01T04:59:00Z,Yes,0.495,No,0.505,58951.01272300001,2359947.9061969994,94303.0133
2026-09-08T07:57:55+00:00,2026-09-08,4268697,Shanghai: Jie Cui vs Fajing Sun,atp-cui-su-2026-09-06,2026-09-14T02:00:00Z,Jie Cui,0.51,Fajing Sun,0.49,58535.23930800001,58232.328302999995,59885.5759
2026-09-08T07:57:55+00:00,2026-09-08,1088502,Will Karen Khachanov win the 2026 Men's US Open?,will-karen-khachanov-win-the-2026-mens-us-open,2026-09-13T00:00:00Z,Yes,0.021,No,0.979,57747.90921200001,423435.75809500006,88495.04655
2026-09-08T07:57:55+00:00,2026-09-08,3865960,"Will Bitcoin dip to $70,000 by December 31, 2026?",will-bitcoin-dip-to-70000-by-december-31-2026-from-august-24,2027-01-01T05:00:00Z,Yes,0.545,No,0.455,56050.14416700001,205577.464528,64759.625
2026-09-08T07:57:55+00:00,2026-09-08,608540,Will Kylian Mbappé win the 2026 Ballon d'Or?,will-kylian-mbapp-win-the-2026-ballon-dor,2026-10-31T00:00:00Z,Yes,0.102,No,0.898,56029.149657999995,2004780.898163,94706.60156
2026-09-08T07:57:55+00:00,2026-09-08,1088656,Will Elena Rybakina win the 2026 Women’s US Open?,will-elena-rybakina-win-the-2026-womens-us-open,2026-09-13T00:00:00Z,Yes,0.194,No,0.806,55059.950929000006,355123.6336470001,66482.82538
2026-09-08T07:57:55+00:00,2026-09-08,4153898,Sher-E-Punjab T20: Jalandhar Warriors vs Amritsar Soormas,cricsherepunjab-jal-amr-2026-09-07,2026-09-14T09:30:00Z,Jalandhar Warriors,0.48,Amritsar Soormas,0.52,54465.636402,54470.485537,9065.4181
2026-09-08T07:57:55+00:00,2026-09-08,4052438,"Will Bitcoin dip to $55,000 in September?",will-bitcoin-dip-to-55k-in-september-2026,2026-10-01T04:00:00Z,Yes,0.017,No,0.983,54145.648233,365133.869768,103792.38454
2026-09-08T07:57:55+00:00,2026-09-08,4339018,"Trump renames New Mexico to New America by September 30, 2026?",trump-renames-new-mexico-to-new-america-by-september-30-2026,2026-10-01T03:59:00Z,Yes,0.055,No,0.945,54097.97025399999,54097.970254,50352.9208
2026-09-08T07:57:55+00:00,2026-09-08,559672,Will Roy Cooper win the 2028 Democratic presidential nomination?,will-roy-cooper-win-the-2028-democratic-presidential-nomination-286,2028-11-07T00:00:00Z,Yes,0.0015,No,0.9985,52929.901,31507701.676226016,1769915.8506
2026-09-08T07:57:55+00:00,2026-09-08,608565,Will Lionel Messi win the 2026 Ballon d'Or?,will-lionel-messi-win-the-2026-ballon-dor,2026-10-31T00:00:00Z,Yes,0.0235,No,0.9765,52823.974744,2338415.170389,194924.43131
2026-09-08T07:57:55+00:00,2026-09-08,559684,Will Chelsea Clinton win the 2028 Democratic presidential nomination?,will-chelsea-clinton-win-the-2028-democratic-presidential-nomination,2028-11-07T00:00:00Z,Yes,0.006,No,0.994,52543.862433,50425935.578903034,687234.40213
2026-09-08T07:57:55+00:00,2026-09-08,3399203,Russia Elections: Yabloko Clears Duma Threshold?,russia-elections-yabloko-clears-duma-threshold,2026-09-20T23:59:00Z,Yes,0.007,No,0.993,51512.015737999995,551040.295475,160283.9355
2026-09-08T07:57:55+00:00,2026-09-08,3865961,"Will Bitcoin dip to $75,000 by December 31, 2026?",will-bitcoin-dip-to-75000-by-december-31-2026-from-august-24,2027-01-01T05:00:00Z,Yes,0.785,No,0.215,51170.33951,200971.18383799997,52425.5956
2026-09-08T07:57:55+00:00,2026-09-08,561985,Will Brian Kemp win the 2028 Republican presidential nomination?,will-brian-kemp-win-the-2028-republican-presidential-nomination,2028-11-07T00:00:00Z,Yes,0.0035,No,0.9965,49994.192998,17932022.965108,820578.207
2026-09-08T07:57:55+00:00,2026-09-08,2822005,"Putin out as President of Russia by September 30, 2026?",putin-out-as-president-of-russia-by-september-30-2026,2026-10-01T03:59:00Z,Yes,0.0085,No,0.9915,49074.78938800001,1154393.206998,124553.73642
2026-09-08T07:57:55+00:00,2026-09-08,1130016,Will New People (NL) gain the most seats in the next Russian parliamentary election?,will-new-people-nl-gain-the-most-seats-in-the-next-russian-parliamentary-election,2026-09-30T00:00:00Z,Yes,0.2565,No,0.7435,48432.37399,2703848.339904001,160874.65306
2026-09-08T07:57:55+00:00,2026-09-08,679034,Will Dominique de Villepin win the 2027 French presidential election?,will-dominique-de-villepin-win-the-2027-french-presidential-election,2027-04-30T00:00:00Z,Yes,0.018,No,0.982,48263.833167,1776932.881784999,163382.76559
2026-09-08T10:10:33+00:00,2026-09-08,4293939,LoL: Invictus Gaming vs LGD Gaming (BO5) - LPL Playoffs,lol-ig1-lgd-2026-09-08,2026-09-08T15:00:00Z,Invictus Gaming,0.785,LGD Gaming,0.215,1732979.431536,1898707.0474280014,104369.1315
2026-09-08T10:10:33+00:00,2026-09-08,3994365,Counter-Strike: Alliance vs FaZe (BO3) - FISSURE PLAYGROUND Group B,cs2-all-faze-2026-09-08,2026-09-08T13:55:00Z,Alliance,0.995,FaZe,0.005,1419120.9693850004,1429401.7797919987,174355.5107
2026-09-08T10:10:33+00:00,2026-09-08,2252243,Will the Fed decrease interest rates by 25 bps after the September 2026 meeting?,will-the-fed-decrease-interest-rates-by-25-bps-after-the-september-2026-meeting-586,2026-09-16T00:00:00Z,Yes,0.0055,No,0.9945,1180603.890335,32392359.967652004,2053206.83157
2026-09-08T10:10:33+00:00,2026-09-08,3701690,Israel closes its airspace by September 30?,israel-closes-its-airspace-by-september-30,2026-10-01T03:59:00Z,Yes,0.965,No,0.035,838970.5138640003,2217873.726665,210550.72035
2026-09-08T10:10:33+00:00,2026-09-08,4293933,LoL: Invictus Gaming vs LGD Gaming - Game 1 Winner,lol-ig1-lgd-2026-09-08-game1,2026-09-08T13:00:00Z,Invictus Gaming,0.9995,LGD Gaming,0.0005,833162.0465909999,818162.0665909989,704223.15542
2026-09-08T10:10:33+00:00,2026-09-08,2252244,Will there be no change in Fed interest rates after the September 2026 meeting?,will-there-be-no-change-in-fed-interest-rates-after-the-september-2026-meeting-615,2026-09-16T00:00:00Z,Yes,0.475,No,0.525,722774.0017099997,24253893.68053321,574950.8339
2026-09-08T10:10:33+00:00,2026-09-08,561238,Will Glenn Youngkin win the 2028 US Presidential Election?,will-glenn-youngkin-win-the-2028-us-presidential-election,2028-11-07T00:00:00Z,Yes,0.0015,No,0.9985,580555.338,27453318.29264298,1186029.90742
2026-09-08T10:10:33+00:00,2026-09-08,4051123,LoL: T1 Academy vs KT Rolster Challengers - Game 4 Winner,lol-t1a-ktc-2026-09-08-game4,2026-09-08T11:00:00Z,T1 Academy,0.9995,KT Rolster Challengers,0.0005,454041.31223199994,453779.9122320004,902489.0516
2026-09-08T10:10:33+00:00,2026-09-08,2252245,Will the Fed increase interest rates by 25 bps after the September 2026 meeting?,will-the-fed-increase-interest-rates-by-25-bps-after-the-september-2026-meeting-649,2026-09-16T00:00:00Z,Yes,0.515,No,0.485,443442.4910689999,19230210.607850067,543837.0972
2026-09-08T10:10:33+00:00,2026-09-08,2772194,Will Shakhtar Donetsk win the 2026-27 UEFA Champions League Championship?,will-shakhtar-donetsk-win-the-2026-27-uefa-champions-league-championship-20260701202025578,2027-05-30T23:59:00Z,Yes,0.0015,No,0.9985,421481.546,14860363.84,344189.84662
2026-09-08T10:10:33+00:00,2026-09-08,4051121,LoL: T1 Academy vs KT Rolster Challengers - Game 3 Winner,lol-t1a-ktc-2026-09-08-game3,2026-09-08T10:00:00Z,T1 Academy,0.0005,KT Rolster Challengers,0.9995,404079.8924690003,404079.89246900013,379862.90409
2026-09-08T10:10:33+00:00,2026-09-08,3977521,Will BV Borussia 09 Dortmund win on 2026-09-08?,ucl-bvb-vil-2026-09-08-bvb,2026-09-08T19:00:00Z,Yes,0.535,No,0.465,350267.92433300003,345340.38374299946,246840.8105
2026-09-08T10:10:33+00:00,2026-09-08,4322646,US Open ATP: Ben Shelton vs Carlos Alcaraz,atp-shelton-alcaraz-2026-09-08,2026-09-15T15:30:00Z,Ben Shelton,0.215,Carlos Alcaraz,0.785,347897.961711,387789.0507520001,219345.2529
2026-09-08T10:10:33+00:00,2026-09-08,2252242,Will the Fed decrease interest rates by 50+ bps after the September 2026 meeting?,will-the-fed-decrease-interest-rates-by-50-bps-after-the-september-2026-meeting-863,2026-09-16T00:00:00Z,Yes,0.0015,No,0.9985,326593.11000000004,13865306.411784992,993385.5086
2026-09-08T10:10:33+00:00,2026-09-08,2772183,Will RB Leipzig win the 2026-27 UEFA Champions League Championship?,will-rb-leipzig-win-the-2026-27-uefa-champions-league-championship-20260701202025567,2027-05-30T23:59:00Z,Yes,0.0065,No,0.9935,283445.52,444521.1691350001,120484.12239
2026-09-08T10:10:33+00:00,2026-09-08,4051125,LoL: T1 Academy vs KT Rolster Challengers (BO5) - LCK Challengers League Playoffs,lol-t1a-ktc-2026-09-08,2026-09-08T11:00:00Z,T1 Academy,0.9995,KT Rolster Challengers,0.0005,272834.614844,278877.66323700006,899301.39923
2026-09-08T10:10:33+00:00,2026-09-08,4325753,Map Handicap: FaZe (-1.5) vs Alliance (+1.5),cs2-all-faze-2026-09-08-map-handicap-home-1pt5,2026-09-08T13:55:00Z,FaZe,0.0005,Alliance,0.9995,242466.15819700004,243001.85995300015,366804.2474
2026-09-08T10:10:33+00:00,2026-09-08,2252246,Will the Fed increase interest rates by 50+ bps after the September 2026 meeting?,will-the-fed-increase-interest-rates-by-50-bps-after-the-september-2026-meeting-664,2026-09-16T00:00:00Z,Yes,0.0055,No,0.9945,238402.840999,13945885.928106017,1143892.43694
2026-09-08T10:10:33+00:00,2026-09-08,562006,Will Eric Trump win the 2028 Republican presidential nomination?,will-eric-trump-win-the-2028-republican-presidential-nomination,2028-11-07T00:00:00Z,Yes,0.0015,No,0.9985,236347.731,10356799.115407998,1759459.13466
2026-09-08T10:10:33+00:00,2026-09-08,3994364,Counter-Strike: Alliance vs FaZe - Map 2 Winner,cs2-all-faze-2026-09-08-game2,2026-09-08T13:55:00Z,Alliance,0.995,FaZe,0.005,232487.05095500007,229501.61365800022,125785.1445
2026-09-08T10:10:33+00:00,2026-09-08,3994369,Counter-Strike: BIG vs BetBoom Team (BO3) - FISSURE PLAYGROUND Group A,cs2-big5-bb3-2026-09-08,2026-09-08T15:00:00Z,BIG,0.205,BetBoom Team,0.795,221587.0905639999,236305.458949,40357.4697
2026-09-08T10:10:33+00:00,2026-09-08,1088472,Will Carlos Alcaraz win the 2026 Men's US Open?,will-carlos-alcaraz-win-the-2026-mens-us-open,2026-09-13T00:00:00Z,Yes,0.565,No,0.435,200590.88252900002,2248970.442680997,72701.1111
2026-09-08T10:10:33+00:00,2026-09-08,2772186,Will Lille win the 2026-27 UEFA Champions League Championship?,will-lille-win-the-2026-27-uefa-champions-league-championship-20260701202025570,2027-05-30T23:59:00Z,Yes,0.007,No,0.993,191422.13,447044.9378329999,82995.89151
2026-09-08T10:10:33+00:00,2026-09-08,3866000,"Will Ethereum dip to $2,250 by December 31, 2026?",will-ethereum-dip-to-2250-by-december-31-2026,2027-01-01T05:00:00Z,Yes,0.555,No,0.445,182541.04871099995,440902.2883049999,34274.7823
2026-09-08T10:10:33+00:00,2026-09-08,3965779,"Will Elon Musk post 180-199 tweets from September 1 to September 8, 2026?",elon-musk-of-tweets-september-1-september-8-2026-180-199,2026-09-08T16:00:00Z,Yes,0.0005,No,0.9995,174883.63110400003,315578.87993599987,79115.82371
2026-09-08T10:10:33+00:00,2026-09-08,3978897,Club Brugge KV vs. Aston Villa FC: O/U 2.5,ucl-bru-ast-2026-09-08-total-2pt5,2026-09-08T16:45:00Z,Over,0.575,Under,0.425,167973.325218,168090.46885299997,80107.0274
2026-09-08T10:10:33+00:00,2026-09-08,4329123,Shanghai: Luca Castelnuovo vs Chun-Hsin Tseng,atp-casteln-tseng-2026-09-08,2026-09-15T07:00:00Z,Luca Castelnuovo,0.9995,Chun-Hsin Tseng,0.0005,165633.92015599998,165633.920156,219102.23601
2026-09-08T10:10:33+00:00,2026-09-08,2772178,Will Villarreal win the 2026-27 UEFA Champions League Championship?,will-villarreal-win-the-2026-27-uefa-champions-league-championship-20260701202025562,2027-05-30T23:59:00Z,Yes,0.0055,No,0.9945,164654.21000000002,412144.50663200003,116026.57772
2026-09-08T10:10:33+00:00,2026-09-08,4051221,LoL: Dplus KIA Challengers vs Nongshim Esports Academy (BO5) - LCK Challengers League Playoffs,lol-dkc-nsea-2026-09-08,2026-09-08T15:30:00Z,Dplus KIA Challengers,0.725,Nongshim Esports Academy,0.275,162238.72556000002,163344.95794799988,45015.7324
2026-09-08T10:10:33+00:00,2026-09-08,2772173,Will Napoli win the 2026-27 UEFA Champions League Championship?,will-napoli-win-the-2026-27-uefa-champions-league-championship-20260701202025557,2027-05-30T23:59:00Z,Yes,0.007,No,0.993,160802.35,437907.4982169999,116347.61614
2026-09-08T10:10:33+00:00,2026-09-08,4268759,Seville: Inaki Montes vs Raul Brancaccio,atp-montes-brancac-2026-09-07,2026-09-14T09:00:00Z,Inaki Montes,0.495,Raul Brancaccio,0.505,154462.41948800004,156241.49623700004,134715.5839
2026-09-08T10:10:33+00:00,2026-09-08,3977525,Will Real Madrid CF win on 2026-09-08?,ucl-rma-int-2026-09-08-rma,2026-09-08T19:00:00Z,Yes,0.605,No,0.395,139676.12532400008,231580.37298199994,378727.7772
2026-09-08T10:10:33+00:00,2026-09-08,3965782,"Will Elon Musk post 200-219 tweets from September 1 to September 8, 2026?",elon-musk-of-tweets-september-1-september-8-2026-200-219,2026-09-08T16:00:00Z,Yes,0.935,No,0.065,134916.364208,203255.17548299985,7670.0993
2026-09-08T10:10:33+00:00,2026-09-08,682715,Will Yariv Levin be the next Prime Minister of Israel?,will-yariv-levin-be-the-next-prime-minister-of-israel,2026-12-31T00:00:00Z,Yes,0.0015,No,0.9985,132919.483,1863158.3570680001,94658.5002
2026-09-08T10:10:33+00:00,2026-09-08,3965785,"Will Elon Musk post 220-239 tweets from September 1 to September 8, 2026?",elon-musk-of-tweets-september-1-september-8-2026-220-239,2026-09-08T16:00:00Z,Yes,0.062,No,0.938,131862.101207,206115.40404600013,5436.48042
2026-09-08T10:10:33+00:00,2026-09-08,3978798,BV Borussia 09 Dortmund vs. Villarreal CF: O/U 3.5,ucl-bvb-vil-2026-09-08-total-3pt5,2026-09-08T19:00:00Z,Over,0.435,Under,0.565,126977.338449,127778.47075900003,101515.8997
2026-09-08T10:10:33+00:00,2026-09-08,4312498,US Open ATP: Frances Tiafoe vs Alex Michelsen,atp-tiafoe-michels-2026-09-08,2026-09-15T15:30:00Z,Frances Tiafoe,0.575,Alex Michelsen,0.425,123259.40308599999,138866.157213,276565.4008
2026-09-08T10:10:33+00:00,2026-09-08,560317,"Putin out as President of Russia by December 31, 2026?",putin-out-before-2027-346,2027-01-01T04:59:00Z,Yes,0.065,No,0.935,118256.193881,20195599.08203399,592455.4389
2026-09-08T10:10:33+00:00,2026-09-08,601819,Will Luiz Inácio Lula da Silva win the 2026 Brazilian presidential election?,will-luiz-incio-lula-da-silva-win-the-2026-brazilian-presidential-election,2026-10-04T00:00:00Z,Yes,0.555,No,0.445,117335.31649499998,10006302.50442899,283942.4983
2026-09-08T10:10:33+00:00,2026-09-08,4293934,LoL: Invictus Gaming vs LGD Gaming - Game 2 Winner,lol-ig1-lgd-2026-09-08-game2,2026-09-08T13:00:00Z,Invictus Gaming,0.65,LGD Gaming,0.35,117039.139395,96344.85204199998,77572.0398
2026-09-08T10:10:33+00:00,2026-09-08,562002,Will Erika Kirk win the 2028 Republican presidential nomination?,will-erika-kirk-win-the-2028-republican-presidential-nomination,2028-11-07T00:00:00Z,Yes,0.001,No,0.999,116189.839,18944595.373152006,2099506.5555
2026-09-08T10:10:33+00:00,2026-09-08,4174612,Trump out as President by September 30?,dtrump-out-as-president-by-september-30,2026-10-01T03:59:00Z,Yes,0.0085,No,0.9915,114551.67283799998,395978.38567100023,204254.73931
2026-09-08T10:10:33+00:00,2026-09-08,2774057,Strait of Hormuz traffic returns to normal by September 30?,strait-of-hormuz-traffic-returns-to-normal-by-september-30-20260702154339440,2026-09-30T00:00:00Z,Yes,0.019,No,0.981,114442.58752399975,7969524.260659998,310690.63696
2026-09-08T10:10:33+00:00,2026-09-08,4294072,Antalya 4: Julie Struplova vs Alevtina Ibragimova,wta-struplo-ibragim-2026-09-08,2026-09-15T08:00:00Z,Julie Struplova,0.0005,Alevtina Ibragimova,0.9995,110864.52674300002,114721.42257700002,314401.3289
2026-09-08T10:10:33+00:00,2026-09-08,665513,Friedrich Merz out as Chancellor of Germany before 2027?,friedrich-merz-out-as-chancellor-of-germany-before-2027,2027-01-01T04:59:00Z,Yes,0.135,No,0.865,108554.82481099998,874092.2715980002,82669.4784
2026-09-08T10:10:33+00:00,2026-09-08,601826,Will Flávio Bolsonaro win the 2026 Brazilian presidential election?,will-flvio-bolsonaro-win-the-2026-brazilian-presidential-election,2026-10-04T00:00:00Z,Yes,0.4215,No,0.5785,108068.60027600001,9897006.841575,217790.26448
2026-09-08T10:10:33+00:00,2026-09-08,3978761,Spread: FC Internazionale Milano (-2.5),ucl-rma-int-2026-09-08-spread-away-2pt5,2026-09-08T19:00:00Z,FC Internazionale Milano,0.019,Real Madrid CF,0.981,106505.09543700001,122341.736627,19111.43332
2026-09-08T10:10:33+00:00,2026-09-08,4061232,"Will the price of Bitcoin be above $84,000 on September 8?",bitcoin-above-84k-on-september-8-2026,2026-09-08T16:00:00Z,Yes,0.0015,No,0.9985,105206.98549,139268.57644,43635.62124
2026-09-08T10:10:33+00:00,2026-09-08,4339627,Dota 2: Power Rangers vs HULIGANI - Game 1 Winner,dota2-pr1-huliga-2026-09-08-game1,2026-09-08T13:00:00Z,Power Rangers,0.03,HULIGANI,0.97,104121.95844100002,104121.95844100002,38005.60408
2026-09-08T10:10:33+00:00,2026-09-08,4061223,"Will the price of Bitcoin be above $76,000 on September 8?",bitcoin-above-76k-on-september-8-2026,2026-09-08T16:00:00Z,Yes,0.9875,No,0.0125,103674.802693,142045.5852529999,36064.47664
2026-09-08T10:10:33+00:00,2026-09-08,2772180,Will Real Betis win the 2026-27 UEFA Champions League Championship?,will-real-betis-win-the-2026-27-uefa-champions-league-championship-20260701202025564,2027-05-30T23:59:00Z,Yes,0.0045,No,0.9955,103301.23,357908.88781499997,121571.95873
2026-09-08T10:10:33+00:00,2026-09-08,4051212,LoL: Dplus KIA Challengers vs Nongshim Esports Academy - Game 1 Winner,lol-dkc-nsea-2026-09-08-game1,2026-09-08T15:30:00Z,Dplus KIA Challengers,0.995,Nongshim Esports Academy,0.005,100314.67495,100192.741301,137830.39
2026-09-08T10:10:33+00:00,2026-09-08,4268701,Shanghai: Elias Ymer vs Pavel Kotov,atp-ymer-kotov-2026-09-06,2026-09-14T02:00:00Z,Elias Ymer,0.0005,Pavel Kotov,0.9995,99861.24532099998,99653.34655400002,483541.26886
2026-09-08T10:10:33+00:00,2026-09-08,1163699,Clarity Act (H.R.3633) signed into law in 2026?,clarity-act-signed-into-law-in-2026,2027-01-01T05:00:00Z,Yes,0.155,No,0.845,98254.34596800001,14265354.747455005,435137.8455
2026-09-08T10:10:33+00:00,2026-09-08,2772185,Will Lens win the 2026-27 UEFA Champions League Championship?,will-lens-win-the-2026-27-uefa-champions-league-championship-20260701202025569,2027-05-30T23:59:00Z,Yes,0.0035,No,0.9965,97977.75,490297.629415,188279.01466
2026-09-08T10:10:33+00:00,2026-09-08,3977534,Will Feyenoord Rotterdam win on 2026-09-09?,ucl-fcb-fey-2026-09-09-fey,2026-09-09T16:45:00Z,Yes,0.0305,No,0.9695,95708.204127,101867.98612699998,139444.50814
2026-09-08T10:10:33+00:00,2026-09-08,3702042,"US announces end of Iranian blockade by September 14, 2026?",us-announces-end-of-iranian-blockade-by-september-14-2026,2026-09-15T03:59:00Z,Yes,0.035,No,0.965,95399.51479500001,1196542.5349430016,116319.43482
2026-09-08T10:10:33+00:00,2026-09-08,3994377,Counter-Strike: G2 vs Astralis (BO3) - FISSURE PLAYGROUND Group A,cs2-g2-ast10-2026-09-08,2026-09-08T18:00:00Z,G2,0.695,Astralis,0.305,94861.73317699997,95691.86555700016,159444.9806
2026-09-08T10:10:33+00:00,2026-09-08,601836,Will Augusto Cury win the 2026 Brazilian presidential election?,will-augusto-cury-win-the-2026-brazilian-presidential-election,2026-10-04T00:00:00Z,Yes,0.0125,No,0.9875,94537.180915,4284414.613356004,376039.98401
2026-09-08T10:10:33+00:00,2026-09-08,3994357,Counter-Strike: GamerLegion vs FURIA (BO3) - FISSURE PLAYGROUND Group B,cs2-gl1-furia-2026-09-08,2026-09-08T18:00:00Z,GamerLegion,0.155,FURIA,0.845,93660.988767,94457.29936599999,79052.0332
2026-09-08T10:10:33+00:00,2026-09-08,4061225,"Will the price of Bitcoin be above $78,000 on September 8?",bitcoin-above-78k-on-september-8-2026,2026-09-08T16:00:00Z,Yes,0.845,No,0.155,93310.45320499998,131470.99034799996,38178.6271
2026-09-08T10:10:33+00:00,2026-09-08,3965788,"Will Elon Musk post 240-259 tweets from September 1 to September 8, 2026?",elon-musk-of-tweets-september-1-september-8-2026-240-259,2026-09-08T16:00:00Z,Yes,0.0025,No,0.9975,91879.426091,162569.8454079999,16450.47095
2026-09-08T10:10:33+00:00,2026-09-08,4328738,Map Handicap: G2 (-1.5) vs Astralis (+1.5),cs2-g2-ast10-2026-09-08-map-handicap-away-1pt5,2026-09-08T18:00:00Z,G2,0.425,Astralis,0.575,91017.755767,91017.75576700002,99215.1002
2026-09-08T10:10:33+00:00,2026-09-08,4061229,"Will the price of Bitcoin be above $82,000 on September 8?",bitcoin-above-82k-on-september-8-2026,2026-09-08T16:00:00Z,Yes,0.009,No,0.991,90940.981087,114869.01465099999,37671.6209
2026-09-08T10:10:33+00:00,2026-09-08,3128887,"US announces end of Iranian blockade by September 30, 2026?",us-announces-end-of-iranian-blockade-by-september-30-2026-20260727171615364-722-649-646-561-213-644-414-831,2026-10-01T03:59:00Z,Yes,0.145,No,0.855,90705.43920299999,2819590.731167001,92194.1092
2026-09-08T10:10:33+00:00,2026-09-08,3977548,Will Arsenal FC win on 2026-09-09?,ucl-nap-ars-2026-09-09-ars,2026-09-09T19:00:00Z,Yes,0.555,No,0.445,90171.172293,111603.18678200018,191398.8548
2026-09-08T10:10:33+00:00,2026-09-08,4061227,"Will the price of Bitcoin be above $80,000 on September 8?",bitcoin-above-80k-on-september-8-2026,2026-09-08T16:00:00Z,Yes,0.0685,No,0.9315,86545.113775,93094.722111,31768.56311
2026-09-08T10:10:33+00:00,2026-09-08,4311679,US Open WTA: Aryna Sabalenka vs Linda Noskova,wta-sabalen-noskova-2026-09-08,2026-09-15T15:30:00Z,Aryna Sabalenka,0.695,Linda Noskova,0.305,85377.265522,88022.89172300002,257581.2186
2026-09-08T10:10:33+00:00,2026-09-08,4340050,Tulln: Zdenek Kolar vs Olle Wallin,atp-kolar-wallin-2026-09-08,2026-09-15T08:00:00Z,Zdenek Kolar,0.9995,Olle Wallin,0.0005,82576.92574400002,82576.92574399995,173511.27141
2026-09-08T10:10:33+00:00,2026-09-08,562802,Will the Democratic Party control the House after the 2026 Midterm elections?,will-the-democratic-party-control-the-house-after-the-2026-midterm-elections,2026-11-03T00:00:00Z,Yes,0.875,No,0.125,81605.008437,5869217.489214001,618288.2712
2026-09-08T10:10:33+00:00,2026-09-08,4061220,"Will the price of Bitcoin be above $74,000 on September 8?",bitcoin-above-74k-on-september-8-2026,2026-09-08T16:00:00Z,Yes,0.998,No,0.002,81413.20795399998,100507.91164899999,43724.37867
2026-09-08T10:10:33+00:00,2026-09-08,1357380,Will the Denver Broncos win the 2027 NFL league championship?,will-the-denver-broncos-win-the-2027-nfl-league-championship,2027-03-31T23:55:00Z,Yes,0.0695,No,0.9305,80413.885777,1431363.0929760002,204990.82714
2026-09-08T10:10:33+00:00,2026-09-08,559682,Will Hunter Biden win the 2028 Democratic presidential nomination?,will-person-a-win-the-2028-democratic-presidential-nomination,2028-11-07T00:00:00Z,Yes,0.005,No,0.995,79939.746267,44362974.56905703,1156306.80043
2026-09-08T10:10:33+00:00,2026-09-08,1357395,Will the New York Jets win the 2027 NFL league championship?,will-the-new-york-jets-win-the-2027-nfl-league-championship,2027-03-31T23:55:00Z,Yes,0.0055,No,0.9945,77712.885,2081857.154443,328186.14958
2026-09-08T10:10:33+00:00,2026-09-08,4351236,Seville: Carlos Sanchez Jover vs Gonzalo Bueno,atp-jover-bueno-2026-09-08,2026-09-15T09:00:00Z,Carlos Sanchez Jover,0.58,Gonzalo Bueno,0.42,76914.743897,76914.74389700001,81506.5353
2026-09-08T10:10:33+00:00,2026-09-08,3887145,Will FC Seoul win on 2026-09-08?,kor-uls-seo-2026-09-08-seo,2026-09-08T10:30:00Z,Yes,0.455,No,0.545,74831.43494,74842.30450400001,108489.8845
2026-09-08T10:10:33+00:00,2026-09-08,4339037,LAPTOP FDV above $500M one day after launch?,laptop-fdv-above-500m-one-day-after-launch,2026-12-31T23:59:00Z,Yes,0.265,No,0.735,70212.73733,70212.73732999999,45502.1416
2026-09-08T10:10:33+00:00,2026-09-08,3977531,Will Manchester City FC win on 2026-09-08?,ucl-por-mnc-2026-09-08-mnc,2026-09-08T19:00:00Z,Yes,0.575,No,0.425,69931.91150000002,78545.44991100008,214202.9595
2026-09-08T10:10:33+00:00,2026-09-08,1130013,Will the Communist Party of the Russian Federation (KPRF) gain the most seats in the next Russian parliamentary election?,will-the-communist-party-of-the-russian-federation-kprf-gain-the-most-seats-in-the-next-russian-parliamentary-election,2026-09-30T00:00:00Z,Yes,0.0155,No,0.9845,68751.590031,1781368.861344,178909.72924
2026-09-08T10:10:33+00:00,2026-09-08,1088659,Will Qinwen Zheng win the 2026 Women’s US Open?,will-qinwen-zheng-win-the-2026-womens-us-open,2026-09-13T00:00:00Z,Yes,0.028,No,0.972,68118.79567,432278.17992299993,45608.26788
2026-09-08T10:10:33+00:00,2026-09-08,1357385,Will the Jacksonville Jaguars win the 2027 NFL league championship?,will-the-jacksonville-jaguars-win-the-2027-nfl-league-championship,2027-03-31T23:55:00Z,Yes,0.0255,No,0.9745,67783.680089,1438796.1237239996,121543.25453
2026-09-08T10:10:33+00:00,2026-09-08,608551,Will Michael Olise win the 2026 Ballon d'Or?,will-michael-olise-win-the-2026-ballon-dor,2026-10-31T00:00:00Z,Yes,0.002,No,0.998,67490.9445,1477934.675932,409351.64921
2026-09-08T10:10:33+00:00,2026-09-08,703257,Will the US confirm that aliens exist before 2027?,will-the-us-confirm-that-aliens-exist-before-2027-789-924-249,2027-01-01T04:59:00Z,Yes,0.0375,No,0.9625,66544.8157,38107001.37600996,782968.88676
2026-09-08T10:10:33+00:00,2026-09-08,4293944,Game Handicap: IG (-1.5) vs LGD Gaming (+1.5),lol-ig1-lgd-2026-09-08-game-handicap-away-1pt5,2026-09-08T15:00:00Z,Invictus Gaming,0.71,LGD Gaming,0.29,65936.57381899998,93887.60103200005,34910.9983
2026-09-08T10:10:33+00:00,2026-09-08,4336181,Map Handicap: K27 (-1.5) vs largadosypelados (+1.5),cs2-ldp-k271-2026-09-08-map-handicap-home-1pt5,2026-09-08T21:00:00Z,K27,0.545,largadosypelados,0.455,65743.97120399999,65743.971204,21137.5542
2026-09-08T10:10:33+00:00,2026-09-08,561998,Will Ivanka Trump win the 2028 Republican presidential nomination?,will-ivanka-trump-win-the-2028-republican-presidential-nomination,2028-11-07T00:00:00Z,Yes,0.009,No,0.991,64524.68398200001,8554206.838090999,777753.52111
2026-09-08T10:10:33+00:00,2026-09-08,2772184,Will VfB Stuttgart win the 2026-27 UEFA Champions League Championship?,will-vfb-stuttgart-win-the-2026-27-uefa-champions-league-championship-20260701202025568,2027-05-30T23:59:00Z,Yes,0.0055,No,0.9945,63466.56,364468.23663999996,88436.45232
2026-09-08T10:10:33+00:00,2026-09-08,3977540,Will Paris Saint-Germain FC win on 2026-09-09?,ucl-psg-sba-2026-09-09-psg,2026-09-09T19:00:00Z,Yes,0.945,No,0.055,63286.08637199999,65103.81478800001,170965.095
2026-09-08T10:10:33+00:00,2026-09-08,3978759,Spread: FC Internazionale Milano (-1.5),ucl-rma-int-2026-09-08-spread-away-1pt5,2026-09-08T19:00:00Z,FC Internazionale Milano,0.065,Real Madrid CF,0.935,62395.762078,69211.599729,44223.73
2026-09-08T10:10:33+00:00,2026-09-08,2772167,Will Aston Villa win the 2026-27 UEFA Champions League Championship?,will-aston-villa-win-the-2026-27-uefa-champions-league-championship-20260701202025551,2027-05-30T23:59:00Z,Yes,0.009,No,0.991,61942.995555999994,310315.64600300003,132299.16417
2026-09-08T10:10:33+00:00,2026-09-08,567688,Netanyahu out by end of 2026?,netanyahu-out-before-2027-684-719-226-657,2027-01-01T04:59:00Z,Yes,0.475,No,0.525,61244.453542,2362479.082863999,101948.4505
2026-09-08T10:10:33+00:00,2026-09-08,3965789,"Will Elon Musk post 260-279 tweets from September 1 to September 8, 2026?",elon-musk-of-tweets-september-1-september-8-2026-260-279,2026-09-08T16:00:00Z,Yes,0.0005,No,0.9995,60583.093026999995,133835.58275700003,22238.66983
2026-09-08T10:10:33+00:00,2026-09-08,2772191,Will Club Brugge win the 2026-27 UEFA Champions League Championship?,will-club-brugge-win-the-2026-27-uefa-champions-league-championship-20260701202025575,2027-05-30T23:59:00Z,Yes,0.0015,No,0.9985,59303.07,286601.218466,258029.07007
2026-09-08T10:10:33+00:00,2026-09-08,4340038,Genoa: Thiago Seyboth Wild vs Francesco Ferrari,atp-wild-ferrar-2026-09-08,2026-09-15T08:00:00Z,Thiago Seyboth Wild,0.855,Francesco Ferrari,0.145,59140.05846100003,58750.52358400002,26375.0089
2026-09-08T10:10:33+00:00,2026-09-08,1088656,Will Elena Rybakina win the 2026 Women’s US Open?,will-elena-rybakina-win-the-2026-womens-us-open,2026-09-13T00:00:00Z,Yes,0.1975,No,0.8025,58569.159704,359035.0535,59140.59011
2026-09-08T10:10:33+00:00,2026-09-08,3977523,Will Villarreal CF win on 2026-09-08?,ucl-bvb-vil-2026-09-08-vil,2026-09-08T19:00:00Z,Yes,0.235,No,0.765,58301.927544,61612.68596599999,175639.179
2026-09-08T10:10:33+00:00,2026-09-08,2772182,Will Borussia Dortmund win the 2026-27 UEFA Champions League Championship?,will-borussia-dortmund-win-the-2026-27-uefa-champions-league-championship-20260701202025566,2027-05-30T23:59:00Z,Yes,0.0095,No,0.9905,58098.431785,497208.838946,158942.75583
2026-09-08T10:10:33+00:00,2026-09-08,608540,Will Kylian Mbappé win the 2026 Ballon d'Or?,will-kylian-mbapp-win-the-2026-ballon-dor,2026-10-31T00:00:00Z,Yes,0.101,No,0.899,58016.121766,2006810.1502709987,96194.91219
2026-09-08T10:10:33+00:00,2026-09-08,4095052,US x Iran Effective Ceasefire by September 4?,us-x-iran-effective-ceasefire-by-september-4,2026-09-04T23:59:00Z,Yes,0.675,No,0.325,57781.515830000026,515864.0178769998,59928.5166
2026-09-08T10:10:33+00:00,2026-09-08,4293892,Bitcoin Up or Down on September 8?,bitcoin-up-or-down-on-september-8-2026,2026-09-08T16:00:00Z,Up,0.435,Down,0.565,56697.85992300002,56715.720706,26124.5439
2026-09-09T10:14:14+00:00,2026-09-09,2252244,Will there be no change in Fed interest rates after the September 2026 meeting?,will-there-be-no-change-in-fed-interest-rates-after-the-september-2026-meeting-615,2026-09-16T00:00:00Z,Yes,0.465,No,0.535,690675.2420150004,24944568.922548193,522300.8081
2026-09-09T10:14:14+00:00,2026-09-09,4374871,Counter-Strike: BIG vs G2 (BO3) - FISSURE PLAYGROUND Group A,cs2-big5-g2-2026-09-09,2026-09-09T14:10:00Z,BIG,0.345,G2,0.655,518391.81173000013,518388.363454,108287.5361
2026-09-09T10:14:14+00:00,2026-09-09,4360485,Counter-Strike: Legacy vs Alliance (BO3) - FISSURE PLAYGROUND Group B,cs2-lgc-all-2026-09-09,2026-09-09T13:40:00Z,Legacy,0.9995,Alliance,0.0005,513590.3631969999,513590.36319699953,400033.68304
2026-09-09T10:14:14+00:00,2026-09-09,2772194,Will Shakhtar Donetsk win the 2026-27 UEFA Champions League Championship?,will-shakhtar-donetsk-win-the-2026-27-uefa-champions-league-championship-20260701202025578,2027-05-30T23:59:00Z,Yes,0.0015,No,0.9985,416522.0,15277125.839999998,381164.79597
2026-09-09T10:14:14+00:00,2026-09-09,2252243,Will the Fed decrease interest rates by 25 bps after the September 2026 meeting?,will-the-fed-decrease-interest-rates-by-25-bps-after-the-september-2026-meeting-586,2026-09-16T00:00:00Z,Yes,0.0045,No,0.9955,396590.50040499994,32788950.468057007,1943018.02632
2026-09-09T10:14:14+00:00,2026-09-09,4338572,Antalya 4: Lina Gjorcheska vs Aurora Zantedeschi,wta-gjorche-zantede-2026-09-09,2026-09-16T08:00:00Z,Lina Gjorcheska,0.465,Aurora Zantedeschi,0.535,391988.28198699997,391982.15953800024,90552.4266
2026-09-09T10:14:14+00:00,2026-09-09,4366661,LoL: DN SOOPers Challengers vs Nongshim Esports Academy - Game 2 Winner,lol-dnsc-nsea-2026-09-09-game2,2026-09-09T12:00:00Z,DN SOOPers Challengers,0.0005,Nongshim Esports Academy,0.9995,383785.7756769999,383785.7756769998,750642.07863
2026-09-09T10:14:14+00:00,2026-09-09,4366874,Counter-Strike: TYLOO vs GamerLegion (BO3) - FISSURE PLAYGROUND Group B,cs2-tyloo-gl1-2026-09-09,2026-09-09T16:10:00Z,TYLOO,0.545,GamerLegion,0.455,381491.599484,381463.2420519999,140092.5854
2026-09-09T10:14:14+00:00,2026-09-09,3977534,Will Feyenoord Rotterdam win on 2026-09-09?,ucl-fcb-fey-2026-09-09-fey,2026-09-09T16:45:00Z,Yes,0.0285,No,0.9715,379804.89974400005,481672.8858709999,676362.71893
2026-09-09T10:14:14+00:00,2026-09-09,3977543,Will Sporting CP win on 2026-09-09?,ucl-spo-gal-2026-09-09-spo,2026-09-09T19:00:00Z,Yes,0.565,No,0.435,342710.89437000005,343787.44044299965,458611.9813
2026-09-09T10:14:14+00:00,2026-09-09,1088472,Will Carlos Alcaraz win the 2026 Men's US Open?,will-carlos-alcaraz-win-the-2026-mens-us-open,2026-09-13T00:00:00Z,Yes,0.0005,No,0.9995,326464.527444,2575434.9701249963,258668.32132
2026-09-09T10:14:14+00:00,2026-09-09,2252245,Will the Fed increase interest rates by 25 bps after the September 2026 meeting?,will-the-fed-increase-interest-rates-by-25-bps-after-the-september-2026-meeting-649,2026-09-16T00:00:00Z,Yes,0.525,No,0.475,326061.882519,19556272.490369055,502966.3263
2026-09-09T10:14:14+00:00,2026-09-09,2252246,Will the Fed increase interest rates by 50+ bps after the September 2026 meeting?,will-the-fed-increase-interest-rates-by-50-bps-after-the-september-2026-meeting-664,2026-09-16T00:00:00Z,Yes,0.0065,No,0.9935,316773.53249600006,14262659.460602015,949599.40029
2026-09-09T10:14:14+00:00,2026-09-09,4095052,US x Iran Effective Ceasefire by September 4?,us-x-iran-effective-ceasefire-by-september-4,2026-09-04T23:59:00Z,Yes,0.485,No,0.515,295563.9071010001,811427.9249780001,51653.7767
2026-09-09T10:14:14+00:00,2026-09-09,3977532,Will FC Barcelona win on 2026-09-09?,ucl-fcb-fey-2026-09-09-fcb,2026-09-09T16:45:00Z,Yes,0.905,No,0.095,294131.0869579999,336263.5839800001,462812.2856
2026-09-09T10:14:14+00:00,2026-09-09,2176270,Strait of Hormuz traffic returns to normal by December 31?,strait-of-hormuz-traffic-returns-to-normal-by-december-31,2026-12-31T00:00:00Z,Yes,0.205,No,0.795,287693.86212899996,10861213.555713994,454568.1933
2026-09-09T10:14:14+00:00,2026-09-09,4324568,Counter-Strike: B8 vs BET-M 33 (BO3) - PGL Masters Bucharest: European Qualifier Playoffs,cs2-b8-33-2026-09-09,2026-09-09T17:00:00Z,B8,0.675,BET-M 33,0.325,254540.17815000005,256661.18936400008,79344.9659
2026-09-09T10:14:14+00:00,2026-09-09,1130012,Will United Russia (ER) gain the most seats in the next Russian parliamentary election?,will-united-russia-er-gain-the-most-seats-in-the-next-russian-parliamentary-election,2026-09-30T00:00:00Z,Yes,0.735,No,0.265,249986.122637,9480464.775576001,399040.7975
2026-09-09T10:14:14+00:00,2026-09-09,1088476,Will Ben Shelton win the 2026 Men's US Open?,will-ben-shelton-win-the-2026-mens-us-open,2026-09-13T00:00:00Z,Yes,0.357,No,0.643,231957.09375800003,1027992.3135409999,71196.64485
2026-09-09T10:14:14+00:00,2026-09-09,1163699,Clarity Act (H.R.3633) signed into law in 2026?,clarity-act-signed-into-law-in-2026,2027-01-01T05:00:00Z,Yes,0.145,No,0.855,229685.854657,14495040.602112003,434562.6263
2026-09-09T10:14:14+00:00,2026-09-09,2772180,Will Real Betis win the 2026-27 UEFA Champions League Championship?,will-real-betis-win-the-2026-27-uefa-champions-league-championship-20260701202025564,2027-05-30T23:59:00Z,Yes,0.006,No,0.994,226356.671584,584265.5593990001,86435.27452
2026-09-09T10:14:14+00:00,2026-09-09,1129894,Will United Russia (ER) win the most seats in the next Russian parliamentary election?,will-united-russia-er-win-the-most-seats-in-the-next-russian-parliamentary-election,2026-09-30T00:00:00Z,Yes,0.9905,No,0.0095,223758.22445800004,1126554.467999,141030.62719
2026-09-09T10:14:14+00:00,2026-09-09,4366662,LoL: DN SOOPers Challengers vs Nongshim Esports Academy - Game 3 Winner,lol-dnsc-nsea-2026-09-09-game3,2026-09-09T13:00:00Z,DN SOOPers Challengers,0.265,Nongshim Esports Academy,0.735,214160.0832870001,210526.83261699998,43692.8525
2026-09-09T10:14:14+00:00,2026-09-09,4366660,LoL: DN SOOPers Challengers vs Nongshim Esports Academy - Game 1 Winner,lol-dnsc-nsea-2026-09-09-game1,2026-09-09T12:00:00Z,DN SOOPers Challengers,0.0005,Nongshim Esports Academy,0.9995,197972.13435699994,197972.134357,673774.42388
2026-09-09T10:14:14+00:00,2026-09-09,4364352,Counter-Strike: Heroic vs BESTIA (BO3) - Thunderpick World Championship Closed Qualifier Group A,cs2-hero-bst-2026-09-09,2026-09-09T17:00:00Z,Heroic,0.785,BESTIA,0.215,197873.070254,197873.07025399993,82352.2048
2026-09-09T10:14:14+00:00,2026-09-09,608551,Will Michael Olise win the 2026 Ballon d'Or?,will-michael-olise-win-the-2026-ballon-dor,2026-10-31T00:00:00Z,Yes,0.0035,No,0.9965,196608.89133500002,1674543.5672669997,256754.68013
2026-09-09T10:14:14+00:00,2026-09-09,4340072,Shanghai: Marat Sharipov vs Taro Daniel,atp-sharipo-daniel-2026-09-08,2026-09-16T02:00:00Z,Marat Sharipov,0.475,Taro Daniel,0.525,186860.72131200007,186378.66266200002,58219.995
2026-09-09T10:14:14+00:00,2026-09-09,3977548,Will Arsenal FC win on 2026-09-09?,ucl-nap-ars-2026-09-09-ars,2026-09-09T19:00:00Z,Yes,0.595,No,0.405,186708.50501500006,298374.6817969994,731355.9224
2026-09-09T10:14:14+00:00,2026-09-09,4364356,Counter-Strike: 3DMAX vs Acend (BO3) - Thunderpick World Championship Closed Qualifier Group C,cs2-3dmax-ace1-2026-09-09,2026-09-09T17:00:00Z,3DMAX,0.765,Acend,0.235,181217.401424,181217.401424,103701.0442
2026-09-09T10:14:14+00:00,2026-09-09,4360484,Counter-Strike: Legacy vs Alliance - Map 2 Winner,cs2-lgc-all-2026-09-09-game2,2026-09-09T13:40:00Z,Legacy,0.9995,Alliance,0.0005,178794.41238000002,178794.41238000005,189161.85727
2026-09-09T10:14:14+00:00,2026-09-09,601819,Will Luiz Inácio Lula da Silva win the 2026 Brazilian presidential election?,will-luiz-incio-lula-da-silva-win-the-2026-brazilian-presidential-election,2026-10-04T00:00:00Z,Yes,0.525,No,0.475,176754.04931600002,10183056.553744992,218927.557
2026-09-09T10:14:14+00:00,2026-09-09,561995,Will Mike Pence win the 2028 Republican presidential nomination?,will-mike-pence-win-the-2028-republican-presidential-nomination,2028-11-07T00:00:00Z,Yes,0.0015,No,0.9985,162106.474,43686321.795431025,1827879.35016
2026-09-09T10:14:14+00:00,2026-09-09,1088490,Will Frances Tiafoe win the 2026 Men's US Open?,will-frances-tiafoe-win-the-2026-mens-us-open,2026-09-13T00:00:00Z,Yes,0.1,No,0.9,152737.402561,829779.9419340001,76168.55966
2026-09-09T10:14:14+00:00,2026-09-09,4374870,Counter-Strike: BIG vs G2 - Map 2 Winner,cs2-big5-g2-2026-09-09-game2,2026-09-09T14:10:00Z,BIG,0.0635,G2,0.9365,150853.095611,148116.43561099996,49865.47794
2026-09-09T10:14:14+00:00,2026-09-09,4007894,Spread: Paris Saint-Germain FC (-3.5),ucl-psg-sba-2026-09-09-spread-home-3pt5,2026-09-09T19:00:00Z,Paris Saint-Germain FC,0.525,ŠK Slovan Bratislava,0.475,150139.379273,150606.19346100002,177796.5089
2026-09-09T10:14:14+00:00,2026-09-09,2772184,Will VfB Stuttgart win the 2026-27 UEFA Champions League Championship?,will-vfb-stuttgart-win-the-2026-27-uefa-champions-league-championship-20260701202025568,2027-05-30T23:59:00Z,Yes,0.0065,No,0.9935,145196.19777799997,509664.43441799993,91618.86434
2026-09-09T10:14:14+00:00,2026-09-09,4144729,"Will the price of Bitcoin be above $82,000 on September 9?",bitcoin-above-82k-on-september-9-2026,2026-09-09T16:00:00Z,Yes,0.0145,No,0.9855,144257.918682,164378.09191,32228.38866
2026-09-09T10:14:14+00:00,2026-09-09,4339037,LAPTOP FDV above $500M one day after launch?,laptop-fdv-above-500m-one-day-after-launch,2026-12-31T23:59:00Z,Yes,0.265,No,0.735,139937.509027,210150.24635700003,34938.0758
2026-09-09T10:14:14+00:00,2026-09-09,3701690,Israel closes its airspace by September 30?,israel-closes-its-airspace-by-september-30,2026-10-01T03:59:00Z,Yes,0.958,No,0.042,134928.65248199998,2352802.3791470006,183575.33695
2026-09-09T10:14:14+00:00,2026-09-09,3215074,Kharg Island no longer under Iranian control by September 30?,kharg-island-no-longer-under-iranian-control-by-september-30-20260730004207224,2026-10-01T03:59:00Z,Yes,0.0135,No,0.9865,132472.92058499996,1172078.2278260002,271556.8399
2026-09-09T10:14:14+00:00,2026-09-09,2772190,Will Sporting CP win the 2026-27 UEFA Champions League Championship?,will-sporting-cp-win-the-2026-27-uefa-champions-league-championship-20260701202025574,2027-05-30T23:59:00Z,Yes,0.0055,No,0.9945,131639.926,415643.32783799997,172596.68844
2026-09-09T10:14:14+00:00,2026-09-09,4374882,Counter-Strike: BetBoom Team vs Astralis (BO3) - FISSURE PLAYGROUND Group A,cs2-bb3-ast10-2026-09-09,2026-09-09T18:00:00Z,BetBoom Team,0.505,Astralis,0.495,130999.71392899998,130988.46392900002,241559.8081
2026-09-09T10:14:14+00:00,2026-09-09,4339038,LAPTOP FDV above $1B one day after launch?,laptop-fdv-above-1b-one-day-after-launch,2026-12-31T23:59:00Z,Yes,0.125,No,0.875,130898.44054600001,159547.58733200005,35916.7885
2026-09-09T10:14:14+00:00,2026-09-09,4385898,Counter-Strike: HOTU vs Nemiga (BO3) - 1win Private Club #1: Closed Qualifier Playoffs,cs2-hotu-nemi1-2026-09-09,2026-09-09T18:00:00Z,HOTU,0.465,Nemiga,0.535,130427.29920699999,130417.49920700003,76570.6499
2026-09-09T10:14:14+00:00,2026-09-09,3090816,"Will CMI declare a Millennium Prize Problem solved by December 31, 2026?",will-cmi-declare-a-millennium-prize-problem-solved-by-december-31-2026-20260723160122980,2027-01-01T04:59:00Z,Yes,0.09,No,0.91,129814.134305,203873.83226899998,81238.7921
2026-09-09T10:14:14+00:00,2026-09-09,1130017,Will Rodina gain the most seats in the next Russian parliamentary election?,will-rodina-gain-the-most-seats-in-the-next-russian-parliamentary-election,2026-09-30T00:00:00Z,Yes,0.0005,No,0.9995,129166.856,3022612.204644001,213036.51545
2026-09-09T10:14:14+00:00,2026-09-09,2772178,Will Villarreal win the 2026-27 UEFA Champions League Championship?,will-villarreal-win-the-2026-27-uefa-champions-league-championship-20260701202025562,2027-05-30T23:59:00Z,Yes,0.004,No,0.996,123553.52,535698.026632,121079.07387
2026-09-09T10:14:14+00:00,2026-09-09,2772189,Will Porto win the 2026-27 UEFA Champions League Championship?,will-porto-win-the-2026-27-uefa-champions-league-championship-20260701202025573,2027-05-30T23:59:00Z,Yes,0.0035,No,0.9965,121375.96,484694.31710399996,147084.71359
2026-09-09T10:14:14+00:00,2026-09-09,4324570,Map Handicap: B8 (-1.5) vs BET-M 33 (+1.5),cs2-b8-33-2026-09-09-map-handicap-away-1pt5,2026-09-09T17:00:00Z,B8,0.405,BET-M 33,0.595,120737.66379600001,120737.66379600007,22018.9637
2026-09-09T10:14:14+00:00,2026-09-09,3501952,Strait of Hormuz traffic returns to normal by September 15?,strait-of-hormuz-traffic-returns-to-normal-by-september-15-20260810150912478,2026-09-15T00:00:00Z,Yes,0.0035,No,0.9965,117181.92367300003,1760482.0590049997,492307.86047
2026-09-09T10:14:14+00:00,2026-09-09,2639520,Will Israeli forces withdraw from beyond the Litani River by December 31,will-israeli-forces-withdraw-from-beyond-the-litani-river-by-december-31,2027-01-01T04:59:00Z,Yes,0.18,No,0.82,115853.818766,508587.9437860001,36564.3526
2026-09-09T10:14:14+00:00,2026-09-09,2774057,Strait of Hormuz traffic returns to normal by September 30?,strait-of-hormuz-traffic-returns-to-normal-by-september-30-20260702154339440,2026-09-30T00:00:00Z,Yes,0.017,No,0.983,114957.83877800016,8084482.099438,343397.40341
2026-09-09T10:14:14+00:00,2026-09-09,665513,Friedrich Merz out as Chancellor of Germany before 2027?,friedrich-merz-out-as-chancellor-of-germany-before-2027,2027-01-01T04:59:00Z,Yes,0.145,No,0.855,113419.783219,986925.2548170004,93630.9902
2026-09-09T10:14:14+00:00,2026-09-09,4339036,LAPTOP FDV above $250M one day after launch?,laptop-fdv-above-250m-one-day-after-launch,2026-12-31T23:59:00Z,Yes,0.455,No,0.545,110279.83534299998,127551.52133199993,18163.7974
2026-09-09T10:14:14+00:00,2026-09-09,665374,Will the U.S. invade Iran before 2027?,will-the-us-invade-iran-before-2027,2027-01-01T04:59:00Z,Yes,0.145,No,0.855,109863.78902399998,65040034.123226985,802355.6493
2026-09-09T10:14:14+00:00,2026-09-09,3978634,Paris Saint-Germain FC vs. ŠK Slovan Bratislava: O/U 4.5,ucl-psg-sba-2026-09-09-total-4pt5,2026-09-09T19:00:00Z,Over,0.495,Under,0.505,109761.09503900002,111936.38705100001,254081.2192
2026-09-09T10:14:14+00:00,2026-09-09,4347084,Counter-Strike: ShindeN vs Fluxo W7M (BO3) - PGL Masters Bucharest: South American Closed Qualifier Playoffs,cs2-shin-fxw7-2026-09-09,2026-09-09T20:00:00Z,ShindeN,0.515,Fluxo W7M,0.485,108699.858706,118360.96308199996,63300.7585
2026-09-09T10:14:14+00:00,2026-09-09,3399458,Israel x Iran ceasefire continues through September 30?,israel-x-iran-ceasefire-continues-through-september-30,2026-09-30T20:29:00Z,Yes,0.865,No,0.135,108133.47365300001,1520583.715076001,79126.4866
2026-09-09T10:14:14+00:00,2026-09-09,562802,Will the Democratic Party control the House after the 2026 Midterm elections?,will-the-democratic-party-control-the-house-after-the-2026-midterm-elections,2026-11-03T00:00:00Z,Yes,0.875,No,0.125,106982.58316900003,5976200.0723830005,606296.9736
2026-09-09T10:14:14+00:00,2026-09-09,567621,Will China invade Taiwan by end of 2026?,will-china-invade-taiwan-before-2027,2026-12-31T00:00:00Z,Yes,0.0395,No,0.9605,105312.53755700002,41086956.21729584,434942.23675
2026-09-09T10:14:14+00:00,2026-09-09,601836,Will Augusto Cury win the 2026 Brazilian presidential election?,will-augusto-cury-win-the-2026-brazilian-presidential-election,2026-10-04T00:00:00Z,Yes,0.0075,No,0.9925,104162.87638200002,4388577.489738004,440220.26406
2026-09-09T10:14:14+00:00,2026-09-09,2252242,Will the Fed decrease interest rates by 50+ bps after the September 2026 meeting?,will-the-fed-decrease-interest-rates-by-50-bps-after-the-september-2026-meeting-863,2026-09-16T00:00:00Z,Yes,0.0015,No,0.9985,102741.153,13968047.564784996,980972.62731
2026-09-09T10:14:14+00:00,2026-09-09,561250,Will Elon Musk win the 2028 US Presidential Election?,will-elon-musk-win-the-2028-us-presidential-election,2028-11-07T00:00:00Z,Yes,0.0015,No,0.9985,102089.698,27079287.48582104,1587220.4004
2026-09-09T10:14:14+00:00,2026-09-09,4366665,LoL: DN SOOPers Challengers vs Nongshim Esports Academy (BO5) - LCK Challengers League Playoffs,lol-dnsc-nsea-2026-09-09,2026-09-09T14:00:00Z,DN SOOPers Challengers,0.04,Nongshim Esports Academy,0.96,101058.38583199999,100991.97583199997,58983.1528
2026-09-09T10:14:14+00:00,2026-09-09,3977549,Will Liverpool FC win on 2026-09-09?,ucl-liv-atm-2026-09-09-liv,2026-09-09T19:00:00Z,Yes,0.555,No,0.445,100938.26628600003,132436.2605760006,455845.1146
2026-09-09T10:14:14+00:00,2026-09-09,3954343,Will WTI Crude Oil (WTI) hit (HIGH) $95 in September?,will-wti-reach-95-in-september-2026,2026-10-01T03:59:59.999Z,Yes,0.9995,No,0.0005,98881.51082700002,302341.16717000015,84184.7072
2026-09-09T10:14:14+00:00,2026-09-09,4144730,"Will the price of Bitcoin be above $84,000 on September 9?",bitcoin-above-84k-on-september-9-2026,2026-09-09T16:00:00Z,Yes,0.0045,No,0.9955,96644.41215300001,115289.84968700001,43654.83397
2026-09-09T10:14:14+00:00,2026-09-09,1130015,Will the Liberal Democratic Party of Russia (LDPR) gain the most seats in the next Russian parliamentary election?,will-the-liberal-democratic-party-of-russia-ldpr-gain-the-most-seats-in-the-next-russian-parliamentary-election,2026-09-30T00:00:00Z,Yes,0.0285,No,0.9715,94894.54840300001,3695932.6195509997,263197.51844
2026-09-09T10:14:14+00:00,2026-09-09,2772182,Will Borussia Dortmund win the 2026-27 UEFA Champions League Championship?,will-borussia-dortmund-win-the-2026-27-uefa-champions-league-championship-20260701202025566,2027-05-30T23:59:00Z,Yes,0.0105,No,0.9895,91889.779051,589098.6179969998,125632.79021
2026-09-09T10:14:14+00:00,2026-09-09,1130016,Will New People (NL) gain the most seats in the next Russian parliamentary election?,will-new-people-nl-gain-the-most-seats-in-the-next-russian-parliamentary-election,2026-09-30T00:00:00Z,Yes,0.2235,No,0.7765,90842.53548100001,2801203.5183750014,193929.9666
2026-09-09T10:14:14+00:00,2026-09-09,4144719,"Will the price of Bitcoin be above $74,000 on September 9?",bitcoin-above-74k-on-september-9-2026,2026-09-09T16:00:00Z,Yes,0.9975,No,0.0025,90829.248934,118120.34808899998,36472.68663
2026-09-09T10:14:14+00:00,2026-09-09,608540,Will Kylian Mbappé win the 2026 Ballon d'Or?,will-kylian-mbapp-win-the-2026-ballon-dor,2026-10-31T00:00:00Z,Yes,0.1225,No,0.8775,89484.91522799998,2096295.065498999,111246.37968
2026-09-09T10:14:14+00:00,2026-09-09,2491342,"Will Base launch a token by September 30, 2026?",will-base-launch-a-token-by-september-30-2026,2026-10-01T04:00:00Z,Yes,0.007,No,0.993,89113.47203399999,497641.69730099995,147332.43517
2026-09-09T10:14:14+00:00,2026-09-09,601827,Will Ronaldo Caiado win the 2026 Brazilian presidential election?,will-ronaldo-caiado-win-the-2026-brazilian-presidential-election,2026-10-04T00:00:00Z,Yes,0.0025,No,0.9975,87626.12899999999,7339467.9264429975,914021.33386
2026-09-09T10:14:14+00:00,2026-09-09,4144721,"Will the price of Bitcoin be above $76,000 on September 9?",bitcoin-above-76k-on-september-9-2026,2026-09-09T16:00:00Z,Yes,0.985,No,0.015,87540.54078699999,119343.31675100005,33991.5908
2026-09-09T10:14:14+00:00,2026-09-09,4360487,Map Handicap: LGC (-1.5) vs Alliance (+1.5),cs2-lgc-all-2026-09-09-map-handicap-away-1pt5,2026-09-09T13:40:00Z,Legacy,0.9995,Alliance,0.0005,85924.517505,85924.51750500003,90178.16551
2026-09-09T10:14:14+00:00,2026-09-09,1088475,Will Alexander Zverev win the 2026 Men's US Open?,will-alexander-zverev-win-the-2026-mens-us-open,2026-09-13T00:00:00Z,Yes,0.4425,No,0.5575,85343.70206699999,1082038.0727590004,64618.14531
2026-09-09T10:14:14+00:00,2026-09-09,4324560,Counter-Strike: Nuclear TigeRES vs 1WIN (BO3) - PGL Masters Bucharest: European Qualifier Playoffs,cs2-ntr-1win-2026-09-09,2026-09-09T14:15:00Z,Nuclear TigeRES,0.0005,1WIN,0.9995,84607.72307300003,84999.711946,159262.64477
2026-09-09T10:14:14+00:00,2026-09-09,4144717,"Will the price of Bitcoin be above $72,000 on September 9?",bitcoin-above-72k-on-september-9-2026,2026-09-09T16:00:00Z,Yes,0.9985,No,0.0015,83190.64008599998,101413.96742899998,48508.5389
2026-09-09T10:14:14+00:00,2026-09-09,4144703,"Will the price of Ethereum be above $2,600 on September 9?",ethereum-above-2600-on-september-9-2026,2026-09-09T16:00:00Z,Yes,0.023,No,0.977,81231.639174,86599.34538699996,25294.54457
2026-09-09T10:14:14+00:00,2026-09-09,4364348,Counter-Strike: HOTU vs Wildcard (BO3) - Thunderpick World Championship Closed Qualifier Group B,cs2-hotu-wc1-2026-09-09,2026-09-09T14:00:00Z,HOTU,0.9995,Wildcard,0.0005,79999.829483,79999.82948300005,214563.56492
2026-09-09T10:14:14+00:00,2026-09-09,4358547,Counter-Strike: Team Nemesis vs Sinners (BO3) - 1win Private Club #1: Closed Qualifier Playoffs,cs2-nem-sin2-2026-09-09,2026-09-09T15:00:00Z,Team Nemesis,0.77,Sinners,0.23,78155.09524799998,78175.11197200003,19123.5241
2026-09-09T10:14:14+00:00,2026-09-09,1088502,Will Karen Khachanov win the 2026 Men's US Open?,will-karen-khachanov-win-the-2026-mens-us-open,2026-09-13T00:00:00Z,Yes,0.039,No,0.961,78062.90793700001,501539.43526299996,124625.54277
2026-09-09T10:14:14+00:00,2026-09-09,4366885,Counter-Strike: PARIVISION vs FURIA (BO3) - FISSURE PLAYGROUND Group B,cs2-prv-furia-2026-09-09,2026-09-09T18:00:00Z,PARIVISION,0.335,FURIA,0.665,77334.56558000001,77310.66558,246986.4504
2026-09-09T10:14:14+00:00,2026-09-09,562831,"2026 Balance of Power: R Senate, R House",2026-balance-of-power-r-senate-r-house-537,2026-11-03T00:00:00Z,Yes,0.115,No,0.885,76328.47063,2861482.962714999,287906.9406
2026-09-09T10:14:14+00:00,2026-09-09,4364577,M15 Tsaghkadzor: Grigory Shebekin vs Artur Kukasian,itf-shebek1-kukasi1-2026-09-09,2026-09-16T07:30:00Z,Grigory Shebekin,0.825,Artur Kukasian,0.175,76313.17588399998,76313.175884,3614.1027
2026-09-09T10:14:14+00:00,2026-09-09,608565,Will Lionel Messi win the 2026 Ballon d'Or?,will-lionel-messi-win-the-2026-ballon-dor,2026-10-31T00:00:00Z,Yes,0.0295,No,0.9705,75806.492296,2414461.6626849975,186839.10215
2026-09-09T10:14:14+00:00,2026-09-09,3220771,Patriots vs. Seahawks,nfl-ne-sea-2026-09-10,2026-09-10T00:20:00Z,Patriots,0.385,Seahawks,0.615,74595.84621999998,89260.551265,1361586.3766
2026-09-09T10:14:14+00:00,2026-09-09,4144727,"Will the price of Bitcoin be above $80,000 on September 9?",bitcoin-above-80k-on-september-9-2026,2026-09-09T16:00:00Z,Yes,0.145,No,0.855,73107.405404,87365.43492100005,31758.1598
2026-09-09T10:14:14+00:00,2026-09-09,2772181,Will Bayern Munich win the 2026-27 UEFA Champions League Championship?,will-bayern-munich-win-the-2026-27-uefa-champions-league-championship-20260701202025565,2027-05-30T23:59:00Z,Yes,0.155,No,0.845,72659.85208599998,391597.94977300003,189182.2008
2026-09-09T10:14:14+00:00,2026-09-09,4360556,Cassis: Mathys Erhard vs Daniil Glinka,atp-erhard-glinka-2026-09-09,2026-09-16T09:00:00Z,Mathys Erhard,0.485,Daniil Glinka,0.515,72585.381201,72569.05708899998,146607.146
2026-09-09T10:14:14+00:00,2026-09-09,4321672,LoL: Sentinels vs FlyQuest (BO5) - LCS Playoffs,lol-sen-fly-2026-09-13,2026-09-14T02:00:00Z,Sentinels,0.535,FlyQuest,0.465,70492.92919800001,80657.12821200003,37350.8095
2026-09-09T10:14:14+00:00,2026-09-09,4250939,"Will Elon Musk post 40-64 tweets from September 7 to September 9, 2026?",elon-musk-of-tweets-september-7-september-9-2026-40-64,2026-09-09T16:00:00Z,Yes,0.965,No,0.035,69957.569677,87368.97600000005,7715.5657
2026-09-09T10:14:14+00:00,2026-09-09,4144732,"Will the price of Bitcoin be above $86,000 on September 9?",bitcoin-above-86k-on-september-9-2026,2026-09-09T16:00:00Z,Yes,0.0015,No,0.9985,67433.247334,98143.65607699999,38671.99556
2026-09-09T10:14:14+00:00,2026-09-09,3128887,"US announces end of Iranian blockade by September 30, 2026?",us-announces-end-of-iranian-blockade-by-september-30-2026-20260727171615364-722-649-646-561-213-644-414-831,2026-10-01T03:59:00Z,Yes,0.145,No,0.855,67297.913496,2886888.6446630005,116199.6344
2026-09-09T10:14:14+00:00,2026-09-09,4144723,"Will the price of Bitcoin be above $78,000 on September 9?",bitcoin-above-78k-on-september-9-2026,2026-09-09T16:00:00Z,Yes,0.88,No,0.12,67291.895154,88203.66465300001,34572.24631
2026-09-09T10:14:14+00:00,2026-09-09,1088659,Will Qinwen Zheng win the 2026 Women’s US Open?,will-qinwen-zheng-win-the-2026-womens-us-open,2026-09-13T00:00:00Z,Yes,0.0425,No,0.9575,66954.032015,499232.2119379998,58701.3234
2026-09-09T10:14:14+00:00,2026-09-09,4339035,LAPTOP FDV above $100M one day after launch?,laptop-fdv-above-100m-one-day-after-launch,2026-12-31T23:59:00Z,Yes,0.725,No,0.275,66322.29233,75355.91386000003,25134.9406
2026-09-09T10:14:14+00:00,2026-09-09,3128886,"US announces end of Iranian blockade by December 31, 2026?",us-announces-end-of-iranian-blockade-by-december-31-2026-20260727171803489-375-949-645-919-269-157-255-857,2027-01-01T04:59:00Z,Yes,0.578,No,0.422,66102.223768,1510012.263379999,242109.78912
2026-09-09T10:14:14+00:00,2026-09-09,2772169,Will Manchester City win the 2026-27 UEFA Champions League Championship?,will-manchester-city-win-the-2026-27-uefa-champions-league-championship-20260701202025553,2027-05-30T23:59:00Z,Yes,0.085,No,0.915,64408.54921099999,362201.92270499986,247668.6885
2026-09-10T10:08:43+00:00,2026-09-10,2252244,Will there be no change in Fed interest rates after the September 2026 meeting?,will-there-be-no-change-in-fed-interest-rates-after-the-september-2026-meeting-615,2026-09-16T00:00:00Z,Yes,0.455,No,0.545,1291149.3525600005,26234874.828299202,502382.5794
2026-09-10T10:08:43+00:00,2026-09-10,4339038,LAPTOP FDV above $1B one day after launch?,laptop-fdv-above-1b-one-day-after-launch,2026-12-31T23:59:00Z,Yes,0.245,No,0.755,1141021.1025720006,1299939.3112209989,38958.5904
2026-09-10T10:08:43+00:00,2026-09-10,2252246,Will the Fed increase interest rates by 50+ bps after the September 2026 meeting?,will-the-fed-increase-interest-rates-by-50-bps-after-the-september-2026-meeting-664,2026-09-16T00:00:00Z,Yes,0.0075,No,0.9925,1015869.0044030001,15278525.74883902,696516.38419
2026-09-10T10:08:43+00:00,2026-09-10,3977566,Will FK Bodø/Glimt win on 2026-09-10?,ucl-bay-bog-2026-09-10-bog,2026-09-10T19:00:00Z,Yes,0.0315,No,0.9685,884646.4840110005,902308.7156439999,651462.34145
2026-09-10T10:08:43+00:00,2026-09-10,2252245,Will the Fed increase interest rates by 25 bps after the September 2026 meeting?,will-the-fed-increase-interest-rates-by-25-bps-after-the-september-2026-meeting-649,2026-09-16T00:00:00Z,Yes,0.535,No,0.465,863476.4611239992,20419748.951493066,576500.0218
2026-09-10T10:08:43+00:00,2026-09-10,2252243,Will the Fed decrease interest rates by 25 bps after the September 2026 meeting?,will-the-fed-decrease-interest-rates-by-25-bps-after-the-september-2026-meeting-586,2026-09-16T00:00:00Z,Yes,0.0045,No,0.9955,861261.2149349999,33595068.184492,1343728.09758
2026-09-10T10:08:43+00:00,2026-09-10,2252242,Will the Fed decrease interest rates by 50+ bps after the September 2026 meeting?,will-the-fed-decrease-interest-rates-by-50-bps-after-the-september-2026-meeting-863,2026-09-16T00:00:00Z,Yes,0.0015,No,0.9985,716678.954,14684220.514784995,1196441.84736
2026-09-10T10:08:43+00:00,2026-09-10,4339037,LAPTOP FDV above $500M one day after launch?,laptop-fdv-above-500m-one-day-after-launch,2026-12-31T23:59:00Z,Yes,0.835,No,0.165,661771.2911760005,871921.5375329993,48827.8813
2026-09-10T10:08:43+00:00,2026-09-10,4095052,US x Iran Effective Ceasefire by September 4?,us-x-iran-effective-ceasefire-by-september-4,2026-09-04T23:59:00Z,Yes,0.615,No,0.385,502182.86129399925,1313599.5747329989,66329.7624
2026-09-10T10:08:43+00:00,2026-09-10,4408301,Counter-Strike: MIBR vs BetBoom Team (BO3) - FISSURE PLAYGROUND Group A,cs2-mibr-bb3-2026-09-10,2026-09-10T15:00:00Z,MIBR,0.445,BetBoom Team,0.555,430354.4877169999,603952.5522390002,207073.8399
2026-09-10T10:08:43+00:00,2026-09-10,4408283,Counter-Strike: Astralis vs 5star (BO3) - FISSURE PLAYGROUND Group A,cs2-ast10-5s-2026-09-10,2026-09-10T13:20:00Z,Astralis,0.59,5star,0.41,427860.9579560001,427860.95795600023,39365.7392
2026-09-10T10:08:43+00:00,2026-09-10,2772194,Will Shakhtar Donetsk win the 2026-27 UEFA Champions League Championship?,will-shakhtar-donetsk-win-the-2026-27-uefa-champions-league-championship-20260701202025578,2027-05-30T23:59:00Z,Yes,0.0015,No,0.9985,423316.283,15696192.352999996,402709.42737
2026-09-10T10:08:43+00:00,2026-09-10,4409463,Counter-Strike: Legacy vs FURIA - Map 1 Winner,cs2-lgc-furia-2026-09-10-game1,2026-09-10T13:00:00Z,Legacy,0.9995,FURIA,0.0005,364579.3067050003,364509.3067049998,1032767.59416
2026-09-10T10:08:43+00:00,2026-09-10,4409465,Counter-Strike: Legacy vs FURIA (BO3) - FISSURE PLAYGROUND Group B,cs2-lgc-furia-2026-09-10,2026-09-10T15:00:00Z,Legacy,0.675,FURIA,0.325,356499.6637629998,356494.6637630001,93218.3257
2026-09-10T10:08:43+00:00,2026-09-10,4339036,LAPTOP FDV above $250M one day after launch?,laptop-fdv-above-250m-one-day-after-launch,2026-12-31T23:59:00Z,Yes,0.963,No,0.037,349367.197049,476304.0755249999,44736.59837
2026-09-10T10:08:43+00:00,2026-09-10,4366719,LoL: T1 Academy vs Dplus KIA Challengers - Game 2 Winner,lol-t1a-dkc-2026-09-10-game2,2026-09-10T12:00:00Z,T1 Academy,0.0005,Dplus KIA Challengers,0.9995,345979.800872,346007.530872,952978.6438
2026-09-10T10:08:43+00:00,2026-09-10,4366718,LoL: T1 Academy vs Dplus KIA Challengers - Game 1 Winner,lol-t1a-dkc-2026-09-10-game1,2026-09-10T12:00:00Z,T1 Academy,0.9995,Dplus KIA Challengers,0.0005,301721.3456579999,301761.982022,561316.32792
2026-09-10T10:08:43+00:00,2026-09-10,1088495,Will Casper Ruud win the 2026 Men's US Open?,will-casper-ruud-win-the-2026-mens-us-open,2026-09-13T00:00:00Z,Yes,0.0005,No,0.9995,258240.0,284857.74,43010.46267
2026-09-10T10:08:43+00:00,2026-09-10,3977564,Will FC Bayern München win on 2026-09-10?,ucl-bay-bog-2026-09-10-bay,2026-09-10T19:00:00Z,Yes,0.905,No,0.095,250296.605414,264607.2670379998,950565.1515
2026-09-10T10:08:43+00:00,2026-09-10,3977554,Will AS Roma win on 2026-09-10?,ucl-fen-rom-2026-09-10-rom,2026-09-10T16:45:00Z,Yes,0.455,No,0.545,244360.87863600004,255822.39088700016,398513.0031
2026-09-10T10:08:43+00:00,2026-09-10,4360566,Phan Thiet 3: Philip Sekulic vs Koki Matsuda,atp-sekulic-matsuda-2026-09-09,2026-09-17T03:00:00Z,Philip Sekulic,0.5925,Koki Matsuda,0.4075,237071.16526300003,237071.165263,50780.34066
2026-09-10T10:08:43+00:00,2026-09-10,4339035,LAPTOP FDV above $100M one day after launch?,laptop-fdv-above-100m-one-day-after-launch,2026-12-31T23:59:00Z,Yes,0.9795,No,0.0205,230204.69055499998,305560.6044150003,39129.39022
2026-09-10T10:08:43+00:00,2026-09-10,3977558,Will Como 1907 win on 2026-09-10?,ucl-com-rbl-2026-09-10-com,2026-09-10T19:00:00Z,Yes,0.555,No,0.445,221864.0573690001,229163.4385230002,378189.4115
2026-09-10T10:08:43+00:00,2026-09-10,3340157,Spread: Rams (-3.5),nfl-sf-la-2026-09-11-spread-home-3pt5,2026-09-11T00:35:00Z,Rams,0.505,49ers,0.495,214706.527067,239141.80089200003,227468.4179
2026-09-10T10:08:43+00:00,2026-09-10,601825,Will Renan Santos win the 2026 Brazilian presidential election?,will-renan-santos-win-the-2026-brazilian-presidential-election,2026-10-04T00:00:00Z,Yes,0.0175,No,0.9825,207942.24048999997,13065351.19172,379305.64393
2026-09-10T10:08:43+00:00,2026-09-10,2243309,Will Toronto Raptors win the 2027 NBA Finals?,will-toronto-raptors-win-the-2027-nba-finals,2027-07-01T00:00:00Z,Yes,0.0305,No,0.9695,202108.41,672714.4471639999,318336.57644
2026-09-10T10:08:43+00:00,2026-09-10,4329804,Counter-Strike: Chicken Coop Esports vs Marsborne (BO3) - PGL Masters Bucharest: North American Qualifier Playoffs,cs2-cce-mars-2026-09-09,2026-09-10T08:00:00Z,Chicken Coop Esports,0.31,Marsborne,0.69,200740.66131800003,201200.932747,22363.4167
2026-09-10T10:08:43+00:00,2026-09-10,948957,"Bitcoin all time high by September 30, 2026?",bitcoin-all-time-high-by-september-30-2026,2026-10-01T03:59:00Z,Yes,0.0035,No,0.9965,193017.91280100011,1368996.0892460002,115982.11667
2026-09-10T10:08:43+00:00,2026-09-10,4366722,LoL: T1 Academy vs Dplus KIA Challengers (BO5) - LCK Challengers League Playoffs,lol-t1a-dkc-2026-09-10,2026-09-10T14:00:00Z,T1 Academy,0.645,Dplus KIA Challengers,0.355,175323.09653100002,183637.42602500017,61829.4064
2026-09-10T10:08:43+00:00,2026-09-10,4406630,Counter-Strike: BESTIA vs Virtus.pro (BO3) - Thunderpick World Championship Closed Qualifier Group A,cs2-bst-vp-2026-09-10,2026-09-10T14:00:00Z,BESTIA,0.0005,Virtus.pro,0.9995,172851.1241039999,172851.1241040001,280086.45216
2026-09-10T10:08:43+00:00,2026-09-10,679058,Will François Baroin win the 2027 French presidential election?,will-franois-baroin-win-the-2027-french-presidential-election,2027-04-30T00:00:00Z,Yes,0.0005,No,0.9995,169740.25,740818.7539990001,527847.35604
2026-09-10T10:08:43+00:00,2026-09-10,679056,Will Lucie Castets win the 2027 French presidential election?,will-lucie-castets-win-the-2027-french-presidential-election,2027-04-30T00:00:00Z,Yes,0.0005,No,0.9995,168169.52,418273.51800000004,542635.61165
2026-09-10T10:08:43+00:00,2026-09-10,679055,Will Karim Bouamrane win the 2027 French presidential election?,will-karim-bouamrane-win-the-2027-french-presidential-election,2027-04-30T00:00:00Z,Yes,0.0005,No,0.9995,167655.273,484303.395283,555104.87658
2026-09-10T10:08:43+00:00,2026-09-10,679057,Will Yannick Jadot win the 2027 French presidential election?,will-yannick-jadot-win-the-2027-french-presidential-election,2027-04-30T00:00:00Z,Yes,0.0005,No,0.9995,167433.87,750448.5235860001,544487.92131
2026-09-10T10:08:43+00:00,2026-09-10,4190626,"Will the price of Bitcoin be above $72,000 on September 10?",bitcoin-above-72k-on-september-10-2026,2026-09-10T16:00:00Z,Yes,0.9985,No,0.0015,163090.932001,182414.98320200003,63722.06
2026-09-10T10:08:43+00:00,2026-09-10,1088475,Will Alexander Zverev win the 2026 Men's US Open?,will-alexander-zverev-win-the-2026-mens-us-open,2026-09-13T00:00:00Z,Yes,0.5065,No,0.4935,160158.28466900002,1241108.997909001,85303.4392
2026-09-10T10:08:43+00:00,2026-09-10,2774057,Strait of Hormuz traffic returns to normal by September 30?,strait-of-hormuz-traffic-returns-to-normal-by-september-30-20260702154339440,2026-09-30T00:00:00Z,Yes,0.0135,No,0.9865,149093.0951520001,8233575.194589999,331129.67362
2026-09-10T10:08:43+00:00,2026-09-10,2176270,Strait of Hormuz traffic returns to normal by December 31?,strait-of-hormuz-traffic-returns-to-normal-by-december-31,2026-12-31T00:00:00Z,Yes,0.165,No,0.835,144849.426556,11006062.982269995,497989.5925
2026-09-10T10:08:43+00:00,2026-09-10,4190639,"Will the price of Bitcoin be above $84,000 on September 10?",bitcoin-above-84k-on-september-10-2026,2026-09-10T16:00:00Z,Yes,0.0015,No,0.9985,144465.946244,177038.90644399996,54947.23929
2026-09-10T10:08:43+00:00,2026-09-10,682705,Will Benjamin Netanyahu be the next Prime Minister of Israel?,will-benjamin-netanyahu-be-the-next-prime-minister-of-israel,2026-12-31T00:00:00Z,Yes,0.275,No,0.725,139870.86358700006,3768819.4668739997,121403.3128
2026-09-10T10:08:43+00:00,2026-09-10,4413504,Counter-Strike: Wildcard vs EYEBALLERS (BO3) - Thunderpick World Championship Closed Qualifier Group B,cs2-wc1-eye-2026-09-10,2026-09-10T17:00:00Z,Wildcard,0.545,EYEBALLERS,0.455,139350.06642,139281.43896900013,104758.1555
2026-09-10T10:08:43+00:00,2026-09-10,4408285,Map Handicap: AST (-1.5) vs 5star (+1.5),cs2-ast10-5s-2026-09-10-map-handicap-away-1pt5,2026-09-10T13:20:00Z,Astralis,0.0005,5star,0.9995,138030.856223,138016.57050999996,175494.49478
2026-09-10T10:08:43+00:00,2026-09-10,4174612,Trump out as President by September 30?,dtrump-out-as-president-by-september-30,2026-10-01T03:59:00Z,Yes,0.0095,No,0.9905,136150.120092,574198.9779780002,217637.10884
2026-09-10T10:08:43+00:00,2026-09-10,4409096,Counter-Strike: 1WIN vs B8 (BO3) - PGL Masters Bucharest: European Qualifier Playoffs,cs2-1win-b8-2026-09-10,2026-09-10T20:00:00Z,1WIN,0.445,B8,0.555,133390.27439800004,133390.27439800004,150402.7838
2026-09-10T10:08:43+00:00,2026-09-10,601826,Will Flávio Bolsonaro win the 2026 Brazilian presidential election?,will-flvio-bolsonaro-win-the-2026-brazilian-presidential-election,2026-10-04T00:00:00Z,Yes,0.4645,No,0.5355,129025.32419399999,10090042.029737998,219512.51449
2026-09-10T10:08:43+00:00,2026-09-10,4190630,"Will the price of Bitcoin be above $76,000 on September 10?",bitcoin-above-76k-on-september-10-2026,2026-09-10T16:00:00Z,Yes,0.971,No,0.029,128997.52240500003,151002.78724600005,41216.87504
2026-09-10T10:08:43+00:00,2026-09-10,601836,Will Augusto Cury win the 2026 Brazilian presidential election?,will-augusto-cury-win-the-2026-brazilian-presidential-election,2026-10-04T00:00:00Z,Yes,0.0025,No,0.9975,125742.34537599998,4513430.395114004,462823.52229
2026-09-10T10:08:43+00:00,2026-09-10,1130014,Will A Just Russia – For Truth (SRZP) gain the most seats in the next Russian parliamentary election?,will-a-just-russia-for-truth-srzp-gain-the-most-seats-in-the-next-russian-parliamentary-election,2026-09-30T00:00:00Z,Yes,0.0015,No,0.9985,125673.75700000001,2302950.5009380006,553938.21987
2026-09-10T10:08:43+00:00,2026-09-10,3977569,Will Sabah FK win on 2026-09-10?,ucl-mnu-sf-2026-09-10-sf,2026-09-10T19:00:00Z,Yes,0.0285,No,0.9715,123547.01176299983,139080.81895800002,178321.77388
2026-09-10T10:08:43+00:00,2026-09-10,679059,Will Marion Maréchal win the 2027 French presidential election?,will-marion-marchal-win-the-2027-french-presidential-election,2027-04-30T00:00:00Z,Yes,0.0005,No,0.9995,121428.0,439475.243,511401.51504
2026-09-10T10:08:43+00:00,2026-09-10,3399458,Israel x Iran ceasefire continues through September 30?,israel-x-iran-ceasefire-continues-through-september-30,2026-09-30T20:29:00Z,Yes,0.865,No,0.135,121234.82527800006,1641808.540354001,59404.7461
2026-09-10T10:08:43+00:00,2026-09-10,4339034,LAPTOP FDV above $50M one day after launch?,laptop-fdv-above-50m-one-day-after-launch,2026-12-31T23:59:00Z,Yes,0.9935,No,0.0065,120668.361506,169051.09245099997,28879.03389
2026-09-10T10:08:43+00:00,2026-09-10,920401,Will Apple release a foldable iPhone before 2027?,will-apple-release-a-foldable-iphone-before-2027-636-997-854,2026-12-31T04:59:00Z,Yes,0.9945,No,0.0055,119113.018374,617262.8920569997,32636.55966
2026-09-10T10:08:43+00:00,2026-09-10,1088476,Will Ben Shelton win the 2026 Men's US Open?,will-ben-shelton-win-the-2026-mens-us-open,2026-09-13T00:00:00Z,Yes,0.3655,No,0.6345,118630.62237699999,1144887.841831,67608.76424
2026-09-10T10:08:43+00:00,2026-09-10,4190831,"Will Bitcoin dip to $77,500 in September?",will-bitcoin-dip-to-77pt5k-in-september-2026-from-september-3,2026-10-01T04:00:00Z,Yes,0.918,No,0.082,114220.436228,207204.80621399992,61401.03181
2026-09-10T10:08:43+00:00,2026-09-10,3239630,49ers vs. Rams,nfl-sf-la-2026-09-11,2026-09-11T00:35:00Z,49ers,0.355,Rams,0.645,112457.662387,182995.75552399998,824946.8219
2026-09-10T10:08:43+00:00,2026-09-10,2772171,Will Liverpool win the 2026-27 UEFA Champions League Championship?,will-liverpool-win-the-2026-27-uefa-champions-league-championship-20260701202025555,2027-05-30T23:59:00Z,Yes,0.045,No,0.955,108467.88,295244.79478900007,223694.8237
2026-09-10T10:08:43+00:00,2026-09-10,4368443,Antalya 4: Francesca Jones vs Rositsa Dencheva,wta-jones-denchev-2026-09-09,2026-09-16T08:00:00Z,Francesca Jones,0.77,Rositsa Dencheva,0.23,108098.25374700002,108098.253747,88534.1721
2026-09-10T10:08:43+00:00,2026-09-10,4419244,Counter-Strike: Sinners vs Nuclear TigeRES (BO3) - 1win Private Club #1: Closed Qualifier Playoffs,cs2-sin2-ntr-2026-09-10,2026-09-10T17:00:00Z,Sinners,0.545,Nuclear TigeRES,0.455,107784.270932,107784.27093200001,94227.354
2026-09-10T10:08:43+00:00,2026-09-10,4429217,Counter-Strike: Back to Back  vs Galorys (BO3) - PGL Masters Bucharest: South American Closed Qualifier Playoffs,cs2-backto-gls1-2026-09-10,2026-09-10T23:00:00Z,Back to Back ,0.325,Galorys,0.675,97668.54326000002,97668.54325999999,17368.2504
2026-09-10T10:08:43+00:00,2026-09-10,3866513,Will WTI Crude Oil (WTI) hit (HIGH) $100 in September?,will-wti-reach-100-in-september-2026,2026-10-01T03:59:59.999Z,Yes,0.705,No,0.295,97491.743098,396018.77340600005,33020.1269
2026-09-10T10:08:43+00:00,2026-09-10,601820,Will Jair Bolsonaro win the 2026 Brazilian presidential election?,will-jair-bolsonaro-win-the-2026-brazilian-presidential-election,2026-10-04T00:00:00Z,Yes,0.0015,No,0.9985,97255.34300000001,6749802.292874,518125.3812
2026-09-10T10:08:43+00:00,2026-09-10,4413512,Counter-Strike: HOTU vs Team Nemesis (BO3) - Thunderpick World Championship Closed Qualifier Group B,cs2-hotu-nem-2026-09-10,2026-09-10T17:00:00Z,HOTU,0.495,Team Nemesis,0.505,97027.66750400004,97027.66750399998,67547.9416
2026-09-10T10:08:43+00:00,2026-09-10,3501952,Strait of Hormuz traffic returns to normal by September 15?,strait-of-hormuz-traffic-returns-to-normal-by-september-15-20260810150912478,2026-09-15T00:00:00Z,Yes,0.0035,No,0.9965,94011.128084,1854430.7497739997,445269.64264
2026-09-10T10:08:43+00:00,2026-09-10,4190628,"Will the price of Bitcoin be above $74,000 on September 10?",bitcoin-above-74k-on-september-10-2026,2026-09-10T16:00:00Z,Yes,0.9935,No,0.0065,93993.284564,122106.24229599991,39039.58316
2026-09-10T10:08:43+00:00,2026-09-10,4050678,"Will Elon Musk post 120-139 tweets from September 4 to September 11, 2026?",elon-musk-of-tweets-september-4-september-11-2026-120-139,2026-09-11T16:00:00Z,Yes,0.0025,No,0.9975,93208.844198,213723.14776100006,36992.35651
2026-09-10T10:08:43+00:00,2026-09-10,4362621,LoL: Anyone's Legend vs Invictus Gaming (BO5) - LPL Playoffs,lol-al-ig1-2026-09-12,2026-09-12T15:00:00Z,Anyone's Legend,0.475,Invictus Gaming,0.525,92567.50738700002,154379.74673700004,142240.9961
2026-09-10T10:08:43+00:00,2026-09-10,601828,Will Romeu Zema win the 2026 Brazilian presidential election?,will-romeu-zema-win-the-2026-brazilian-presidential-election,2026-10-04T00:00:00Z,Yes,0.0015,No,0.9985,92151.37,6786047.330068001,928478.82768
2026-09-10T10:08:43+00:00,2026-09-10,4409110,LAPTOP FDV above $350M one day after launch?,laptop-fdv-above-350m-one-day-after-launch,2026-12-31T23:59:00Z,Yes,0.925,No,0.075,91649.65051400001,91649.65051400004,26832.252
2026-09-10T10:08:43+00:00,2026-09-10,4168072,US x Iran Effective Ceasefire by September 7?,us-x-iran-effective-ceasefire-by-september-7,2026-09-07T23:59:00Z,Yes,0.615,No,0.385,89091.217864,186805.98145300036,19266.7087
2026-09-10T10:08:43+00:00,2026-09-10,2772185,Will Lens win the 2026-27 UEFA Champions League Championship?,will-lens-win-the-2026-27-uefa-champions-league-championship-20260701202025569,2027-05-30T23:59:00Z,Yes,0.0025,No,0.9975,89070.83,587718.549415,215349.70659
2026-09-10T10:08:43+00:00,2026-09-10,665727,Will Iran withdraw from the NPT before 2027?,will-iran-withdraw-from-the-npt-before-2027,2027-01-01T04:59:00Z,Yes,0.1435,No,0.8565,88186.395558,500146.89110600005,26414.38108
2026-09-10T10:08:43+00:00,2026-09-10,703257,Will the US confirm that aliens exist before 2027?,will-the-us-confirm-that-aliens-exist-before-2027-789-924-249,2027-01-01T04:59:00Z,Yes,0.0305,No,0.9695,87341.870819,38217453.57691797,723957.19625
2026-09-10T10:08:43+00:00,2026-09-10,1088502,Will Karen Khachanov win the 2026 Men's US Open?,will-karen-khachanov-win-the-2026-mens-us-open,2026-09-13T00:00:00Z,Yes,0.0595,No,0.9405,86869.97495100003,588406.4641550002,87892.52425
2026-09-10T10:08:43+00:00,2026-09-10,3701690,Israel closes its airspace by September 30?,israel-closes-its-airspace-by-september-30,2026-10-01T03:59:00Z,Yes,0.9605,No,0.0395,83952.114438,2436460.4935850007,151440.15958
2026-09-10T10:08:43+00:00,2026-09-10,1130012,Will United Russia (ER) gain the most seats in the next Russian parliamentary election?,will-united-russia-er-gain-the-most-seats-in-the-next-russian-parliamentary-election,2026-09-30T00:00:00Z,Yes,0.745,No,0.255,82745.510534,9563185.150976999,394609.9141
2026-09-10T10:08:43+00:00,2026-09-10,4190635,"Will the price of Bitcoin be above $80,000 on September 10?",bitcoin-above-80k-on-september-10-2026,2026-09-10T16:00:00Z,Yes,0.03,No,0.97,80411.20471,100517.95586900004,34277.72621
2026-09-10T10:08:43+00:00,2026-09-10,4190637,"Will the price of Bitcoin be above $82,000 on September 10?",bitcoin-above-82k-on-september-10-2026,2026-09-10T16:00:00Z,Yes,0.008,No,0.992,78393.51380599999,89800.07653999998,35872.38463
2026-09-10T10:08:43+00:00,2026-09-10,601819,Will Luiz Inácio Lula da Silva win the 2026 Brazilian presidential election?,will-luiz-incio-lula-da-silva-win-the-2026-brazilian-presidential-election,2026-10-04T00:00:00Z,Yes,0.515,No,0.485,78068.11132799998,10261082.998405991,248097.7948
2026-09-10T10:08:43+00:00,2026-09-10,4340082,Cassis: Moez Echargui vs Billy Harris,atp-echargu-harris-2026-09-09,2026-09-16T09:00:00Z,Moez Echargui,0.215,Billy Harris,0.785,77830.99217100002,78068.21914099995,143617.5592
2026-09-10T10:08:43+00:00,2026-09-10,2696747,"US-Iran Final Nuclear Deal by December 31, 2026?",us-iran-final-nuclear-deal-by-december-31-2026-191,2027-01-01T04:59:00Z,Yes,0.095,No,0.905,76242.26768800002,2647713.953690999,283454.2848
2026-09-10T10:08:43+00:00,2026-09-10,4050686,"Will Elon Musk post 140-159 tweets from September 4 to September 11, 2026?",elon-musk-of-tweets-september-4-september-11-2026-140-159,2026-09-11T16:00:00Z,Yes,0.1935,No,0.8065,75520.048943,179886.060112,16274.09792
2026-09-10T10:08:43+00:00,2026-09-10,4339032,LAPTOP FDV above $10M one day after launch?,laptop-fdv-above-10m-one-day-after-launch,2026-12-31T23:59:00Z,Yes,0.9985,No,0.0015,74930.30246400001,115491.40840300004,54437.91603
2026-09-10T10:08:43+00:00,2026-09-10,601829,Will Camilo Santana win the 2026 Brazilian presidential election?,will-camilo-santana-win-the-2026-brazilian-presidential-election,2026-10-04T00:00:00Z,Yes,0.0005,No,0.9995,71897.13,5517423.549656999,537184.13451
2026-09-10T10:08:43+00:00,2026-09-10,4368270,Bitcoin Up or Down on September 10?,bitcoin-up-or-down-on-september-10-2026,2026-09-10T16:00:00Z,Up,0.225,Down,0.775,71715.441944,71747.16194399999,23196.55
2026-09-10T10:08:43+00:00,2026-09-10,667081,Will Zelenskyy and Putin meet next in Qatar / UAE before 2027?,will-zelenskyy-and-putin-meet-next-in-qatar-uae,2027-01-01T04:59:00Z,Yes,0.012,No,0.988,70686.038181,484554.90661699994,65659.07248
2026-09-10T10:08:43+00:00,2026-09-10,3399203,Russia Elections: Yabloko Clears Duma Threshold?,russia-elections-yabloko-clears-duma-threshold,2026-09-20T23:59:00Z,Yes,0.006,No,0.994,69482.04635,670539.860425,125996.53028
2026-09-10T10:08:43+00:00,2026-09-10,4052438,"Will Bitcoin dip to $55,000 in September?",will-bitcoin-dip-to-55k-in-september-2026,2026-10-01T04:00:00Z,Yes,0.015,No,0.985,69270.94069100001,468830.21857300005,85003.1236
2026-09-10T10:08:43+00:00,2026-09-10,562831,"2026 Balance of Power: R Senate, R House",2026-balance-of-power-r-senate-r-house-537,2026-11-03T00:00:00Z,Yes,0.125,No,0.875,68802.792567,2930285.7552819997,235634.5821
2026-09-10T10:08:43+00:00,2026-09-10,1088654,Will Coco Gauff win the 2026 Women’s US Open?,will-coco-gauff-win-the-2026-womens-us-open,2026-09-13T00:00:00Z,Yes,0.2415,No,0.7585,68133.72672400001,279182.78178200015,41401.25992
2026-09-10T10:08:43+00:00,2026-09-10,3902370,Israel x Iran ceasefire continues through November 30?,israel-x-iran-ceasefire-continues-through-november-30,2026-11-30T20:29:00Z,Yes,0.68,No,0.32,68096.15410399999,175962.693143,40532.4818
2026-09-10T10:08:43+00:00,2026-09-10,4409088,Counter-Strike: Nuclear TigeRES vs BET-M 33 (BO3) - PGL Masters Bucharest: European Qualifier Playoffs,cs2-ntr-33-2026-09-10,2026-09-10T14:00:00Z,Nuclear TigeRES,0.62,BET-M 33,0.38,67401.44710300001,67401.447103,13908.8725
2026-09-10T10:08:43+00:00,2026-09-10,3978366,FC Bayern München vs. FK Bodø/Glimt: O/U 5.5,ucl-bay-bog-2026-09-10-total-5pt5,2026-09-10T19:00:00Z,Over,0.365,Under,0.635,66952.84622800001,66952.84622800001,131221.3117
2026-09-10T10:08:43+00:00,2026-09-10,665374,Will the U.S. invade Iran before 2027?,will-the-us-invade-iran-before-2027,2027-01-01T04:59:00Z,Yes,0.145,No,0.855,66592.65985799998,65106414.70168903,872152.683
2026-09-10T10:08:43+00:00,2026-09-10,4428426,Counter-Strike: ShindeN vs Turma do Pagode (BO3) - PGL Masters Bucharest: South American Closed Qualifier Playoffs,cs2-shin-tdp-2026-09-10,2026-09-10T20:00:00Z,ShindeN,0.695,Turma do Pagode,0.305,65678.58312999998,65678.58313,30243.343
2026-09-10T10:08:43+00:00,2026-09-10,682714,Will Gideon Sa’ar be the next Prime Minister of Israel?,will-gideon-saar-be-the-next-prime-minister-of-israel,2026-12-31T00:00:00Z,Yes,0.0005,No,0.9995,62442.485864,2287569.115906999,103507.08428
2026-09-10T10:08:43+00:00,2026-09-10,4190613,"Will the price of Ethereum be above $2,600 on September 10?",ethereum-above-2600-on-september-10-2026,2026-09-10T16:00:00Z,Yes,0.0135,No,0.9865,62013.681082999996,68363.73655299994,27394.81059
2026-09-10T10:08:43+00:00,2026-09-10,559675,Will Jon Stewart win the 2028 Democratic presidential nomination?,will-jon-stewart-win-the-2028-democratic-presidential-nomination-518,2028-11-07T00:00:00Z,Yes,0.001,No,0.999,60651.4,24722723.581530016,290578.14188
2026-09-10T10:08:43+00:00,2026-09-10,1088652,Will Aryna Sabalenka win the 2026 Women’s US Open?,will-aryna-sabalenka-win-the-2026-womens-us-open,2026-09-13T00:00:00Z,Yes,0.37,No,0.63,60649.49724199999,302093.2685829998,51422.146
2026-09-10T10:08:43+00:00,2026-09-10,3128887,"US announces end of Iranian blockade by September 30, 2026?",us-announces-end-of-iranian-blockade-by-september-30-2026-20260727171615364-722-649-646-561-213-644-414-831,2026-10-01T03:59:00Z,Yes,0.135,No,0.865,60421.578912000004,2947310.2235750007,123079.3991
2026-09-11T10:06:04+00:00,2026-09-11,2252244,Will there be no change in Fed interest rates after the September 2026 meeting?,will-there-be-no-change-in-fed-interest-rates-after-the-september-2026-meeting-615,2026-09-16T00:00:00Z,Yes,0.385,No,0.615,1914274.040118002,28148648.868417025,379381.283
2026-09-11T10:06:04+00:00,2026-09-11,2252245,Will the Fed increase interest rates by 25 bps after the September 2026 meeting?,will-the-fed-increase-interest-rates-by-25-bps-after-the-september-2026-meeting-649,2026-09-16T00:00:00Z,Yes,0.605,No,0.395,1863285.523225995,22283034.474719018,340308.9882
2026-09-11T10:06:04+00:00,2026-09-11,559697,Will Abigail Spanberger win the 2028 Democratic presidential nomination?,will-abigail-spanberger-win-the-2028-democratic-presidential-nomination,2028-11-07T00:00:00Z,Yes,0.0015,No,0.9985,1646341.45,3080913.543166,403989.38511
2026-09-11T10:06:04+00:00,2026-09-11,4441185,Counter-Strike: FURIA vs G2 (BO3) - FISSURE PLAYGROUND Playoffs,cs2-furia-g2-2026-09-11,2026-09-11T15:15:00Z,FURIA,0.775,G2,0.225,1562654.1693590004,1547553.8336610007,55648.5463
2026-09-11T10:06:04+00:00,2026-09-11,2252243,Will the Fed decrease interest rates by 25 bps after the September 2026 meeting?,will-the-fed-decrease-interest-rates-by-25-bps-after-the-september-2026-meeting-586,2026-09-16T00:00:00Z,Yes,0.0045,No,0.9955,1023398.4783669999,34618466.66285901,1332492.97783
2026-09-11T10:06:04+00:00,2026-09-11,3965717,Will Stade Rennais FC 1901 win on 2026-09-11?,fl1-ren-olm-2026-09-11-ren,2026-09-11T18:45:00Z,Yes,0.485,No,0.515,636067.6622179998,643789.7943049999,251741.3847
2026-09-11T10:06:04+00:00,2026-09-11,2252246,Will the Fed increase interest rates by 50+ bps after the September 2026 meeting?,will-the-fed-increase-interest-rates-by-50-bps-after-the-september-2026-meeting-664,2026-09-16T00:00:00Z,Yes,0.0065,No,0.9935,620511.130802,15899036.879641006,852764.70994
2026-09-11T10:06:04+00:00,2026-09-11,562013,Will Tom Cotton win the 2028 Republican presidential nomination?,will-tom-cotton-win-the-2028-republican-presidential-nomination,2028-11-07T00:00:00Z,Yes,0.0015,No,0.9985,496000.0,1571288.1446659998,120744.40282
2026-09-11T10:06:04+00:00,2026-09-11,4412536,LoL: KT Rolster Challengers vs DN SOOPers Challengers - Game 2 Winner,lol-ktc-dnsc-2026-09-11-game2,2026-09-11T12:00:00Z,KT Rolster Challengers,0.9995,DN SOOPers Challengers,0.0005,483530.60231600027,483530.60231600003,409676.70451
2026-09-11T10:06:04+00:00,2026-09-11,1163699,Clarity Act (H.R.3633) signed into law in 2026?,clarity-act-signed-into-law-in-2026,2027-01-01T05:00:00Z,Yes,0.185,No,0.815,482101.97989,15035989.359846,184878.1015
2026-09-11T10:06:04+00:00,2026-09-11,4431568,US Open ATP: Alexander Zverev vs Karen Khachanov,atp-zverev-khachan-2026-09-11,2026-09-18T19:00:00Z,Alexander Zverev,0.795,Karen Khachanov,0.205,466640.729353,476682.1988580001,171242.5706
2026-09-11T10:06:04+00:00,2026-09-11,4050686,"Will Elon Musk post 140-159 tweets from September 4 to September 11, 2026?",elon-musk-of-tweets-september-4-september-11-2026-140-159,2026-09-11T16:00:00Z,Yes,0.003,No,0.997,444439.08052900364,624325.1006409999,20806.39648
2026-09-11T10:06:04+00:00,2026-09-11,2772194,Will Shakhtar Donetsk win the 2026-27 UEFA Champions League Championship?,will-shakhtar-donetsk-win-the-2026-27-uefa-champions-league-championship-20260701202025578,2027-05-30T23:59:00Z,Yes,0.0015,No,0.9985,432820.093,16129027.446,381670.57376
2026-09-11T10:06:04+00:00,2026-09-11,2252242,Will the Fed decrease interest rates by 50+ bps after the September 2026 meeting?,will-the-fed-decrease-interest-rates-by-50-bps-after-the-september-2026-meeting-863,2026-09-16T00:00:00Z,Yes,0.0015,No,0.9985,384295.498,15068516.012785,1601981.98447
2026-09-11T10:06:04+00:00,2026-09-11,4412534,LoL: KT Rolster Challengers vs DN SOOPers Challengers - Game 1 Winner,lol-ktc-dnsc-2026-09-11-game1,2026-09-11T12:00:00Z,KT Rolster Challengers,0.9995,DN SOOPers Challengers,0.0005,381968.31232600013,380753.452326,889255.46095
2026-09-11T10:06:04+00:00,2026-09-11,679055,Will Karim Bouamrane win the 2027 French presidential election?,will-karim-bouamrane-win-the-2027-french-presidential-election,2027-04-30T00:00:00Z,Yes,0.0015,No,0.9985,364157.4,848460.7952830001,565617.15425
2026-09-11T10:06:04+00:00,2026-09-11,601819,Will Luiz Inácio Lula da Silva win the 2026 Brazilian presidential election?,will-luiz-incio-lula-da-silva-win-the-2026-brazilian-presidential-election,2026-10-04T00:00:00Z,Yes,0.445,No,0.555,362221.06673899974,10623304.065145,159073.9341
2026-09-11T10:06:04+00:00,2026-09-11,665374,Will the U.S. invade Iran before 2027?,will-the-us-invade-iran-before-2027,2027-01-01T04:59:00Z,Yes,0.155,No,0.845,334280.8924999999,65440695.59418897,661367.642
2026-09-11T10:06:04+00:00,2026-09-11,2176270,Strait of Hormuz traffic returns to normal by December 31?,strait-of-hormuz-traffic-returns-to-normal-by-december-31,2026-12-31T00:00:00Z,Yes,0.195,No,0.805,331209.19316399994,11337272.175433995,316582.2706
2026-09-11T10:06:04+00:00,2026-09-11,3501952,Strait of Hormuz traffic returns to normal by September 15?,strait-of-hormuz-traffic-returns-to-normal-by-september-15-20260810150912478,2026-09-15T00:00:00Z,Yes,0.0015,No,0.9985,291178.485371,2145609.2351450003,385879.73046
2026-09-11T10:06:04+00:00,2026-09-11,701502,"Will Bitcoin dip to $45,000 by December 31, 2026?",will-bitcoin-dip-to-45000-by-december-31-2026-674-923-755-971-998-525-926-245-316-517-544-589-965-923-986-841-815-224-586-231-289-533-573,2027-01-01T05:00:00Z,Yes,0.085,No,0.915,257102.441766,6812189.743266003,375992.0701
2026-09-11T10:06:04+00:00,2026-09-11,560317,"Putin out as President of Russia by December 31, 2026?",putin-out-before-2027-346,2027-01-01T04:59:00Z,Yes,0.065,No,0.935,233424.53358900003,20510831.298818976,668061.241
2026-09-11T10:06:04+00:00,2026-09-11,4441556,Counter-Strike: B8 vs Inner Circle Esports (BO3) - PGL Masters Bucharest: European Qualifier Playoffs,cs2-b8-ice-2026-09-11,2026-09-11T14:00:00Z,B8,0.9995,Inner Circle Esports,0.0005,222963.48481400008,222065.96481400004,187467.75119
2026-09-11T10:06:04+00:00,2026-09-11,562803,Will the Republican Party control the House after the 2026 Midterm elections?,will-the-republican-party-control-the-house-after-the-2026-midterm-elections,2026-11-03T00:00:00Z,Yes,0.145,No,0.855,214508.608054,4631803.515722,190105.7929
2026-09-11T10:06:04+00:00,2026-09-11,601826,Will Flávio Bolsonaro win the 2026 Brazilian presidential election?,will-flvio-bolsonaro-win-the-2026-brazilian-presidential-election,2026-10-04T00:00:00Z,Yes,0.536,No,0.464,212360.028584,10302402.058322003,152021.23453
2026-09-11T10:06:04+00:00,2026-09-11,4016623,Will Brighton & Hove Albion FC win on 2026-09-13?,epl-cov-bri-2026-09-13-bri,2026-09-13T13:00:00Z,Yes,0.515,No,0.485,205280.8295840002,263199.136848,85766.0056
2026-09-11T10:06:04+00:00,2026-09-11,4216774,"Will the price of Bitcoin be above $70,000 on September 11?",bitcoin-above-70k-on-september-11-2026,2026-09-11T16:00:00Z,Yes,0.9975,No,0.0025,199281.24344200004,283083.152266,37231.00446
2026-09-11T10:06:04+00:00,2026-09-11,3399458,Israel x Iran ceasefire continues through September 30?,israel-x-iran-ceasefire-continues-through-september-30,2026-09-30T20:29:00Z,Yes,0.85,No,0.15,189327.75809199995,1831136.2984460003,87169.991
2026-09-11T10:06:04+00:00,2026-09-11,561976,Will Tulsi Gabbard win the 2028 Republican presidential nomination?,will-tulsi-gabbard-win-the-2028-republican-presidential-nomination,2028-11-07T00:00:00Z,Yes,0.005,No,0.995,185228.694538,13951425.645295996,969752.91677
2026-09-11T10:06:04+00:00,2026-09-11,4216789,"Will the price of Bitcoin be above $84,000 on September 11?",bitcoin-above-84k-on-september-11-2026,2026-09-11T16:00:00Z,Yes,0.002,No,0.998,176969.01101,203528.12532000005,39370.61009
2026-09-11T10:06:04+00:00,2026-09-11,4412540,LoL: KT Rolster Challengers vs DN SOOPers Challengers (BO5) - LCK Challengers League Playoffs,lol-ktc-dnsc-2026-09-11,2026-09-11T14:00:00Z,KT Rolster Challengers,0.82,DN SOOPers Challengers,0.18,174555.5491230001,176244.81964000003,57498.2206
2026-09-11T10:06:04+00:00,2026-09-11,4441183,Counter-Strike: FURIA vs G2 - Map 1 Winner,cs2-furia-g2-2026-09-11-game1,2026-09-11T15:15:00Z,FURIA,0.885,G2,0.115,173104.40839900004,168355.242563,27306.5466
2026-09-11T10:06:04+00:00,2026-09-11,616909,Will 7 Fed rate cuts happen in 2026?,will-7-fed-rate-cuts-happen-in-2026,2026-12-31T00:00:00Z,Yes,0.0005,No,0.9995,170121.8,3519561.795167001,148884.66579
2026-09-11T10:06:04+00:00,2026-09-11,4019510,Will Sevilla FC win on 2026-09-11?,lal-sev-val-2026-09-11-sev,2026-09-11T19:00:00Z,Yes,0.495,No,0.505,157277.01069999984,163097.2389709999,264507.7945
2026-09-11T10:06:04+00:00,2026-09-11,601825,Will Renan Santos win the 2026 Brazilian presidential election?,will-renan-santos-win-the-2026-brazilian-presidential-election,2026-10-04T00:00:00Z,Yes,0.017,No,0.983,154871.53114100004,13220222.722860996,351654.37219
2026-09-11T10:06:04+00:00,2026-09-11,3954346,Will WTI Crude Oil (WTI) hit (HIGH) $105 in September?,will-wti-reach-105-in-september-2026,2026-10-01T03:59:59.999Z,Yes,0.5225,No,0.4775,148502.875129,318731.88410099974,33670.99014
2026-09-11T10:06:04+00:00,2026-09-11,4216784,"Will the price of Bitcoin be above $80,000 on September 11?",bitcoin-above-80k-on-september-11-2026,2026-09-11T16:00:00Z,Yes,0.0245,No,0.9755,135236.34713600003,172158.07439099997,34221.63755
2026-09-11T10:06:04+00:00,2026-09-11,4050692,"Will Elon Musk post 180-199 tweets from September 4 to September 11, 2026?",elon-musk-of-tweets-september-4-september-11-2026-180-199,2026-09-11T16:00:00Z,Yes,0.225,No,0.775,134540.07698799984,212171.254149,4344.4035
2026-09-11T10:06:04+00:00,2026-09-11,4052438,"Will Bitcoin dip to $55,000 in September?",will-bitcoin-dip-to-55k-in-september-2026,2026-10-01T04:00:00Z,Yes,0.0105,No,0.9895,132275.572095,601105.790668,96829.11963
2026-09-11T10:06:04+00:00,2026-09-11,608566,Will Rodri win the 2026 Ballon d'Or?,will-rodri-win-the-2026-ballon-dor,2026-10-31T00:00:00Z,Yes,0.065,No,0.935,131944.039659,1663560.3730770003,120373.7193
2026-09-11T10:06:04+00:00,2026-09-11,601828,Will Romeu Zema win the 2026 Brazilian presidential election?,will-romeu-zema-win-the-2026-brazilian-presidential-election,2026-10-04T00:00:00Z,Yes,0.0015,No,0.9985,126754.09200000002,6912801.422068001,744202.28779
2026-09-11T10:06:04+00:00,2026-09-11,4050690,"Will Elon Musk post 160-179 tweets from September 4 to September 11, 2026?",elon-musk-of-tweets-september-4-september-11-2026-160-179,2026-09-11T16:00:00Z,Yes,0.785,No,0.215,126656.52239000001,210469.94591900002,7132.5971
2026-09-11T10:06:04+00:00,2026-09-11,4216778,"Will the price of Bitcoin be above $74,000 on September 11?",bitcoin-above-74k-on-september-11-2026,2026-09-11T16:00:00Z,Yes,0.982,No,0.018,125277.43444799999,154217.28874499997,34038.87023
2026-09-11T10:06:04+00:00,2026-09-11,4453158,Counter-Strike: 1WIN vs Nemiga (BO3) - PGL Masters Bucharest: European Qualifier Playoffs,cs2-1win-nemi1-2026-09-11,2026-09-11T20:00:00Z,1WIN,0.535,Nemiga,0.465,123048.66991699996,123028.77629900003,41993.3553
2026-09-11T10:06:04+00:00,2026-09-11,2774057,Strait of Hormuz traffic returns to normal by September 30?,strait-of-hormuz-traffic-returns-to-normal-by-september-30-20260702154339440,2026-09-30T00:00:00Z,Yes,0.018,No,0.982,122773.148715,8356356.883305,277307.27573
2026-09-11T10:06:04+00:00,2026-09-11,2772185,Will Lens win the 2026-27 UEFA Champions League Championship?,will-lens-win-the-2026-27-uefa-champions-league-championship-20260701202025569,2027-05-30T23:59:00Z,Yes,0.0035,No,0.9965,122070.25000000001,709788.7994149998,220097.14614
2026-09-11T10:06:04+00:00,2026-09-11,3957135,Will Kashiwa Reysol win on 2026-09-11?,jap-kyo-rey-2026-09-11-rey,2026-09-11T10:00:00Z,Yes,0.565,No,0.435,121002.9402530001,121050.71155500007,33818.0303
2026-09-11T10:06:04+00:00,2026-09-11,4095052,US x Iran Effective Ceasefire by September 4?,us-x-iran-effective-ceasefire-by-september-4,2026-09-04T23:59:00Z,Yes,0.735,No,0.265,120896.95331399998,1434496.528047,28605.2828
2026-09-11T10:06:04+00:00,2026-09-11,2126461,Will Crude Oil reach a new all-time high by December 31?,will-crude-oil-reach-a-new-all-time-high-by-december-31,2027-01-01T04:59:00Z,Yes,0.125,No,0.875,119675.63136700004,1173249.1212399998,55731.7737
2026-09-11T10:06:04+00:00,2026-09-11,4459382,Counter-Strike: paiN vs ShindeN (BO3) - PGL Masters Bucharest: South American Closed Qualifier Playoffs,cs2-pain-shin-2026-09-11,2026-09-11T23:00:00Z,paiN,0.555,ShindeN,0.445,118045.57648900003,118045.57648899997,50897.3668
2026-09-11T10:06:04+00:00,2026-09-11,2772187,Will PSV Eindhoven win the 2026-27 UEFA Champions League Championship?,will-psv-eindhoven-win-the-2026-27-uefa-champions-league-championship-20260701202025571,2027-05-30T23:59:00Z,Yes,0.0015,No,0.9985,117958.33,403157.00816100003,262311.20566
2026-09-11T10:06:04+00:00,2026-09-11,3702042,"US announces end of Iranian blockade by September 14, 2026?",us-announces-end-of-iranian-blockade-by-september-14-2026,2026-09-15T03:59:00Z,Yes,0.0285,No,0.9715,117297.63936600002,1428813.977309002,85345.89962
2026-09-11T10:06:04+00:00,2026-09-11,2170255,Bab el-Mandeb Strait effectively closed by September 30?,bab-el-mandeb-strait-effectively-closed-by-september-30-999-671-939,2026-10-01T03:59:00Z,Yes,0.1305,No,0.8695,114253.815023,2677249.145101,68856.24552
2026-09-11T10:06:04+00:00,2026-09-11,3866508,Will WTI Crude Oil (WTI) hit (HIGH) $150 in September?,will-wti-reach-150-in-september-2026,2026-10-01T03:59:59.999Z,Yes,0.014,No,0.986,114053.78755499997,218042.6261090001,94622.56501
2026-09-11T10:06:04+00:00,2026-09-11,1130012,Will United Russia (ER) gain the most seats in the next Russian parliamentary election?,will-united-russia-er-gain-the-most-seats-in-the-next-russian-parliamentary-election,2026-09-30T00:00:00Z,Yes,0.78,No,0.22,111570.67551200002,9674755.826488996,400527.7662
2026-09-11T10:06:04+00:00,2026-09-11,4216782,"Will the price of Bitcoin be above $78,000 on September 11?",bitcoin-above-78k-on-september-11-2026,2026-09-11T16:00:00Z,Yes,0.22,No,0.78,110248.85669600003,121406.93216100006,31597.6249
2026-09-11T10:06:04+00:00,2026-09-11,1130014,Will A Just Russia – For Truth (SRZP) gain the most seats in the next Russian parliamentary election?,will-a-just-russia-for-truth-srzp-gain-the-most-seats-in-the-next-russian-parliamentary-election,2026-09-30T00:00:00Z,Yes,0.0015,No,0.9985,110137.21399999996,2413087.7149379994,577139.0537
2026-09-11T10:06:04+00:00,2026-09-11,4216780,"Will the price of Bitcoin be above $76,000 on September 11?",bitcoin-above-76k-on-september-11-2026,2026-09-11T16:00:00Z,Yes,0.831,No,0.169,109707.08547299998,167186.604681,30620.90988
2026-09-11T10:06:04+00:00,2026-09-11,4453150,Counter-Strike: Sinners vs Nuclear TigeRES (BO3) - PGL Masters Bucharest: European Qualifier Playoffs,cs2-sin2-ntr-2026-09-11,2026-09-11T17:00:00Z,Sinners,0.495,Nuclear TigeRES,0.505,108924.07223300013,108918.86389899999,69308.8122
2026-09-11T10:06:04+00:00,2026-09-11,4045562,Howard vs. Indiana,cfb-howrd-ind-2026-09-12,2026-09-12T16:00:00Z,Howard,0.001,Indiana,0.999,106010.27000000005,117715.161334,99056.76867
2026-09-11T10:06:04+00:00,2026-09-11,616908,Will 6 Fed rate cuts happen in 2026?,will-6-fed-rate-cuts-happen-in-2026,2026-12-31T00:00:00Z,Yes,0.0005,No,0.9995,105686.21,4218739.315319999,127143.65792
2026-09-11T10:06:04+00:00,2026-09-11,2772188,Will Feyenoord win the 2026-27 UEFA Champions League Championship?,will-feyenoord-win-the-2026-27-uefa-champions-league-championship-20260701202025572,2027-05-30T23:59:00Z,Yes,0.0015,No,0.9985,103500.0,431159.49989800004,288390.28827
2026-09-11T10:06:04+00:00,2026-09-11,561241,Will JB Pritzker win the 2028 US Presidential Election?,will-jb-pritzker-win-the-2028-us-presidential-election,2028-11-07T00:00:00Z,Yes,0.0035,No,0.9965,100300.936661,12938001.885583004,543138.96423
2026-09-11T10:06:04+00:00,2026-09-11,4436032,Istanbul 3: Max Basing vs Edas Butvilas,atp-basing-butvila-2026-09-11,2026-09-18T07:00:00Z,Max Basing,0.9995,Edas Butvilas,0.0005,99279.789558,99279.78955799996,578968.28445
2026-09-11T10:06:04+00:00,2026-09-11,3701690,Israel closes its airspace by September 30?,israel-closes-its-airspace-by-september-30,2026-10-01T03:59:00Z,Yes,0.9715,No,0.0285,98597.79743,2535058.2910149996,198818.98663
2026-09-11T10:06:04+00:00,2026-09-11,4216787,"Will the price of Bitcoin be above $82,000 on September 11?",bitcoin-above-82k-on-september-11-2026,2026-09-11T16:00:00Z,Yes,0.0055,No,0.9945,98013.023254,120337.689713,34369.1837
2026-09-11T10:06:04+00:00,2026-09-11,679018,Will Marine Le Pen win the 2027 French presidential election?,will-marine-le-pen-win-the-2027-french-presidential-election,2027-04-30T00:00:00Z,Yes,0.3445,No,0.6555,97677.84566200002,2367087.2027050005,155363.74337
2026-09-11T10:06:04+00:00,2026-09-11,4144896,Will Beşiktaş JK win on 2026-09-11?,tur-bes-erz-2026-09-11-bes,2026-09-11T17:00:00Z,Yes,0.795,No,0.205,96239.24564300002,98099.24645900002,51943.3743
2026-09-11T10:06:04+00:00,2026-09-11,703257,Will the US confirm that aliens exist before 2027?,will-the-us-confirm-that-aliens-exist-before-2027-789-924-249,2027-01-01T04:59:00Z,Yes,0.0335,No,0.9665,94321.30333200002,38311774.88024998,769094.67641
2026-09-11T10:06:04+00:00,2026-09-11,4050695,"Will Elon Musk post 200-219 tweets from September 4 to September 11, 2026?",elon-musk-of-tweets-september-4-september-11-2026-200-219,2026-09-11T16:00:00Z,Yes,0.006,No,0.994,90685.261976,179214.80674300002,9061.20914
2026-09-11T10:06:04+00:00,2026-09-11,3128887,"US announces end of Iranian blockade by September 30, 2026?",us-announces-end-of-iranian-blockade-by-september-30-2026-20260727171615364-722-649-646-561-213-644-414-831,2026-10-01T03:59:00Z,Yes,0.195,No,0.805,90525.12979499996,3037835.35337,79965.6842
2026-09-11T10:06:04+00:00,2026-09-11,2772193,Will Galatasaray win the 2026-27 UEFA Champions League Championship?,will-galatasaray-win-the-2026-27-uefa-champions-league-championship-20260701202025577,2027-05-30T23:59:00Z,Yes,0.0025,No,0.9975,89333.333334,419666.954498,177658.42285
2026-09-11T10:06:04+00:00,2026-09-11,2126460,Will Crude Oil reach a new all-time high by September 30?,will-crude-oil-reach-a-new-all-time-high-by-september-30,2026-10-01T03:59:00Z,Yes,0.018,No,0.982,88927.184098,1655746.83298,134625.87336
2026-09-11T10:06:04+00:00,2026-09-11,1130020,Will Yabloko gain the most seats in the next Russian parliamentary election?,will-yabloko-gain-the-most-seats-in-the-next-russian-parliamentary-election,2026-09-30T00:00:00Z,Yes,0.0015,No,0.9985,88162.9235,1850937.957982,144452.63992
2026-09-11T10:06:04+00:00,2026-09-11,679022,Will David Lisnard win the 2027 French presidential election?,will-david-lisnard-win-the-2027-french-presidential-election,2027-04-30T00:00:00Z,Yes,0.0585,No,0.9415,87958.25814200002,1964747.2378680008,130439.51314
2026-09-11T10:06:04+00:00,2026-09-11,601820,Will Jair Bolsonaro win the 2026 Brazilian presidential election?,will-jair-bolsonaro-win-the-2026-brazilian-presidential-election,2026-10-04T00:00:00Z,Yes,0.0015,No,0.9985,85308.229,6835110.521874004,444328.74343
2026-09-11T10:06:04+00:00,2026-09-11,1193094,Will Magdalena Andersson be the next Prime Minister of Sweden?,will-magdalena-andersson-be-the-next-prime-minister-of-sweden,2026-09-13T00:00:00Z,Yes,0.835,No,0.165,85279.458767,670036.0456189999,77101.3987
2026-09-11T10:06:04+00:00,2026-09-11,4443132,Counter-Strike: 3DMAX vs 100 Thieves (BO3) - Thunderpick World Championship Closed Qualifier Group C,cs2-3dmax-100t-2026-09-11,2026-09-11T20:00:00Z,3DMAX,0.425,100 Thieves,0.575,81091.40897699997,81091.40897699998,75242.0029
2026-09-11T10:06:04+00:00,2026-09-11,1088652,Will Aryna Sabalenka win the 2026 Women’s US Open?,will-aryna-sabalenka-win-the-2026-womens-us-open,2026-09-13T00:00:00Z,Yes,0.555,No,0.445,80128.254122,382221.522705,49924.4171
2026-09-11T10:06:04+00:00,2026-09-11,4329804,Counter-Strike: Chicken Coop Esports vs Marsborne (BO3) - PGL Masters Bucharest: North American Qualifier Playoffs,cs2-cce-mars-2026-09-09,2026-09-10T08:00:00Z,Chicken Coop Esports,0.495,Marsborne,0.505,79311.44106600001,280512.373813,153268.1797
2026-09-11T10:06:04+00:00,2026-09-11,1088656,Will Elena Rybakina win the 2026 Women’s US Open?,will-elena-rybakina-win-the-2026-womens-us-open,2026-09-13T00:00:00Z,Yes,0.436,No,0.564,78552.99704899998,514819.2178810002,49627.16746
2026-09-11T10:06:04+00:00,2026-09-11,4052436,"Will Bitcoin dip to $57,500 in September?",will-bitcoin-dip-to-57pt5k-in-september-2026,2026-10-01T04:00:00Z,Yes,0.017,No,0.983,77889.705619,289390.73273300007,90646.24854
2026-09-11T10:06:04+00:00,2026-09-11,3702045,"US announces end of Iranian blockade by September 21, 2026?",us-announces-end-of-iranian-blockade-by-september-21-2026,2026-09-22T03:59:00Z,Yes,0.11,No,0.89,77125.66298699999,730299.6123789998,35452.2067
2026-09-11T10:06:04+00:00,2026-09-11,4216776,"Will the price of Bitcoin be above $72,000 on September 11?",bitcoin-above-72k-on-september-11-2026,2026-09-11T16:00:00Z,Yes,0.994,No,0.006,76772.190339,95108.814636,33229.65158
2026-09-11T10:06:04+00:00,2026-09-11,3758964,Bab el-Mandeb Strait effectively closed by October 31?,bab-el-mandeb-strait-effectively-closed-by-october-31,2026-11-01T03:59:00Z,Yes,0.215,No,0.785,75111.019082,237790.27983200003,35556.6509
2026-09-11T10:06:04+00:00,2026-09-11,3501950,Strait of Hormuz traffic returns to normal by October 31?,strait-of-hormuz-traffic-returns-to-normal-by-october-31-20260810151043583,2026-10-31T00:00:00Z,Yes,0.085,No,0.915,75023.07941299998,602718.8531809999,107719.3606
2026-09-11T10:06:04+00:00,2026-09-11,1088475,Will Alexander Zverev win the 2026 Men's US Open?,will-alexander-zverev-win-the-2026-mens-us-open,2026-09-13T00:00:00Z,Yes,0.5095,No,0.4905,74636.230578,1315745.228487,263650.53048
2026-09-11T10:06:04+00:00,2026-09-11,4035901,Will WTI Crude Oil (WTI) hit (HIGH) $115 in September?,will-wti-reach-115-in-september-2026,2026-10-01T03:59:59.999Z,Yes,0.1735,No,0.8265,74425.61428899999,235124.942479,43507.2273
2026-09-11T10:06:04+00:00,2026-09-11,4412537,LoL: KT Rolster Challengers vs DN SOOPers Challengers - Game 3 Winner,lol-ktc-dnsc-2026-09-11-game3,2026-09-11T13:00:00Z,KT Rolster Challengers,0.075,DN SOOPers Challengers,0.925,74143.11846099999,64854.12729900001,80544.2651
2026-09-11T10:06:04+00:00,2026-09-11,679020,Will Éric Zemmour win the 2027 French presidential election?,will-ric-zemmour-win-the-2027-french-presidential-election,2027-04-30T00:00:00Z,Yes,0.008,No,0.992,73790.366079,2287342.6228449987,154636.91856
2026-09-11T10:06:04+00:00,2026-09-11,4050697,"Will Elon Musk post 220-239 tweets from September 4 to September 11, 2026?",elon-musk-of-tweets-september-4-september-11-2026-220-239,2026-09-11T16:00:00Z,Yes,0.0025,No,0.9975,73629.50345500003,148873.30315199998,15303.75047
2026-09-11T10:06:04+00:00,2026-09-11,665513,Friedrich Merz out as Chancellor of Germany before 2027?,friedrich-merz-out-as-chancellor-of-germany-before-2027,2027-01-01T04:59:00Z,Yes,0.165,No,0.835,72517.72314100002,1108838.4776100002,110279.2488
2026-09-11T10:06:04+00:00,2026-09-11,4436879,S&P 500 (SPX) Up or Down on September 11?,spx-up-or-down-on-september-11-2026,2026-09-11T20:00:00Z,Up,0.79,Down,0.21,70693.8361160001,70693.83611600002,11738.9867
2026-09-11T10:06:04+00:00,2026-09-11,1364105,Will SPD win the most seats in the 2026 Mecklenburg-Vorpommern parliamentary elections?,will-spd-win-the-most-seats-in-the-2026-mecklenburg-vorpommern-parliamentary-elections,2026-09-20T00:00:00Z,Yes,0.2,No,0.8,70582.977148,292780.792314,34102.9849
2026-09-11T10:06:04+00:00,2026-09-11,1808547,Fed Rate Hike by September 2026 Meeting?,fed-rate-hike-by-september-2026-meeting,2026-12-09T00:00:00Z,Yes,0.595,No,0.405,70256.66297300001,1407620.0821759996,38883.3932
2026-09-11T10:06:04+00:00,2026-09-11,4045540,Norfolk State vs. Virginia,cfb-norfst-vir-2026-09-11,2026-09-11T23:00:00Z,Norfolk State,0.0055,Virginia,0.9945,70199.606333,101679.79897199998,81665.25773
2026-09-11T10:06:04+00:00,2026-09-11,3128886,"US announces end of Iranian blockade by December 31, 2026?",us-announces-end-of-iranian-blockade-by-december-31-2026-20260727171803489-375-949-645-919-269-157-255-857,2027-01-01T04:59:00Z,Yes,0.64,No,0.36,68698.59772599999,1607258.993932,149847.33177
2026-09-11T10:06:04+00:00,2026-09-11,2853074,Bab el-Mandeb Strait effectively closed by December 31?,bab-el-mandeb-strait-effectively-closed-by-december-31-983-117-222-252,2027-01-01T04:59:00Z,Yes,0.28,No,0.72,67765.276254,630663.306785,43622.3314
2026-09-11T10:06:04+00:00,2026-09-11,601836,Will Augusto Cury win the 2026 Brazilian presidential election?,will-augusto-cury-win-the-2026-brazilian-presidential-election,2026-10-04T00:00:00Z,Yes,0.004,No,0.996,64845.63234299998,4578276.027457003,422975.95463
2026-09-11T10:06:04+00:00,2026-09-11,4366822,San Diego State vs. UCLA: O/U 55.5,cfb-sdst-ucla-2026-09-12-total-55pt5,2026-09-12T23:15:00Z,Over,0.475,Under,0.525,64844.697609999996,67504.95761,32458.022
2026-09-12T09:41:03+00:00,2026-09-12,2252244,Will there be no change in Fed interest rates after the September 2026 meeting?,will-there-be-no-change-in-fed-interest-rates-after-the-september-2026-meeting-615,2026-09-16T00:00:00Z,Yes,0.205,No,0.795,7076252.258784034,35216996.20411605,795487.3922
2026-09-12T09:41:03+00:00,2026-09-12,2252245,Will the Fed increase interest rates by 25 bps after the September 2026 meeting?,will-the-fed-increase-interest-rates-by-25-bps-after-the-september-2026-meeting-649,2026-09-16T00:00:00Z,Yes,0.785,No,0.215,5569270.634555999,27807217.69093502,706486.7104
2026-09-12T09:41:03+00:00,2026-09-12,2252243,Will the Fed decrease interest rates by 25 bps after the September 2026 meeting?,will-the-fed-decrease-interest-rates-by-25-bps-after-the-september-2026-meeting-586,2026-09-16T00:00:00Z,Yes,0.0035,No,0.9965,3674463.3014329993,38208644.401542015,2887840.4361
2026-09-12T09:41:03+00:00,2026-09-12,2252246,Will the Fed increase interest rates by 50+ bps after the September 2026 meeting?,will-the-fed-increase-interest-rates-by-50-bps-after-the-september-2026-meeting-664,2026-09-16T00:00:00Z,Yes,0.0065,No,0.9935,3159257.259394999,19058044.139036007,1421922.39197
2026-09-12T09:41:03+00:00,2026-09-12,4294702,LoL: Hanwha Life Esports vs T1 - Game 3 Winner,lol-hle1-t1-2026-09-12-game3,2026-09-12T11:00:00Z,Hanwha Life Esports,0.0005,T1,0.9995,2817390.3300640034,2817407.8739240007,874582.81314
2026-09-12T09:41:03+00:00,2026-09-12,4294706,LoL: Hanwha Life Esports vs T1 (BO5) - LCK Playoffs,lol-hle1-t1-2026-09-12,2026-09-12T11:00:00Z,Hanwha Life Esports,0.9995,T1,0.0005,2256954.453657999,2308951.377178999,963151.59445
2026-09-12T09:41:03+00:00,2026-09-12,4464622,Counter-Strike: Legacy vs MIBR (BO3) - FISSURE PLAYGROUND Playoffs,cs2-lgc-mibr-2026-09-12,2026-09-12T12:00:00Z,Legacy,0.6425,MIBR,0.3575,1695793.9954320008,1695182.7678269993,37173.54644
2026-09-12T09:41:03+00:00,2026-09-12,4294704,LoL: Hanwha Life Esports vs T1 - Game 4 Winner,lol-hle1-t1-2026-09-12-game4,2026-09-12T11:00:00Z,Hanwha Life Esports,0.9995,T1,0.0005,1566568.5943629998,1566568.5943629998,855640.49522
2026-09-12T09:41:03+00:00,2026-09-12,561994,Will Kristi Noem win the 2028 Republican presidential nomination?,will-kristi-noem-win-the-2028-republican-presidential-nomination,2028-11-07T00:00:00Z,Yes,0.0015,No,0.9985,1261040.503,37619202.73809901,1280642.97205
2026-09-12T09:41:03+00:00,2026-09-12,4362621,LoL: Anyone's Legend vs Invictus Gaming (BO5) - LPL Playoffs,lol-al-ig1-2026-09-12,2026-09-12T15:00:00Z,Anyone's Legend,0.395,Invictus Gaming,0.605,1198942.813183999,1417350.9660540004,107850.1861
2026-09-12T09:41:03+00:00,2026-09-12,4362617,LoL: Anyone's Legend vs Invictus Gaming - Game 1 Winner,lol-al-ig1-2026-09-12-game1,2026-09-12T13:00:00Z,Anyone's Legend,0.285,Invictus Gaming,0.715,687497.4232889997,684623.1075259999,47522.1896
2026-09-12T09:41:03+00:00,2026-09-12,2252242,Will the Fed decrease interest rates by 50+ bps after the September 2026 meeting?,will-the-fed-decrease-interest-rates-by-50-bps-after-the-september-2026-meeting-863,2026-09-16T00:00:00Z,Yes,0.0005,No,0.9995,594587.0900000001,15662053.057784993,4317716.12263
2026-09-12T09:41:03+00:00,2026-09-12,559657,Will Stephen A. Smith win the 2028 Democratic presidential nomination?,will-stephen-a-smith-win-the-2028-democratic-presidential-nomination-914,2028-11-07T00:00:00Z,Yes,0.0015,No,0.9985,582476.62,23008703.863688998,1906989.63098
2026-09-12T09:41:03+00:00,2026-09-12,4466824,Counter-Strike: BetBoom Team vs G2 (BO3) - FISSURE PLAYGROUND Playoffs,cs2-bb3-g2-2026-09-12,2026-09-12T16:00:00Z,BetBoom Team,0.355,G2,0.645,498218.51138899993,498018.51138900005,374987.9881
2026-09-12T09:41:03+00:00,2026-09-12,679031,Will Marine Tondelier win the 2027 French presidential election?,will-marine-tondelier-win-the-2027-french-presidential-election,2027-04-30T00:00:00Z,Yes,0.0015,No,0.9985,453772.631,4146621.945947,538410.76469
2026-09-12T09:41:03+00:00,2026-09-12,679025,Will François Ruffin win the 2027 French presidential election?,will-franois-ruffin-win-the-2027-french-presidential-election,2027-04-30T00:00:00Z,Yes,0.0015,No,0.9985,434169.111,3643157.3862940012,557912.22183
2026-09-12T09:41:03+00:00,2026-09-12,2772194,Will Shakhtar Donetsk win the 2026-27 UEFA Champions League Championship?,will-shakhtar-donetsk-win-the-2026-27-uefa-champions-league-championship-20260701202025578,2027-05-30T23:59:00Z,Yes,0.0015,No,0.9985,423513.63,16543604.175999997,401525.77856
2026-09-12T09:41:03+00:00,2026-09-12,679058,Will François Baroin win the 2027 French presidential election?,will-franois-baroin-win-the-2027-french-presidential-election,2027-04-30T00:00:00Z,Yes,0.0005,No,0.9995,395816.15,1136634.903999,125101.61853
2026-09-12T09:41:03+00:00,2026-09-12,1088475,Will Alexander Zverev win the 2026 Men's US Open?,will-alexander-zverev-win-the-2026-mens-us-open,2026-09-13T00:00:00Z,Yes,0.587,No,0.413,374722.04990200006,1690436.1215260008,90944.51031
2026-09-12T09:41:03+00:00,2026-09-12,4046402,Will AC Milan win on 2026-09-12?,sea-laz-mil-2026-09-12-mil,2026-09-12T16:00:00Z,Yes,0.465,No,0.535,374629.195608,385290.46740599984,331664.4867
2026-09-12T09:41:03+00:00,2026-09-12,601828,Will Romeu Zema win the 2026 Brazilian presidential election?,will-romeu-zema-win-the-2026-brazilian-presidential-election,2026-10-04T00:00:00Z,Yes,0.0015,No,0.9985,335773.727334,7248529.106401997,383497.38123
2026-09-12T09:41:03+00:00,2026-09-12,665374,Will the U.S. invade Iran before 2027?,will-the-us-invade-iran-before-2027,2027-01-01T04:59:00Z,Yes,0.155,No,0.845,317640.37864199985,65757935.972830996,614062.6061
2026-09-12T09:41:03+00:00,2026-09-12,3989338,Will Sunderland AFC win on 2026-09-12?,epl-sun-ars-2026-09-12-sun,2026-09-12T19:00:00Z,Yes,0.135,No,0.865,281903.116082,287216.228669,304250.1677
2026-09-12T09:41:03+00:00,2026-09-12,3989251,Will Liverpool FC win on 2026-09-12?,epl-liv-ful-2026-09-12-liv,2026-09-12T14:00:00Z,Yes,0.635,No,0.365,276694.155995,316669.96860400034,478136.8174
2026-09-12T09:41:03+00:00,2026-09-12,4464624,Map Handicap: LGC (-1.5) vs MIBR (+1.5),cs2-lgc-mibr-2026-09-12-map-handicap-away-1pt5,2026-09-12T12:00:00Z,Legacy,0.0005,MIBR,0.9995,254426.10219299997,254426.10219299994,303457.95977
2026-09-12T09:41:03+00:00,2026-09-12,908713,Fed rate hike in 2026?,fed-rate-hike-in-2026,2026-12-09T00:00:00Z,Yes,0.885,No,0.115,225936.53980599993,9092323.224172998,153400.5791
2026-09-12T09:41:03+00:00,2026-09-12,4045562,Howard vs. Indiana,cfb-howrd-ind-2026-09-12,2026-09-12T16:00:00Z,Howard,0.0005,Indiana,0.9995,219153.656021,336868.81735499995,226671.46916
2026-09-12T09:41:03+00:00,2026-09-12,4466826,Map Handicap: G2 (-1.5) vs BetBoom Team (+1.5),cs2-bb3-g2-2026-09-12-map-handicap-home-1pt5,2026-09-12T16:00:00Z,G2,0.365,BetBoom Team,0.635,203584.94413300004,203584.94413300004,98543.2908
2026-09-12T09:41:03+00:00,2026-09-12,560317,"Putin out as President of Russia by December 31, 2026?",putin-out-before-2027-346,2027-01-01T04:59:00Z,Yes,0.065,No,0.935,187797.05305100002,20698613.351869997,512101.8466
2026-09-12T09:41:03+00:00,2026-09-12,562802,Will the Democratic Party control the House after the 2026 Midterm elections?,will-the-democratic-party-control-the-house-after-the-2026-midterm-elections,2026-11-03T00:00:00Z,Yes,0.875,No,0.125,184246.443215,6245976.281654001,594438.2328
2026-09-12T09:41:03+00:00,2026-09-12,4465427,Istanbul 3: Harold Mayot vs Max Basing,atp-mayot-basing-2026-09-12,2026-09-19T07:00:00Z,Harold Mayot,0.0005,Max Basing,0.9995,183403.521093,183403.52109300013,162363.81523
2026-09-12T09:41:03+00:00,2026-09-12,3983859,Will FC Seoul win on 2026-09-12?,kor-jeo-seo-2026-09-12-seo,2026-09-12T07:30:00Z,Yes,0.9995,No,0.0005,183087.92971199998,191383.20504300014,261838.61986
2026-09-12T09:41:03+00:00,2026-09-12,4050646,Will Newcastle United FC win on 2026-09-14?,epl-lee-new-2026-09-14-new,2026-09-14T19:00:00Z,Yes,0.325,No,0.675,176883.92739999996,183617.33922999998,92177.2712
2026-09-12T09:41:03+00:00,2026-09-12,601819,Will Luiz Inácio Lula da Silva win the 2026 Brazilian presidential election?,will-luiz-incio-lula-da-silva-win-the-2026-brazilian-presidential-election,2026-10-04T00:00:00Z,Yes,0.495,No,0.505,176483.50059399995,10799729.116849998,244860.4575
2026-09-12T09:41:03+00:00,2026-09-12,1193094,Will Magdalena Andersson be the next Prime Minister of Sweden?,will-magdalena-andersson-be-the-next-prime-minister-of-sweden,2026-09-13T00:00:00Z,Yes,0.725,No,0.275,174909.00464100004,841204.7102600002,105679.0897
2026-09-12T09:41:03+00:00,2026-09-12,3989342,Will Arsenal FC win on 2026-09-12?,epl-sun-ars-2026-09-12-ars,2026-09-12T19:00:00Z,Yes,0.615,No,0.385,174749.528674,227009.63613699996,641447.931
2026-09-12T09:41:03+00:00,2026-09-12,3989267,Will 1. FSV Mainz 05 win on 2026-09-12?,bun-mai-ein-2026-09-12-mai,2026-09-12T13:30:00Z,Yes,0.545,No,0.455,171039.91176299995,176501.78530100005,284301.6246
2026-09-12T09:41:03+00:00,2026-09-12,4052361,SS Lazio vs. AC Milan: O/U 2.5,sea-laz-mil-2026-09-12-total-2pt5,2026-09-12T16:00:00Z,Over,0.435,Under,0.565,166520.050284,166716.026867,97711.8149
2026-09-12T09:41:03+00:00,2026-09-12,4272957,Spread: Oklahoma (-4.5),cfb-okl-mich-2026-09-12-spread-away-4pt5,2026-09-12T16:00:00Z,Oklahoma,0.495,Michigan,0.505,164850.065295,165097.01349299998,228912.5475
2026-09-12T09:41:03+00:00,2026-09-12,4250805,"Will the price of Bitcoin be above $78,000 on September 12?",bitcoin-above-78k-on-september-12-2026,2026-09-12T16:00:00Z,Yes,0.0395,No,0.9605,159677.93763099995,167237.57187499994,37477.0957
2026-09-12T09:41:03+00:00,2026-09-12,3701690,Israel closes its airspace by September 30?,israel-closes-its-airspace-by-september-30,2026-10-01T03:59:00Z,Yes,0.978,No,0.022,155423.24522699998,2672730.9762420007,156268.32714
2026-09-12T09:41:03+00:00,2026-09-12,4019525,Will Real Madrid CF win on 2026-09-12?,lal-rea-ray-2026-09-12-rea,2026-09-12T19:00:00Z,Yes,0.865,No,0.135,149199.13007500002,186416.00398900002,285488.7053
2026-09-12T09:41:03+00:00,2026-09-12,1808547,Fed Rate Hike by September 2026 Meeting?,fed-rate-hike-by-september-2026-meeting,2026-12-09T00:00:00Z,Yes,0.785,No,0.215,148179.721415,1555799.8035909997,63178.8946
2026-09-12T09:41:03+00:00,2026-09-12,601826,Will Flávio Bolsonaro win the 2026 Brazilian presidential election?,will-flvio-bolsonaro-win-the-2026-brazilian-presidential-election,2026-10-04T00:00:00Z,Yes,0.4715,No,0.5285,147211.05686600003,10449507.999952,189853.47096
2026-09-12T09:41:03+00:00,2026-09-12,3989249,Will BV Borussia 09 Dortmund win on 2026-09-12?,bun-dor-scp-2026-09-12-dor,2026-09-12T13:30:00Z,Yes,0.775,No,0.225,142687.35262700004,146298.94238700008,242606.883
2026-09-12T09:41:03+00:00,2026-09-12,4250807,"Will the price of Bitcoin be above $80,000 on September 12?",bitcoin-above-80k-on-september-12-2026,2026-09-12T16:00:00Z,Yes,0.0005,No,0.9995,142437.173295,156173.357693,50014.31391
2026-09-12T09:41:03+00:00,2026-09-12,1130012,Will United Russia (ER) gain the most seats in the next Russian parliamentary election?,will-united-russia-er-gain-the-most-seats-in-the-next-russian-parliamentary-election,2026-09-30T00:00:00Z,Yes,0.785,No,0.215,141042.92705499995,9811685.173544,452114.9698
2026-09-12T09:41:03+00:00,2026-09-12,4463540,Dota 2: Natus Vincere vs Zero Tenacity - Game 1 Winner,dota2-navi-z10-2026-09-12-game1,2026-09-12T12:00:00Z,Natus Vincere,0.9995,Zero Tenacity,0.0005,137687.565159,137687.56515899993,267647.40425
2026-09-12T09:41:03+00:00,2026-09-12,3992713,Spread: Arsenal FC (-1.5),epl-sun-ars-2026-09-12-spread-away-1pt5,2026-09-12T19:00:00Z,Arsenal FC,0.335,Sunderland AFC,0.665,136073.75682,139165.160064,127009.5746
2026-09-12T09:41:03+00:00,2026-09-12,4250803,"Will the price of Bitcoin be above $76,000 on September 12?",bitcoin-above-76k-on-september-12-2026,2026-09-12T16:00:00Z,Yes,0.9915,No,0.0085,133410.092451,138860.66220800002,39704.85324
2026-09-12T09:41:03+00:00,2026-09-12,3993234,Liverpool FC vs. Fulham FC: O/U 3.5,epl-liv-ful-2026-09-12-total-3pt5,2026-09-12T14:00:00Z,Over,0.435,Under,0.565,129317.48758900003,168216.206763,200685.6383
2026-09-12T09:41:03+00:00,2026-09-12,1088476,Will Ben Shelton win the 2026 Men's US Open?,will-ben-shelton-win-the-2026-mens-us-open,2026-09-13T00:00:00Z,Yes,0.415,No,0.585,124994.72309000004,1302788.770184,78161.91687
2026-09-12T09:41:03+00:00,2026-09-12,4480291,Counter-Strike: HOTU vs 100 Thieves (BO3) - Thunderpick World Championship Closed Qualifier Playoffs,cs2-hotu-100t-2026-09-12,2026-09-12T20:00:00Z,HOTU,0.445,100 Thieves,0.555,123602.62452600003,123602.62452600003,110146.756
2026-09-12T09:41:03+00:00,2026-09-12,2170255,Bab el-Mandeb Strait effectively closed by September 30?,bab-el-mandeb-strait-effectively-closed-by-september-30-999-671-939,2026-10-01T03:59:00Z,Yes,0.0925,No,0.9075,122344.95494900002,2797130.91583,121706.41387
2026-09-12T09:41:03+00:00,2026-09-12,4460110,US Open WTA: Aryna Sabalenka vs Elena Rybakina,wta-sabalen-rybakin-2026-09-12,2026-09-19T20:00:00Z,Aryna Sabalenka,0.575,Elena Rybakina,0.425,121947.168996,122349.41580100004,256834.7508
2026-09-12T09:41:03+00:00,2026-09-12,3985606,Ulsan HD FC vs. Incheon United FC: O/U 2.5,kor-uls-inc-2026-09-12-total-2pt5,2026-09-12T07:30:00Z,Over,0.9995,Under,0.0005,120308.59516399998,120348.395164,135848.4086
2026-09-12T09:41:03+00:00,2026-09-12,4294708,Games Total: O/U 3.5,lol-hle1-t1-2026-09-12-total-games-3pt5,2026-09-12T11:00:00Z,Over,0.9995,Under,0.0005,119992.79816600005,124178.15060100002,206522.05959
2026-09-12T09:41:03+00:00,2026-09-12,3702042,"US announces end of Iranian blockade by September 14, 2026?",us-announces-end-of-iranian-blockade-by-september-14-2026,2026-09-15T03:59:00Z,Yes,0.026,No,0.974,119234.07688799998,1548037.251733002,97402.0952
2026-09-12T09:41:03+00:00,2026-09-12,4250801,"Will the price of Bitcoin be above $74,000 on September 12?",bitcoin-above-74k-on-september-12-2026,2026-09-12T16:00:00Z,Yes,0.9995,No,0.0005,115510.36834100002,132283.82256599996,42723.32459
2026-09-12T09:41:03+00:00,2026-09-12,1163699,Clarity Act (H.R.3633) signed into law in 2026?,clarity-act-signed-into-law-in-2026,2027-01-01T05:00:00Z,Yes,0.205,No,0.795,115094.94403300005,15148362.493878992,684628.2396
2026-09-12T09:41:03+00:00,2026-09-12,2176270,Strait of Hormuz traffic returns to normal by December 31?,strait-of-hormuz-traffic-returns-to-normal-by-december-31,2026-12-31T00:00:00Z,Yes,0.205,No,0.795,113813.45344099999,11451084.258874997,461286.1828
2026-09-12T09:41:03+00:00,2026-09-12,3993286,Spread: Chelsea FC (-1.5),epl-che-hul-2026-09-12-spread-home-1pt5,2026-09-12T14:00:00Z,Chelsea FC,0.605,Hull City AFC,0.395,109356.743607,109944.47499100002,281943.6652
2026-09-12T09:41:03+00:00,2026-09-12,601821,Will Fernando Haddad win the 2026 Brazilian presidential election?,will-fernando-haddad-win-the-2026-brazilian-presidential-election,2026-10-04T00:00:00Z,Yes,0.0005,No,0.9995,106059.01,7532829.021963,421180.17706
2026-09-12T09:41:03+00:00,2026-09-12,3989269,Will AFC Bournemouth win on 2026-09-12?,epl-bou-bre-2026-09-12-bou,2026-09-12T14:00:00Z,Yes,0.385,No,0.615,105678.953947,107173.93056499994,299562.4422
2026-09-12T09:41:03+00:00,2026-09-12,4250799,"Will the price of Bitcoin be above $72,000 on September 12?",bitcoin-above-72k-on-september-12-2026,2026-09-12T16:00:00Z,Yes,0.9995,No,0.0005,103023.32286000003,137121.697533,34975.85062
2026-09-12T09:41:03+00:00,2026-09-12,601827,Will Ronaldo Caiado win the 2026 Brazilian presidential election?,will-ronaldo-caiado-win-the-2026-brazilian-presidential-election,2026-10-04T00:00:00Z,Yes,0.0015,No,0.9985,102547.4485,7497923.707277001,910159.89714
2026-09-12T09:41:03+00:00,2026-09-12,4441456,Bitcoin Up or Down on September 12?,bitcoin-up-or-down-on-september-12-2026,2026-09-12T16:00:00Z,Up,0.055,Down,0.945,101132.39283000003,101162.00067400004,27664.1071
2026-09-12T09:41:03+00:00,2026-09-12,1193093,Will Ulf Kristersson be the next Prime Minister of Sweden?,will-ulf-kristersson-be-the-next-prime-minister-of-sweden,2026-09-13T00:00:00Z,Yes,0.275,No,0.725,97917.70578699997,543151.5130929998,135614.3174
2026-09-12T09:41:03+00:00,2026-09-12,601825,Will Renan Santos win the 2026 Brazilian presidential election?,will-renan-santos-win-the-2026-brazilian-presidential-election,2026-10-04T00:00:00Z,Yes,0.0165,No,0.9835,97562.665163,13317785.388024,401887.33247
2026-09-12T09:41:03+00:00,2026-09-12,679023,Will Xavier Bertrand win the 2027 French presidential election?,will-xavier-bertrand-win-the-2027-french-presidential-election,2027-04-30T00:00:00Z,Yes,0.0015,No,0.9985,92491.09,5934698.638839002,217824.69049
2026-09-12T09:41:03+00:00,2026-09-12,3956904,Iran-Oman Hormuz Agreement by September 14?,iran-oman-hormuz-agreement-by-september-14,2026-09-14T23:59:00Z,Yes,0.45,No,0.55,90737.594842,129389.75125100002,47803.6364
2026-09-12T09:41:03+00:00,2026-09-12,3983861,Will Ulsan HD FC win on 2026-09-12?,kor-uls-inc-2026-09-12-uls,2026-09-12T07:30:00Z,Yes,0.9995,No,0.0005,88867.89431899998,88879.72250100004,219342.21579
2026-09-12T09:41:03+00:00,2026-09-12,4095052,US x Iran Effective Ceasefire by September 4?,us-x-iran-effective-ceasefire-by-september-4,2026-09-04T23:59:00Z,Yes,0.86,No,0.14,87762.16153799997,1521957.269584999,40264.8207
2026-09-12T09:41:03+00:00,2026-09-12,3501952,Strait of Hormuz traffic returns to normal by September 15?,strait-of-hormuz-traffic-returns-to-normal-by-september-15-20260810150912478,2026-09-15T00:00:00Z,Yes,0.0025,No,0.9975,86489.260314,2232047.1454589996,352264.81488
2026-09-12T09:41:03+00:00,2026-09-12,4082012,"Zuffa Boxing: Garcia vs. Benn (Welterweight, Main)",zuffa-garcia-benn-2026-09-12,2026-09-13T03:59:59.999Z,Garcia,0.725,Benn,0.275,81767.421359,105519.35971800002,96561.366
2026-09-12T09:41:03+00:00,2026-09-12,608541,Will Erling Haaland win the 2026 Ballon d'Or?,will-erling-haaland-win-the-2026-ballon-dor,2026-10-31T00:00:00Z,Yes,0.0015,No,0.9985,81382.40299999999,1657875.1509979996,390418.35071
2026-09-12T09:41:03+00:00,2026-09-12,4250798,"Will the price of Bitcoin be above $70,000 on September 12?",bitcoin-above-70k-on-september-12-2026,2026-09-12T16:00:00Z,Yes,0.9995,No,0.0005,80416.713784,88920.36444000003,65901.34345
2026-09-12T09:41:03+00:00,2026-09-12,2467206,"Will Bitcoin reach $95,000 by December 31, 2026?",will-bitcoin-reach-95000-by-december-31-2026-from-june-8,2027-01-01T05:00:00Z,Yes,0.325,No,0.675,79652.750096,611874.0562110002,64255.7597
2026-09-12T09:41:03+00:00,2026-09-12,4430445,Will the lowest temperature in Hong Kong be 28°C on September 12?,lowest-temperature-in-hong-kong-on-september-12-2026-28c,2026-09-12T12:00:00Z,Yes,0.0005,No,0.9995,78933.43091499998,79545.971715,18558.69778
2026-09-12T09:41:03+00:00,2026-09-12,4338638,"Will Bitcoin reach $80,000 in September?",will-bitcoin-reach-80k-in-september-2026-from-september-7,2026-10-01T04:00:00Z,Yes,0.655,No,0.345,78054.33097699999,173768.87266,51661.9579
2026-09-12T09:41:03+00:00,2026-09-12,666861,Trump out as President before 2027?,trump-out-as-president-before-2027,2027-01-01T04:59:00Z,Yes,0.065,No,0.935,77687.655209,11535633.42504,322012.7997
2026-09-12T09:41:03+00:00,2026-09-12,1130014,Will A Just Russia – For Truth (SRZP) gain the most seats in the next Russian parliamentary election?,will-a-just-russia-for-truth-srzp-gain-the-most-seats-in-the-next-russian-parliamentary-election,2026-09-30T00:00:00Z,Yes,0.0015,No,0.9985,76749.38600000001,2489837.100938,500934.63044
2026-09-12T09:41:03+00:00,2026-09-12,3993222,Spread: Fulham FC (-1.5),epl-liv-ful-2026-09-12-spread-away-1pt5,2026-09-12T14:00:00Z,Fulham FC,0.055,Liverpool FC,0.945,74663.7057,74818.205675,77383.8524
2026-09-12T09:41:03+00:00,2026-09-12,3993220,Spread: Liverpool FC (-1.5),epl-liv-ful-2026-09-12-spread-home-1pt5,2026-09-12T14:00:00Z,Liverpool FC,0.405,Fulham FC,0.595,74419.11228399999,106388.577054,281577.0345
2026-09-12T09:41:03+00:00,2026-09-12,4250809,"Will the price of Bitcoin be above $82,000 on September 12?",bitcoin-above-82k-on-september-12-2026,2026-09-12T16:00:00Z,Yes,0.001,No,0.999,74054.245983,92889.773159,37221.09124
2026-09-12T09:41:03+00:00,2026-09-12,3989227,Will Chelsea FC win on 2026-09-12?,epl-che-hul-2026-09-12-che,2026-09-12T14:00:00Z,Yes,0.805,No,0.195,73698.52917300002,85315.60270799999,517095.6436
2026-09-12T09:41:03+00:00,2026-09-12,4045586,Rice vs. Notre Dame,cfb-rice-nd-2026-09-12,2026-09-12T19:30:00Z,Rice,0.002,Notre Dame,0.998,72351.601,76507.50079699999,173171.97699
2026-09-12T09:41:03+00:00,2026-09-12,4174612,Trump out as President by September 30?,dtrump-out-as-president-by-september-30,2026-10-01T03:59:00Z,Yes,0.0095,No,0.9905,72266.76071,696361.6247440001,159959.14425
2026-09-12T09:41:03+00:00,2026-09-12,3992671,FC Lorient vs. Toulouse FC: O/U 2.5,fl1-lor-tou-2026-09-12-total-2pt5,2026-09-12T18:45:00Z,Over,0.515,Under,0.485,71553.70722199998,71553.70722199998,97742.6471
2026-09-12T09:41:03+00:00,2026-09-12,3989327,Will Tottenham Hotspur FC win on 2026-09-12?,epl-tot-eve-2026-09-12-tot,2026-09-12T16:30:00Z,Yes,0.485,No,0.515,70094.659029,82194.02476900001,464862.2927
2026-09-12T09:41:03+00:00,2026-09-12,4338483,"Will Elon Musk post 65-89 tweets from September 10 to September 12, 2026?",elon-musk-of-tweets-september-10-september-12-2026-65-89,2026-09-12T16:00:00Z,Yes,0.0115,No,0.9885,69413.16416900001,95815.677661,8679.82032
2026-09-12T09:41:03+00:00,2026-09-12,4441464,Ethereum Up or Down on September 12?,ethereum-up-or-down-on-september-12-2026,2026-09-12T16:00:00Z,Up,0.04,Down,0.96,68594.025082,68604.02508200001,24900.16612
2026-09-12T09:41:03+00:00,2026-09-12,2774057,Strait of Hormuz traffic returns to normal by September 30?,strait-of-hormuz-traffic-returns-to-normal-by-september-30-20260702154339440,2026-09-30T00:00:00Z,Yes,0.0165,No,0.9835,68425.315847,8424287.988625003,283018.6757
2026-09-12T09:41:03+00:00,2026-09-12,679022,Will David Lisnard win the 2027 French presidential election?,will-david-lisnard-win-the-2027-french-presidential-election,2027-04-30T00:00:00Z,Yes,0.0575,No,0.9425,67405.36944499999,2032152.6073129997,164109.62593
2026-09-12T09:41:03+00:00,2026-09-12,2589813,Will the Fed increase interest rates by 25 bps after the October 2026 meeting?,will-the-fed-increase-interest-rates-by-25-bps-after-the-october-2026-meeting-20260617190324032,2026-10-28T23:59:00Z,Yes,0.375,No,0.625,66095.778361,369572.98969200003,235588.9055
2026-09-12T09:41:03+00:00,2026-09-12,682711,Will Yossi Cohen be the next Prime Minister of Israel?,will-yossi-cohen-be-the-next-prime-minister-of-israel,2026-12-31T00:00:00Z,Yes,0.0025,No,0.9975,63142.63950099996,2421747.1076960005,164027.7504
2026-09-12T09:41:03+00:00,2026-09-12,4250811,"Will the price of Bitcoin be above $84,000 on September 12?",bitcoin-above-84k-on-september-12-2026,2026-09-12T16:00:00Z,Yes,0.0005,No,0.9995,62028.24677799999,76721.066109,62610.61797
2026-09-12T09:41:03+00:00,2026-09-12,4052451,"Will Ethereum reach $2,700 in September?",will-ethereum-reach-2700-in-september-2026,2026-10-01T04:00:00Z,Yes,0.545,No,0.455,61203.33634999999,117974.73259700001,37510.4916
2026-09-12T09:41:03+00:00,2026-09-12,561244,Will Donald Trump Jr. win the 2028 US Presidential Election?,will-donald-trump-jr-win-the-2028-us-presidential-election,2028-11-07T00:00:00Z,Yes,0.005,No,0.995,60704.17333399999,13785312.742047997,936132.38708
2026-09-12T09:41:03+00:00,2026-09-12,3985594,O/U 2.5 Rounds,ufc-dan2-dav32-2026-09-12-totals-2pt5,2026-09-13T03:59:59.999Z,Over,0.655,Under,0.345,60072.394757,61898.939031,77927.3693
2026-09-13T10:42:48+00:00,2026-09-13,4016623,Will Brighton & Hove Albion FC win on 2026-09-13?,epl-cov-bri-2026-09-13-bri,2026-09-13T13:00:00Z,Yes,0.515,No,0.485,2096817.0350559999,2365983.3923100005,887713.1442
2026-09-13T10:42:48+00:00,2026-09-13,2252244,Will there be no change in Fed interest rates after the September 2026 meeting?,will-there-be-no-change-in-fed-interest-rates-after-the-september-2026-meeting-615,2026-09-16T00:00:00Z,Yes,0.205,No,0.795,1997508.5913550013,37343729.96452915,1001404.3802
2026-09-13T10:42:48+00:00,2026-09-13,4497623,Counter-Strike: G2 vs Legacy (BO5) - FISSURE PLAYGROUND Playoffs,cs2-g2-lgc-2026-09-13,2026-09-13T15:10:00Z,G2,0.235,Legacy,0.765,1310775.1138370002,1310425.1481189996,74290.7446
2026-09-13T10:42:48+00:00,2026-09-13,4497681,LoL: Bilibili Gaming vs Anyone's Legend - Game 1 Winner,lol-blg-al-2026-09-13-game1,2026-09-13T13:00:00Z,Bilibili Gaming,0.0005,Anyone's Legend,0.9995,1222502.0352419997,1222502.0352420001,622043.76149
2026-09-13T10:42:48+00:00,2026-09-13,4497682,LoL: Bilibili Gaming vs Anyone's Legend - Game 2 Winner,lol-blg-al-2026-09-13-game2,2026-09-13T13:00:00Z,Bilibili Gaming,0.0005,Anyone's Legend,0.9995,1200833.954344001,1200833.954344001,962990.52621
2026-09-13T10:42:48+00:00,2026-09-13,2252245,Will the Fed increase interest rates by 25 bps after the September 2026 meeting?,will-the-fed-increase-interest-rates-by-25-bps-after-the-september-2026-meeting-649,2026-09-16T00:00:00Z,Yes,0.785,No,0.215,1108318.1064030002,28933178.737063054,930963.4661
2026-09-13T10:42:48+00:00,2026-09-13,4497685,LoL: Bilibili Gaming vs Anyone's Legend (BO5) - LPL Playoffs,lol-blg-al-2026-09-13,2026-09-13T15:00:00Z,Bilibili Gaming,0.305,Anyone's Legend,0.695,1066315.1163390013,1065356.8134649994,286028.8403
2026-09-13T10:42:48+00:00,2026-09-13,2252243,Will the Fed decrease interest rates by 25 bps after the September 2026 meeting?,will-the-fed-decrease-interest-rates-by-25-bps-after-the-september-2026-meeting-586,2026-09-16T00:00:00Z,Yes,0.0035,No,0.9965,1012066.533314,39232136.338851996,2806762.56498
2026-09-13T10:42:48+00:00,2026-09-13,4016656,Will Manchester City FC win on 2026-09-13?,epl-mun-mac-2026-09-13-mac,2026-09-13T15:30:00Z,Yes,0.445,No,0.555,800808.6058380012,840850.183878001,701785.0938
2026-09-13T10:42:48+00:00,2026-09-13,2252246,Will the Fed increase interest rates by 50+ bps after the September 2026 meeting?,will-the-fed-increase-interest-rates-by-50-bps-after-the-september-2026-meeting-664,2026-09-16T00:00:00Z,Yes,0.0065,No,0.9935,731222.1482900002,19841238.39161302,1397625.20442
2026-09-13T10:42:48+00:00,2026-09-13,4019535,Will FC Barcelona win on 2026-09-13?,lal-lev-bar-2026-09-13-bar,2026-09-13T14:15:00Z,Yes,0.835,No,0.165,554352.0126729998,726060.1649880001,489801.1086
2026-09-13T10:42:48+00:00,2026-09-13,3758940,Bab el-Mandeb Strait effectively closed by September 15?,bab-el-mandeb-strait-effectively-closed-by-september-15,2026-09-16T03:59:00Z,Yes,0.008,No,0.992,437317.423257,786130.9039340002,81833.45008
2026-09-13T10:42:48+00:00,2026-09-13,2772194,Will Shakhtar Donetsk win the 2026-27 UEFA Champions League Championship?,will-shakhtar-donetsk-win-the-2026-27-uefa-champions-league-championship-20260701202025578,2027-05-30T23:59:00Z,Yes,0.0015,No,0.9985,430834.72,16996953.895999998,401115.68381
2026-09-13T10:42:48+00:00,2026-09-13,561266,Will Abigail Spanberger win the 2028 US Presidential Election?,will-abigail-spanberger-win-the-2028-us-presidential-election,2028-11-07T00:00:00Z,Yes,0.0005,No,0.9995,326344.06,630715.5719999999,1471764.28136
2026-09-13T10:42:48+00:00,2026-09-13,4490892,US Open ATP: Alexander Zverev vs Ben Shelton,atp-zverev-shelton-2026-09-13,2026-09-20T18:00:00Z,Alexander Zverev,0.585,Ben Shelton,0.415,299136.70563,304415.7596569999,1134861.8784
2026-09-13T10:42:48+00:00,2026-09-13,2252242,Will the Fed decrease interest rates by 50+ bps after the September 2026 meeting?,will-the-fed-decrease-interest-rates-by-50-bps-after-the-september-2026-meeting-863,2026-09-16T00:00:00Z,Yes,0.0005,No,0.9995,292891.38,15956944.437784996,4435839.72792
2026-09-13T10:42:48+00:00,2026-09-13,4497620,Counter-Strike: G2 vs Legacy - Map 2 Winner,cs2-g2-lgc-2026-09-13-game2,2026-09-13T15:10:00Z,G2,0.27,Legacy,0.73,287933.19922999997,287933.19923,32557.5693
2026-09-13T10:42:48+00:00,2026-09-13,4497619,Counter-Strike: G2 vs Legacy - Map 1 Winner,cs2-g2-lgc-2026-09-13-game1,2026-09-13T15:10:00Z,G2,0.0005,Legacy,0.9995,285111.7232610002,285111.723261,429135.99396
2026-09-13T10:42:48+00:00,2026-09-13,4509825,Map Handicap: G2 (-1.5) vs Legacy (+1.5),cs2-g2-lgc-2026-09-13-map-handicap-away-1pt5,2026-09-13T15:10:00Z,G2,0.05,Legacy,0.95,256628.404756,256628.404756,24839.0296
2026-09-13T10:42:48+00:00,2026-09-13,4508677,Counter-Strike: M80 vs Luminosity (BO3) - Roman Imperium Cup Playoffs,cs2-m80-lg6-2026-09-13,2026-09-13T16:00:00Z,M80,0.72,Luminosity,0.28,228666.49723300003,228666.49723299986,12766.3382
2026-09-13T10:42:48+00:00,2026-09-13,4499999,Shanghai: Ilya Ivashka vs Marat Sharipov,atp-ivashka-sharipo-2026-09-13,2026-09-20T08:00:00Z,Ilya Ivashka,0.9995,Marat Sharipov,0.0005,225276.79839399998,225276.79839399992,327639.71881
2026-09-13T10:42:48+00:00,2026-09-13,562006,Will Eric Trump win the 2028 Republican presidential nomination?,will-eric-trump-win-the-2028-republican-presidential-nomination,2028-11-07T00:00:00Z,Yes,0.002,No,0.998,204409.99200000003,10571750.639373997,1639038.08093
2026-09-13T10:42:48+00:00,2026-09-13,4020768,Spread: FC Barcelona (-2.5),lal-lev-bar-2026-09-13-spread-away-2pt5,2026-09-13T14:15:00Z,FC Barcelona,0.435,Levante UD,0.565,188431.818171,202405.22306099997,202845.4517
2026-09-13T10:42:48+00:00,2026-09-13,4497689,Game Handicap: BLG (-2.5) vs Anyone's Legend (+2.5),lol-blg-al-2026-09-13-game-handicap-away-2pt5,2026-09-13T15:00:00Z,Bilibili Gaming,0.0005,Anyone's Legend,0.9995,180912.92898000003,180912.92897999997,272335.83141
2026-09-13T10:42:48+00:00,2026-09-13,1088475,Will Alexander Zverev win the 2026 Men's US Open?,will-alexander-zverev-win-the-2026-mens-us-open,2026-09-13T00:00:00Z,Yes,0.5865,No,0.4135,178815.92524199997,1869610.3002620016,154839.61899
2026-09-13T10:42:48+00:00,2026-09-13,601836,Will Augusto Cury win the 2026 Brazilian presidential election?,will-augusto-cury-win-the-2026-brazilian-presidential-election,2026-10-04T00:00:00Z,Yes,0.0045,No,0.9955,171658.189653,4804338.9084960045,274581.75329
2026-09-13T10:42:48+00:00,2026-09-13,4016612,Will Coventry City FC win on 2026-09-13?,epl-cov-bri-2026-09-13-cov,2026-09-13T13:00:00Z,Yes,0.235,No,0.765,158769.996907,161144.25474400003,393889.6289
2026-09-13T10:42:48+00:00,2026-09-13,3701690,Israel closes its airspace by September 30?,israel-closes-its-airspace-by-september-30,2026-10-01T03:59:00Z,Yes,0.9745,No,0.0255,158307.41945700004,2847666.8501449996,142665.68051
2026-09-13T10:42:48+00:00,2026-09-13,1163699,Clarity Act (H.R.3633) signed into law in 2026?,clarity-act-signed-into-law-in-2026,2027-01-01T05:00:00Z,Yes,0.215,No,0.785,152139.10539299992,15301954.075463993,452366.5783
2026-09-13T10:42:48+00:00,2026-09-13,4497688,Game Handicap: BLG (-1.5) vs Anyone's Legend (+1.5),lol-blg-al-2026-09-13-game-handicap-away-1pt5,2026-09-13T15:00:00Z,Bilibili Gaming,0.0005,Anyone's Legend,0.9995,141788.06615199998,141788.06615199998,206464.73819
2026-09-13T10:42:48+00:00,2026-09-13,561234,Will Marco Rubio win the 2028 US Presidential Election?,will-marco-rubio-win-the-2028-us-presidential-election,2028-11-07T00:00:00Z,Yes,0.1265,No,0.8735,141736.60887399997,12445242.963243997,258738.7834
2026-09-13T10:42:48+00:00,2026-09-13,559691,Will Chris Murphy win the 2028 Democratic presidential nomination?,will-chris-murphy-win-the-2028-democratic-presidential-nomination,2028-11-07T00:00:00Z,Yes,0.0045,No,0.9955,138013.013342,17405572.356317002,1819292.24691
2026-09-13T10:42:48+00:00,2026-09-13,1130014,Will A Just Russia – For Truth (SRZP) gain the most seats in the next Russian parliamentary election?,will-a-just-russia-for-truth-srzp-gain-the-most-seats-in-the-next-russian-parliamentary-election,2026-09-30T00:00:00Z,Yes,0.0015,No,0.9985,129062.68999999996,2620724.4519379996,449029.83295
2026-09-13T10:42:48+00:00,2026-09-13,3501952,Strait of Hormuz traffic returns to normal by September 15?,strait-of-hormuz-traffic-returns-to-normal-by-september-15-20260810150912478,2026-09-15T00:00:00Z,Yes,0.0005,No,0.9995,127190.330191,2359237.4756500004,1110995.92881
2026-09-13T10:42:48+00:00,2026-09-13,4496202,Dota 2: Natus Vincere vs  Pipsqueak+4 - Game 2 Winner,dota2-navi-pi-2026-09-13-game2,2026-09-13T12:00:00Z,Natus Vincere,0.9995, Pipsqueak+4,0.0005,125953.36954700013,125953.36954699997,138847.65145
2026-09-13T10:42:48+00:00,2026-09-13,4016648,Will Manchester United FC win on 2026-09-13?,epl-mun-mac-2026-09-13-mun,2026-09-13T15:30:00Z,Yes,0.305,No,0.695,124810.796817,131440.38524900004,337039.4127
2026-09-13T10:42:48+00:00,2026-09-13,3956904,Iran-Oman Hormuz Agreement by September 14?,iran-oman-hormuz-agreement-by-september-14,2026-09-14T23:59:00Z,Yes,0.335,No,0.665,123386.58981399995,262974.629375,46343.1272
2026-09-13T10:42:48+00:00,2026-09-13,4095052,US x Iran Effective Ceasefire by September 4?,us-x-iran-effective-ceasefire-by-september-4,2026-09-04T23:59:00Z,Yes,0.86,No,0.14,123293.25168400003,1647459.0712690025,34915.5899
2026-09-13T10:42:48+00:00,2026-09-13,2170255,Bab el-Mandeb Strait effectively closed by September 30?,bab-el-mandeb-strait-effectively-closed-by-september-30-999-671-939,2026-10-01T03:59:00Z,Yes,0.054,No,0.946,121685.31764299997,2921721.656865,166784.31685
2026-09-13T10:42:48+00:00,2026-09-13,665374,Will the U.S. invade Iran before 2027?,will-the-us-invade-iran-before-2027,2027-01-01T04:59:00Z,Yes,0.165,No,0.835,118345.14912700007,65878396.50784205,656937.1263
2026-09-13T10:42:48+00:00,2026-09-13,4505004,Counter-Strike: BBL vs HOTU (BO3) - Thunderpick World Championship Closed Qualifier Playoffs,cs2-bbl1-hotu-2026-09-13,2026-09-13T14:00:00Z,BBL,0.225,HOTU,0.775,117979.759795,117979.75979500005,18478.6536
2026-09-13T10:42:48+00:00,2026-09-13,601819,Will Luiz Inácio Lula da Silva win the 2026 Brazilian presidential election?,will-luiz-incio-lula-da-silva-win-the-2026-brazilian-presidential-election,2026-10-04T00:00:00Z,Yes,0.475,No,0.525,107929.580344,10908093.797193998,226991.1202
2026-09-13T10:42:48+00:00,2026-09-13,4293343,"Will the price of Bitcoin be above $80,000 on September 13?",bitcoin-above-80k-on-september-13-2026,2026-09-13T16:00:00Z,Yes,0.001,No,0.999,105909.16810099999,119119.756391,35003.72815
2026-09-13T10:42:48+00:00,2026-09-13,4497627,Map Handicap: LGC (-1.5) vs G2 (+1.5),cs2-g2-lgc-2026-09-13-map-handicap-home-1pt5,2026-09-13T15:10:00Z,Legacy,0.635,G2,0.365,98660.539865,98660.53986500001,11453.2286
2026-09-13T10:42:48+00:00,2026-09-13,4018641,Spread: Manchester United FC (-2.5),epl-mun-mac-2026-09-13-spread-home-2pt5,2026-09-13T15:30:00Z,Manchester United FC,0.045,Manchester City FC,0.955,98395.63257,115009.84977999999,75679.2462
2026-09-13T10:42:48+00:00,2026-09-13,2176270,Strait of Hormuz traffic returns to normal by December 31?,strait-of-hormuz-traffic-returns-to-normal-by-december-31,2026-12-31T00:00:00Z,Yes,0.195,No,0.805,96671.81525,11547874.294124998,440477.7064
2026-09-13T10:42:48+00:00,2026-09-13,1130020,Will Yabloko gain the most seats in the next Russian parliamentary election?,will-yabloko-gain-the-most-seats-in-the-next-russian-parliamentary-election,2026-09-30T00:00:00Z,Yes,0.0015,No,0.9985,91365.90299999999,1971600.9579819995,251936.05202
2026-09-13T10:42:48+00:00,2026-09-13,4019532,Will Levante UD win on 2026-09-13?,lal-lev-bar-2026-09-13-lev,2026-09-13T14:15:00Z,Yes,0.055,No,0.945,89930.84021999997,103075.99378599999,386535.2133
2026-09-13T10:42:48+00:00,2026-09-13,4002684,Will SBV Excelsior win on 2026-09-13?,ere-exc-utr-2026-09-13-exc,2026-09-13T10:15:00Z,Yes,0.375,No,0.625,86483.0379,86974.31466399999,50937.179
2026-09-13T10:42:48+00:00,2026-09-13,601826,Will Flávio Bolsonaro win the 2026 Brazilian presidential election?,will-flvio-bolsonaro-win-the-2026-brazilian-presidential-election,2026-10-04T00:00:00Z,Yes,0.4975,No,0.5025,81517.97472800002,10532975.75468,211083.4299
2026-09-13T10:42:48+00:00,2026-09-13,4508425,Counter-Strike: Virtus.pro vs Heroic (BO3) - Thunderpick World Championship Closed Qualifier Playoffs,cs2-vp-hero-2026-09-13,2026-09-13T17:00:00Z,Virtus.pro,0.325,Heroic,0.675,80591.304241,80591.30424100002,84256.8062
2026-09-13T10:42:48+00:00,2026-09-13,679022,Will David Lisnard win the 2027 French presidential election?,will-david-lisnard-win-the-2027-french-presidential-election,2027-04-30T00:00:00Z,Yes,0.0885,No,0.9115,80502.45449500001,2112655.0618080003,167908.16006
2026-09-13T10:42:48+00:00,2026-09-13,4293337,"Will the price of Bitcoin be above $76,000 on September 13?",bitcoin-above-76k-on-september-13-2026,2026-09-13T16:00:00Z,Yes,0.949,No,0.051,80273.27812699998,96522.988584,35653.307
2026-09-13T10:42:48+00:00,2026-09-13,1193094,Will Magdalena Andersson be the next Prime Minister of Sweden?,will-magdalena-andersson-be-the-next-prime-minister-of-sweden,2026-09-13T00:00:00Z,Yes,0.665,No,0.335,79214.895266,921695.2861900001,92489.967
2026-09-13T10:42:48+00:00,2026-09-13,1130012,Will United Russia (ER) gain the most seats in the next Russian parliamentary election?,will-united-russia-er-gain-the-most-seats-in-the-next-russian-parliamentary-election,2026-09-30T00:00:00Z,Yes,0.795,No,0.205,78536.41614,9891488.119684,467230.6591
2026-09-13T10:42:48+00:00,2026-09-13,908713,Fed rate hike in 2026?,fed-rate-hike-in-2026,2026-12-09T00:00:00Z,Yes,0.89,No,0.11,77147.841061,9169482.301190004,166365.4521
2026-09-13T10:42:48+00:00,2026-09-13,4020766,Spread: FC Barcelona (-1.5),lal-lev-bar-2026-09-13-spread-away-1pt5,2026-09-13T14:15:00Z,FC Barcelona,0.655,Levante UD,0.345,76506.729552,84632.764067,134921.0345
2026-09-13T10:42:48+00:00,2026-09-13,1808548,Fed Rate Hike by October 2026 Meeting?,fed-rate-hike-by-october-2026-meeting,2026-12-09T00:00:00Z,Yes,0.835,No,0.165,76460.50310700001,791952.1425959995,185331.4418
2026-09-13T10:42:48+00:00,2026-09-13,4293335,"Will the price of Bitcoin be above $74,000 on September 13?",bitcoin-above-74k-on-september-13-2026,2026-09-13T16:00:00Z,Yes,0.9985,No,0.0015,76447.335261,91977.08292499998,33422.22953
2026-09-13T10:42:48+00:00,2026-09-13,2772196,Will Bodø/Glimt win the 2026-27 UEFA Champions League Championship?,will-bodglimt-win-the-2026-27-uefa-champions-league-championship,2027-05-30T23:59:00Z,Yes,0.0025,No,0.9975,75000.0,419736.20721400005,154334.09401
2026-09-13T10:42:48+00:00,2026-09-13,601820,Will Jair Bolsonaro win the 2026 Brazilian presidential election?,will-jair-bolsonaro-win-the-2026-brazilian-presidential-election,2026-10-04T00:00:00Z,Yes,0.0015,No,0.9985,72981.78,6928850.599873999,416485.34636
2026-09-13T10:42:48+00:00,2026-09-13,4010219,Will Tōkyō Verdy win on 2026-09-13?,jap-fct1-jef-2026-09-13-fct1,2026-09-13T09:00:00Z,Yes,0.07,No,0.93,71123.13413399999,71123.13413399999,58374.857
2026-09-13T10:42:48+00:00,2026-09-13,4016659,Will Stade Brestois 29 win on 2026-09-13?,fl1-sbr-psg-2026-09-13-sbr,2026-09-13T18:45:00Z,Yes,0.075,No,0.925,70627.994271,78683.935212,189167.2806
2026-09-13T10:42:48+00:00,2026-09-13,4511518,Rennes: Gijs Brouwer vs Yanis Ghazouani Durand,atp-brouwer-durand-2026-09-13,2026-09-20T08:00:00Z,Gijs Brouwer,0.0005,Yanis Ghazouani Durand,0.9995,67797.52478500002,67657.52478500005,161568.07589
2026-09-13T10:42:48+00:00,2026-09-13,1193093,Will Ulf Kristersson be the next Prime Minister of Sweden?,will-ulf-kristersson-be-the-next-prime-minister-of-sweden,2026-09-13T00:00:00Z,Yes,0.315,No,0.685,67378.18758499999,610897.5805410002,125488.3766
2026-09-13T10:42:48+00:00,2026-09-13,560317,"Putin out as President of Russia by December 31, 2026?",putin-out-before-2027-346,2027-01-01T04:59:00Z,Yes,0.065,No,0.935,67102.304317,20766570.005969994,593310.844
2026-09-13T10:42:48+00:00,2026-09-13,4010938,Will Viborg FF win on 2026-09-13?,den-sif-vib-2026-09-13-vib,2026-09-13T12:00:00Z,Yes,0.515,No,0.485,65146.72820699998,65999.65356100001,107066.8296
2026-09-13T10:42:48+00:00,2026-09-13,4016662,Will Paris Saint-Germain FC win on 2026-09-13?,fl1-sbr-psg-2026-09-13-psg,2026-09-13T18:45:00Z,Yes,0.785,No,0.215,64622.040921000014,89741.34209700004,218645.1848
2026-09-13T10:42:48+00:00,2026-09-13,4293340,"Will the price of Bitcoin be above $78,000 on September 13?",bitcoin-above-78k-on-september-13-2026,2026-09-13T16:00:00Z,Yes,0.0125,No,0.9875,64596.226894000014,95642.13678800002,30773.30837
2026-09-13T10:42:48+00:00,2026-09-13,4293346,"Will the price of Bitcoin be above $82,000 on September 13?",bitcoin-above-82k-on-september-13-2026,2026-09-13T16:00:00Z,Yes,0.0005,No,0.9995,64462.070389,86358.748114,30748.08332
2026-09-13T10:42:48+00:00,2026-09-13,562829,"2026 Balance of Power: D Senate, R House",2026-balance-of-power-d-senate-r-house-692,2026-11-03T00:00:00Z,Yes,0.0365,No,0.9635,61998.791174,1731957.065924,131103.69187
2026-09-13T10:42:48+00:00,2026-09-13,4466941,Counter-Strike: ENJOY vs mellren (BO3) - CCT Europe Closed Qualifier: Series #9 Group A,cs2-enjoy-mellre-2026-09-13,2026-09-13T14:15:00Z,ENJOY,0.43,mellren,0.57,60986.82315600001,61288.45519700003,4229.5384
2026-09-13T10:42:48+00:00,2026-09-13,4477120,"T20 Asia Cup, Women: India vs Sri Lanka",crint-ind3-lka3-2026-09-13,2026-09-20T10:30:00Z,India,0.835,Sri Lanka,0.165,60690.225646,64837.899646000005,48127.0052
2026-09-13T10:42:48+00:00,2026-09-13,3335181,Browns vs. Jaguars,nfl-cle-jax-2026-09-13,2026-09-13T17:00:00Z,Browns,0.215,Jaguars,0.785,59327.786363,68010.33257599999,547127.855
2026-09-13T10:42:48+00:00,2026-09-13,4013447,Gimcheon Sangmu FC vs. Gangwon FC: O/U 2.5,kor-san-gwo-2026-09-13-total-2pt5,2026-09-13T07:30:00Z,Over,0.9995,Under,0.0005,57705.641030999985,57728.41335699999,92723.88014
2026-09-13T10:42:48+00:00,2026-09-13,4500053,Guangzhou: Wishaya Trongcharoenchaikul vs Jesse Flores,atp-trongch-flores-2026-09-13,2026-09-20T08:00:00Z,Wishaya Trongcharoenchaikul,0.0005,Jesse Flores,0.9995,57368.22690499998,57283.226905,155721.81627
2026-09-13T10:42:48+00:00,2026-09-13,2771343,Will Hull City win the 2026-27 English Premier League (EPL) Championship?,will-hull-city-win-the-2026-27-english-premier-league-epl-championship-20260701200428769,2027-05-30T23:59:00Z,Yes,0.003,No,0.997,57191.466669,1011807.2896430003,197149.68514
2026-09-13T10:42:48+00:00,2026-09-13,4237454,"Will Elon Musk post 100-119 tweets from September 8 to September 15, 2026?",elon-musk-of-tweets-september-8-september-15-2026-100-119,2026-09-15T16:00:00Z,Yes,0.0005,No,0.9995,55179.852289999995,156645.477274,59806.68135
2026-09-13T10:42:48+00:00,2026-09-13,1357390,Will the Miami Dolphins win the 2027 NFL league championship?,will-the-miami-dolphins-win-the-2027-nfl-league-championship,2027-03-31T23:55:00Z,Yes,0.0045,No,0.9955,55132.97000000001,1569674.0521880006,453100.92947
2026-09-13T10:42:48+00:00,2026-09-13,4333258,Pittsburgh Pirates vs. Chicago Cubs,mlb-pit-chc-2026-09-13,2026-09-20T18:20:00Z,Pittsburgh Pirates,0.425,Chicago Cubs,0.575,53832.253597,53865.253596999995,194596.8419
2026-09-13T10:42:48+00:00,2026-09-13,1126504,Will the US acquire part of Greenland in 2026?,will-the-us-acquire-any-part-of-greenland-in-2026,2027-01-01T04:59:00Z,Yes,0.035,No,0.965,53195.391931,10674007.143848047,75765.75544
2026-09-13T10:42:48+00:00,2026-09-13,4497626,Map Handicap: LGC (-2.5) vs G2 (+2.5),cs2-g2-lgc-2026-09-13-map-handicap-home-2pt5,2026-09-13T15:10:00Z,Legacy,0.435,G2,0.565,52478.29618300002,52478.296182999984,9942.7266
2026-09-13T10:42:48+00:00,2026-09-13,4496183,Dota 2: Execration vs Team Bored (BO3) - BLAST Slam  Southeast Asia Closed Qualifier Playoffs,dota2-xctn-bored-2026-09-13,2026-09-13T11:45:00Z,Execration,0.0005,Team Bored,0.9995,52235.66171400001,52235.66171400001,118622.41498
2026-09-13T10:42:48+00:00,2026-09-13,561229,Will JD Vance win the 2028 US Presidential Election?,will-jd-vance-win-the-2028-us-presidential-election,2028-11-07T00:00:00Z,Yes,0.237,No,0.763,51326.86924300001,16303991.958680984,393430.01445
2026-09-13T10:42:48+00:00,2026-09-13,1235562,Will the Atlanta Braves win the 2026 World Series?,will-the-atlanta-braves-win-the-2026-world-series,2026-10-31T23:55:00Z,Yes,0.067,No,0.933,50975.864101,1193492.6799500003,137184.59481
2026-09-13T10:42:48+00:00,2026-09-13,4511523,Rennes: Karl Poling vs Nikola Slavic,atp-poling-slavic-2026-09-13,2026-09-20T08:00:00Z,Karl Poling,0.695,Nikola Slavic,0.305,50804.30878200002,50804.30878199999,138823.1892
2026-09-13T10:42:48+00:00,2026-09-13,4024071,Sheffield United FC vs. Wolverhampton Wanderers FC: O/U 2.5,elc-she-wol-2026-09-13-total-2pt5,2026-09-13T11:00:00Z,Over,0.515,Under,0.485,50359.516338,51785.593329999996,103868.7286
2026-09-13T10:42:48+00:00,2026-09-13,562802,Will the Democratic Party control the House after the 2026 Midterm elections?,will-the-democratic-party-control-the-house-after-the-2026-midterm-elections,2026-11-03T00:00:00Z,Yes,0.865,No,0.135,49430.795532,6295420.1541100005,609502.3934
2026-09-13T10:42:48+00:00,2026-09-13,1357376,Will the Chicago Bears win the 2027 NFL league championship?,will-the-chicago-bears-win-the-2027-nfl-league-championship,2027-03-31T23:55:00Z,Yes,0.0445,No,0.9555,49166.648912,1314742.0492269995,109836.42203
2026-09-13T10:42:48+00:00,2026-09-13,1357391,Will the Minnesota Vikings win the 2027 NFL league championship?,will-the-minnesota-vikings-win-the-2027-nfl-league-championship,2027-03-31T23:55:00Z,Yes,0.0195,No,0.9805,48659.162428,1197621.1050310002,116487.24025
2026-09-13T10:42:48+00:00,2026-09-13,4011982,Will Gangwon FC win on 2026-09-13?,kor-san-gwo-2026-09-13-gwo,2026-09-13T07:30:00Z,Yes,0.0005,No,0.9995,48201.307429999986,48201.30743,105822.51082
2026-09-13T10:42:48+00:00,2026-09-13,4018772,Spread: Brighton & Hove Albion FC (-1.5),epl-cov-bri-2026-09-13-spread-away-1pt5,2026-09-13T13:00:00Z,Brighton & Hove Albion FC,0.275,Coventry City FC,0.725,48183.70514499999,55450.519048,251553.5943
2026-09-13T10:42:48+00:00,2026-09-13,3335153,Bills vs. Texans,nfl-buf-hou-2026-09-13,2026-09-13T17:00:00Z,Bills,0.525,Texans,0.475,47504.229964,97567.49148200001,592027.4289
2026-09-13T10:42:48+00:00,2026-09-13,1357398,Will the San Francisco 49ers win the 2027 NFL league championship?,will-the-san-francisco-49ers-win-the-2027-nfl-league-championship,2027-03-31T23:55:00Z,Yes,0.0665,No,0.9335,47230.287936999994,1259680.6559739998,148133.15958
2026-09-13T10:42:48+00:00,2026-09-13,4020804,RC Celta de Vigo vs. Málaga CF: O/U 2.5,lal-cel-mala-2026-09-13-total-2pt5,2026-09-13T12:00:00Z,Over,0.465,Under,0.535,47092.852692,58439.512578,213172.5642
2026-09-13T10:42:48+00:00,2026-09-13,4030666,Tōkyō Verdy vs. JEF United Ichihara Chiba: O/U 1.5,jap-fct1-jef-2026-09-13-total-1pt5,2026-09-13T09:00:00Z,Over,0.5,Under,0.5,46664.250931,46789.642104,15234.6983
2026-09-13T10:42:48+00:00,2026-09-13,4502373,Counter-Strike: FOKUS vs Sashi Esport (BO3) - CCT Europe Series #8 Playoffs,cs2-fokus-sashi-2026-09-13,2026-09-13T14:00:00Z,FOKUS,0.62,Sashi Esport,0.38,46192.452837000004,46192.45283700002,3155.1896
2026-09-13T10:42:48+00:00,2026-09-13,1088476,Will Ben Shelton win the 2026 Men's US Open?,will-ben-shelton-win-the-2026-mens-us-open,2026-09-13T00:00:00Z,Yes,0.4175,No,0.5825,46164.17545200001,1349505.6558949999,117629.61791
2026-09-13T10:42:48+00:00,2026-09-13,3602110,Will Kimi Antonelli win the 2026 F1 Spanish Grand Prix?,f1-spanish-grand-prix-winner-antonelli-2026-09-13,2026-09-20T13:00:00Z,Yes,0.395,No,0.605,46104.14506499999,66691.65325199999,96395.2748
2026-09-13T10:42:48+00:00,2026-09-13,4511609,Rennes: Alex Kobelt vs Matisse Bobichon,atp-kobelt-bobicho-2026-09-13,2026-09-20T12:40:00Z,Alex Kobelt,0.155,Matisse Bobichon,0.845,45816.375442,45816.375442,91014.5578
2026-09-14T11:04:52+00:00,2026-09-14,2252244,Will there be no change in Fed interest rates after the September 2026 meeting?,will-there-be-no-change-in-fed-interest-rates-after-the-september-2026-meeting-615,2026-09-16T00:00:00Z,Yes,0.185,No,0.815,2580102.5750820017,39943239.21675916,1049278.5002
2026-09-14T11:04:52+00:00,2026-09-14,2252245,Will the Fed increase interest rates by 25 bps after the September 2026 meeting?,will-the-fed-increase-interest-rates-by-25-bps-after-the-september-2026-meeting-649,2026-09-16T00:00:00Z,Yes,0.795,No,0.205,1964186.9920800002,30912148.13523007,1327667.0426
2026-09-14T11:04:52+00:00,2026-09-14,2252243,Will the Fed decrease interest rates by 25 bps after the September 2026 meeting?,will-the-fed-decrease-interest-rates-by-25-bps-after-the-september-2026-meeting-586,2026-09-16T00:00:00Z,Yes,0.0035,No,0.9965,1367910.884316,41558221.71316798,3382780.81832
2026-09-14T11:04:52+00:00,2026-09-14,1163699,Clarity Act (H.R.3633) signed into law in 2026?,clarity-act-signed-into-law-in-2026,2027-01-01T05:00:00Z,Yes,0.305,No,0.695,960094.3288690002,16265244.999787984,385091.9145
2026-09-14T11:04:52+00:00,2026-09-14,2252242,Will the Fed decrease interest rates by 50+ bps after the September 2026 meeting?,will-the-fed-decrease-interest-rates-by-50-bps-after-the-september-2026-meeting-863,2026-09-16T00:00:00Z,Yes,0.0005,No,0.9995,748017.06,16804961.497785,4762147.59563
2026-09-14T11:04:52+00:00,2026-09-14,2252246,Will the Fed increase interest rates by 50+ bps after the September 2026 meeting?,will-the-fed-increase-interest-rates-by-50-bps-after-the-september-2026-meeting-664,2026-09-16T00:00:00Z,Yes,0.0065,No,0.9935,743701.477305,20584939.868918,1389427.23351
2026-09-14T11:04:52+00:00,2026-09-14,1193094,Will Magdalena Andersson be the next Prime Minister of Sweden?,will-magdalena-andersson-be-the-next-prime-minister-of-sweden,2026-09-13T00:00:00Z,Yes,0.875,No,0.125,711249.6857680005,1632954.3519579994,50538.0772
2026-09-14T11:04:52+00:00,2026-09-14,1193093,Will Ulf Kristersson be the next Prime Minister of Sweden?,will-ulf-kristersson-be-the-next-prime-minister-of-sweden,2026-09-13T00:00:00Z,Yes,0.125,No,0.875,570354.8684650003,1181305.574005999,93496.5307
2026-09-14T11:04:52+00:00,2026-09-14,4469709,LoL: Dplus KIA Challengers vs KT Rolster Challengers - Game 2 Winner,lol-dkc-ktc-2026-09-14-game2,2026-09-14T12:00:00Z,Dplus KIA Challengers,0.0005,KT Rolster Challengers,0.9995,563746.8635720005,563746.863572,757526.7046
2026-09-14T11:04:52+00:00,2026-09-14,3335127,Broncos vs. Chiefs,nfl-den-kc-2026-09-15,2026-09-15T00:15:00Z,Broncos,0.445,Chiefs,0.555,554488.6658440002,569971.1434539999,1354311.9798
2026-09-14T11:04:52+00:00,2026-09-14,560317,"Putin out as President of Russia by December 31, 2026?",putin-out-before-2027-346,2027-01-01T04:59:00Z,Yes,0.065,No,0.935,450565.968784,21217266.82581799,841897.3804
2026-09-14T11:04:52+00:00,2026-09-14,2772194,Will Shakhtar Donetsk win the 2026-27 UEFA Champions League Championship?,will-shakhtar-donetsk-win-the-2026-27-uefa-champions-league-championship-20260701202025578,2027-05-30T23:59:00Z,Yes,0.0015,No,0.9985,423105.0,17424573.896,419963.13103
2026-09-14T11:04:52+00:00,2026-09-14,4469707,LoL: Dplus KIA Challengers vs KT Rolster Challengers - Game 1 Winner,lol-dkc-ktc-2026-09-14-game1,2026-09-14T12:00:00Z,Dplus KIA Challengers,0.9995,KT Rolster Challengers,0.0005,391703.9093309999,391703.9093310003,873344.73448
2026-09-14T11:04:52+00:00,2026-09-14,4469710,LoL: Dplus KIA Challengers vs KT Rolster Challengers - Game 3 Winner,lol-dkc-ktc-2026-09-14-game3,2026-09-14T13:00:00Z,Dplus KIA Challengers,0.0005,KT Rolster Challengers,0.9995,382715.60206999973,382715.6020699997,1091537.42019
2026-09-14T11:04:52+00:00,2026-09-14,4469713,LoL: Dplus KIA Challengers vs KT Rolster Challengers (BO5) - LCK Challengers League Playoffs,lol-dkc-ktc-2026-09-14,2026-09-14T14:00:00Z,Dplus KIA Challengers,0.195,KT Rolster Challengers,0.805,362142.34665900026,366138.1277200001,64414.6485
2026-09-14T11:04:52+00:00,2026-09-14,3340128,Broncos vs. Chiefs: O/U 43.5,nfl-den-kc-2026-09-15-total-43pt5,2026-09-15T00:15:00Z,Over,0.475,Under,0.525,317693.036204,324163.15892599995,340854.4289
2026-09-14T11:04:52+00:00,2026-09-14,4050646,Will Newcastle United FC win on 2026-09-14?,epl-lee-new-2026-09-14-new,2026-09-14T19:00:00Z,Yes,0.295,No,0.705,222224.33423000007,411618.1183170001,661941.7004
2026-09-14T11:04:52+00:00,2026-09-14,562009,Will Candace Owens win the 2028 Republican presidential nomination?,will-candace-owens-win-the-2028-republican-presidential-nomination,2028-11-07T00:00:00Z,Yes,0.0025,No,0.9975,200016.73,861109.4243310001,854736.65535
2026-09-14T11:04:52+00:00,2026-09-14,4538397,Counter-Strike: Metizport vs Nemiga (BO3) - CCT Europe Series #8 Playoffs,cs2-mzp-nemi1-2026-09-14,2026-09-14T16:00:00Z,Metizport,0.16,Nemiga,0.84,180672.380639,180672.38063899998,15462.8022
2026-09-14T11:04:52+00:00,2026-09-14,567621,Will China invade Taiwan by end of 2026?,will-china-invade-taiwan-before-2027,2026-12-31T00:00:00Z,Yes,0.0455,No,0.9545,174577.618656,41373436.67666621,531134.55288
2026-09-14T11:04:52+00:00,2026-09-14,4111395,Will Real Madrid CF win on 2026-09-15?,lal-elc-rea-2026-09-15-rea,2026-09-15T19:30:00Z,Yes,0.785,No,0.215,160952.77049099983,174243.11096699996,217492.3223
2026-09-14T11:04:52+00:00,2026-09-14,2304228,Will the Sweden Democrats (SD) win the second most seats in the 2026 Swedish parliamentary election?,will-the-sweden-democrats-sd-win-the-second-most-seats-in-the-2026-swedish-parliamentary-election,2026-09-13T00:00:00Z,Yes,0.0005,No,0.9995,156075.16695899997,288393.94770599995,40115.44072
2026-09-14T11:04:52+00:00,2026-09-14,4500007,Phan Thiet 4: Rodrigo Pacheco vs Sergio Callejon,atp-pacheco-callejo-2026-09-13,2026-09-21T03:00:00Z,Rodrigo Pacheco,0.9995,Sergio Callejon,0.0005,151337.00605500003,151337.00605499986,55830.06386
2026-09-14T11:04:52+00:00,2026-09-14,3501952,Strait of Hormuz traffic returns to normal by September 15?,strait-of-hormuz-traffic-returns-to-normal-by-september-15-20260810150912478,2026-09-15T00:00:00Z,Yes,0.0005,No,0.9995,150000.0,2509237.4756499995,955050.52272
2026-09-14T11:04:52+00:00,2026-09-14,565065,Will the Democrats win the 2028 US Presidential Election?,will-the-democrats-win-the-2028-us-presidential-election,2028-11-07T00:00:00Z,Yes,0.67,No,0.33,147996.048294,1158037.5148420006,264491.5795
2026-09-14T11:04:52+00:00,2026-09-14,608368,"Will OpenAI not IPO by December 31, 2026?",will-openai-not-ipo-by-december-31-2026,2027-01-01T04:59:00Z,Yes,0.9475,No,0.0525,147029.391971,725363.649211,33807.52294
2026-09-14T11:04:52+00:00,2026-09-14,1357387,Will the Las Vegas Raiders win the 2027 NFL league championship?,will-the-las-vegas-raiders-win-the-2027-nfl-league-championship,2027-03-31T23:55:00Z,Yes,0.01,No,0.99,139580.95386900002,1687423.4171819997,101203.81507
2026-09-14T11:04:52+00:00,2026-09-14,4338208,"Will the price of Bitcoin be above $76,000 on September 14?",bitcoin-above-76k-on-september-14-2026,2026-09-14T16:00:00Z,Yes,0.979,No,0.021,137488.414017,163180.069216,49939.00914
2026-09-14T11:04:52+00:00,2026-09-14,4338204,"Will the price of Bitcoin be above $74,000 on September 14?",bitcoin-above-74k-on-september-14-2026,2026-09-14T16:00:00Z,Yes,0.9965,No,0.0035,136803.806148,158682.79449499992,52502.65795
2026-09-14T11:04:52+00:00,2026-09-14,4052446,"Will Ethereum reach $3,200 in September?",will-ethereum-reach-3200-in-september-2026,2026-10-01T04:00:00Z,Yes,0.0615,No,0.9385,136774.36676699994,272330.461821,69320.45004
2026-09-14T11:04:52+00:00,2026-09-14,4535486,Dota 2: Zero Tenacity vs Team Lynx - Game 1 Winner,dota2-z10-lynx-2026-09-14-game1,2026-09-14T13:00:00Z,Zero Tenacity,0.0005,Team Lynx,0.9995,134304.2881720001,134304.28817199994,188626.11694
2026-09-14T11:04:52+00:00,2026-09-14,4050627,Will Leeds United FC win on 2026-09-14?,epl-lee-new-2026-09-14-lee,2026-09-14T19:00:00Z,Yes,0.415,No,0.585,130584.517228,135315.858908,571546.202
2026-09-14T11:04:52+00:00,2026-09-14,4471006,"Will Ethereum reach $2,600 in September?",will-ethereum-reach-2600-in-september-2026-from-september-11,2026-10-01T04:00:00Z,Yes,0.745,No,0.255,125892.86010699996,153926.70827400003,65491.3485
2026-09-14T11:04:52+00:00,2026-09-14,3956904,Iran-Oman Hormuz Agreement by September 14?,iran-oman-hormuz-agreement-by-september-14,2026-09-14T23:59:00Z,Yes,0.016,No,0.984,124455.198074,387429.8274490002,35569.85171
2026-09-14T11:04:52+00:00,2026-09-14,637002,Will Donald Trump win the Nobel Peace Prize in 2026?,will-donald-trump-win-the-nobel-peace-prize-in-2026-382,2026-10-10T00:00:00Z,Yes,0.0245,No,0.9755,119814.14468700002,4650167.434693999,258739.19101
2026-09-14T11:04:52+00:00,2026-09-14,1193096,Will Ebba Busch be the next Prime Minister of Sweden?,will-ebba-busch-be-the-next-prime-minister-of-sweden,2026-09-13T00:00:00Z,Yes,0.002,No,0.998,118012.64969000002,719374.3728739998,54968.46656
2026-09-14T11:04:52+00:00,2026-09-14,4441459,"Will Elon Musk post 65-89 tweets from September 12 to September 14, 2026?",elon-musk-of-tweets-september-12-september-14-2026-65-89,2026-09-14T16:00:00Z,Yes,0.096,No,0.904,115463.550399,159553.18294700005,4952.08153
2026-09-14T11:04:52+00:00,2026-09-14,1193095,Will Jimmie Åkesson be the next Prime Minister of Sweden?,will-jimmie-kesson-be-the-next-prime-minister-of-sweden,2026-09-13T00:00:00Z,Yes,0.0015,No,0.9985,113555.13212200001,1765424.744259,101309.55676
2026-09-14T11:04:52+00:00,2026-09-14,665374,Will the U.S. invade Iran before 2027?,will-the-us-invade-iran-before-2027,2027-01-01T04:59:00Z,Yes,0.165,No,0.835,111774.91957399994,65990171.427416,650869.412
2026-09-14T11:04:52+00:00,2026-09-14,4338215,"Will the price of Bitcoin be above $80,000 on September 14?",bitcoin-above-80k-on-september-14-2026,2026-09-14T16:00:00Z,Yes,0.0215,No,0.9785,109174.205284,147024.06767699998,58504.8444
2026-09-14T11:04:52+00:00,2026-09-14,1193103,Will Elisabeth Thand Ringqvist be the next Prime Minister of Sweden?,will-elisabeth-thand-ringqvist-be-the-next-prime-minister-of-sweden,2026-09-13T00:00:00Z,Yes,0.0015,No,0.9985,102829.17900200002,333971.6250300001,64305.51418
2026-09-14T11:04:52+00:00,2026-09-14,4095052,US x Iran Effective Ceasefire by September 4?,us-x-iran-effective-ceasefire-by-september-4,2026-09-04T23:59:00Z,Yes,0.935,No,0.065,101067.36041199997,1748526.431680999,38522.8797
2026-09-14T11:04:52+00:00,2026-09-14,559666,Will Tim Walz win the 2028 Democratic presidential nomination?,will-tim-walz-win-the-2028-democratic-presidential-nomination-475,2028-11-07T00:00:00Z,Yes,0.0005,No,0.9995,100284.44,43452092.973428,2807744.76439
2026-09-14T11:04:52+00:00,2026-09-14,4237462,"Will Elon Musk post 140-159 tweets from September 8 to September 15, 2026?",elon-musk-of-tweets-september-8-september-15-2026-140-159,2026-09-15T16:00:00Z,Yes,0.031,No,0.969,98644.22526100003,163120.945733,26877.86389
2026-09-14T11:04:52+00:00,2026-09-14,2176270,Strait of Hormuz traffic returns to normal by December 31?,strait-of-hormuz-traffic-returns-to-normal-by-december-31,2026-12-31T00:00:00Z,Yes,0.175,No,0.825,98557.295591,11646432.824284002,556541.3976
2026-09-14T11:04:52+00:00,2026-09-14,1357385,Will the Jacksonville Jaguars win the 2027 NFL league championship?,will-the-jacksonville-jaguars-win-the-2027-nfl-league-championship,2027-03-31T23:55:00Z,Yes,0.0385,No,0.9615,96560.48352100005,1584336.8000289993,125422.89363
2026-09-14T11:04:52+00:00,2026-09-14,1357393,Will the New Orleans Saints win the 2027 NFL league championship?,will-the-new-orleans-saints-win-the-2027-nfl-league-championship,2027-03-31T23:55:00Z,Yes,0.0065,No,0.9935,95984.402499,1858494.2159129998,142587.4491
2026-09-14T11:04:52+00:00,2026-09-14,4053135,Will Real Betis Balompié win on 2026-09-14?,lal-vil-bet-2026-09-14-bet,2026-09-14T19:00:00Z,Yes,0.265,No,0.735,95431.49745299997,110467.90005899996,161847.0915
2026-09-14T11:04:52+00:00,2026-09-14,2304229,Will the Moderate Party (M) win the second most seats in the 2026 Swedish parliamentary election?,will-the-moderate-party-m-win-the-second-most-seats-in-the-2026-swedish-parliamentary-election,2026-09-13T00:00:00Z,Yes,0.9995,No,0.0005,94898.697902,174163.01962200017,34599.4435
2026-09-14T11:04:52+00:00,2026-09-14,562793,Will the Democratic Party control the Senate after the 2026 Midterm elections?,will-the-democratic-party-control-the-senate-after-the-2026-midterm-elections,2026-11-03T00:00:00Z,Yes,0.525,No,0.475,93874.74443700002,2633874.641118998,227174.2179
2026-09-14T11:04:52+00:00,2026-09-14,663583,Will the Iranian regime fall before 2027?,will-the-iranian-regime-fall-by-the-end-of-2026,2027-01-01T04:59:00Z,Yes,0.075,No,0.925,93323.008484,25894985.68427798,567728.189
2026-09-14T11:04:52+00:00,2026-09-14,3701690,Israel closes its airspace by September 30?,israel-closes-its-airspace-by-september-30,2026-10-01T03:59:00Z,Yes,0.966,No,0.034,91938.676653,2945468.860131999,131723.69157
2026-09-14T11:04:52+00:00,2026-09-14,4338211,"Will the price of Bitcoin be above $78,000 on September 14?",bitcoin-above-78k-on-september-14-2026,2026-09-14T16:00:00Z,Yes,0.395,No,0.605,87137.474025,106970.42498299998,49358.3145
2026-09-14T11:04:52+00:00,2026-09-14,1357388,Will the Los Angeles Chargers win the 2027 NFL league championship?,will-the-los-angeles-chargers-win-the-2027-nfl-league-championship,2027-03-31T23:55:00Z,Yes,0.0195,No,0.9805,87126.18008199999,5198506.384098998,111673.47369
2026-09-14T11:04:52+00:00,2026-09-14,4499043,Bitcoin Up or Down on September 14?,bitcoin-up-or-down-on-september-14-2026,2026-09-14T16:00:00Z,Up,0.875,Down,0.125,86218.578289,86438.571366,38513.6427
2026-09-14T11:04:52+00:00,2026-09-14,559677,Will Hillary Clinton win the 2028 Democratic presidential nomination?,will-hillary-clinton-win-the-2028-democratic-presidential-nomination,2028-11-07T00:00:00Z,Yes,0.0015,No,0.9985,83636.556,43905623.59647,2830395.05347
2026-09-14T11:04:52+00:00,2026-09-14,3702042,"US announces end of Iranian blockade by September 14, 2026?",us-announces-end-of-iranian-blockade-by-september-14-2026,2026-09-15T03:59:00Z,Yes,0.0035,No,0.9965,83037.85164699999,1683162.3321730022,86674.46932
2026-09-14T11:04:52+00:00,2026-09-14,1357394,Will the New York Giants win the 2027 NFL league championship?,will-the-new-york-giants-win-the-2027-nfl-league-championship,2027-03-31T23:55:00Z,Yes,0.0205,No,0.9795,80936.697485,1196501.0189479997,126446.61805
2026-09-14T11:04:52+00:00,2026-09-14,679022,Will David Lisnard win the 2027 French presidential election?,will-david-lisnard-win-the-2027-french-presidential-election,2027-04-30T00:00:00Z,Yes,0.077,No,0.923,80124.40645,2192779.4682580004,179729.9112
2026-09-14T11:04:52+00:00,2026-09-14,4338218,"Will the price of Bitcoin be above $82,000 on September 14?",bitcoin-above-82k-on-september-14-2026,2026-09-14T16:00:00Z,Yes,0.0025,No,0.9975,77899.32528099998,93193.45930999998,48160.18133
2026-09-14T11:04:52+00:00,2026-09-14,4367123,"Will the price of Bitcoin be above $70,000 on September 15?",bitcoin-above-70k-on-september-15-2026,2026-09-15T16:00:00Z,Yes,0.998,No,0.002,77611.739248,84239.11847700003,46212.94362
2026-09-14T11:04:52+00:00,2026-09-14,4338200,"Will the price of Bitcoin be above $68,000 on September 14?",bitcoin-above-68k-on-september-14-2026,2026-09-14T16:00:00Z,Yes,0.9995,No,0.0005,77169.122066,99920.82553200002,78664.77069
2026-09-14T11:04:52+00:00,2026-09-14,3954346,Will WTI Crude Oil (WTI) hit (HIGH) $105 in September?,will-wti-reach-105-in-september-2026,2026-10-01T03:59:59.999Z,Yes,0.753,No,0.247,76540.46040999997,430950.36692900036,57044.68628
2026-09-14T11:04:52+00:00,2026-09-14,630964,Will the Republicans win the Texas Senate race in 2026?,will-the-republicans-win-the-texas-senate-race-in-2026,,Yes,0.495,No,0.505,75957.757397,696360.1372940001,126473.4087
2026-09-14T11:04:52+00:00,2026-09-14,562828,"2026 Balance of Power: D Senate, D House",2026-balance-of-power-d-senate-d-house-949,2026-11-03T00:00:00Z,Yes,0.525,No,0.475,74080.022752,3019043.147791001,253851.2742
2026-09-14T11:04:52+00:00,2026-09-14,4441458,"Will Elon Musk post 40-64 tweets from September 12 to September 14, 2026?",elon-musk-of-tweets-september-12-september-14-2026-40-64,2026-09-14T16:00:00Z,Yes,0.8965,No,0.1035,74068.91358800005,97930.358231,4157.89977
2026-09-14T11:04:52+00:00,2026-09-14,4490607,Will the highest temperature in Hong Kong be 28°C on September 14?,highest-temperature-in-hong-kong-on-september-14-2026-28c,2026-09-14T12:00:00Z,Yes,0.9975,No,0.0025,69798.398744,70758.06664399998,12097.47227
2026-09-14T11:04:52+00:00,2026-09-14,601819,Will Luiz Inácio Lula da Silva win the 2026 Brazilian presidential election?,will-luiz-incio-lula-da-silva-win-the-2026-brazilian-presidential-election,2026-10-04T00:00:00Z,Yes,0.465,No,0.535,69580.26907299997,10977674.066266993,265051.3575
2026-09-14T11:04:52+00:00,2026-09-14,4441460,"Will Elon Musk post 90-114 tweets from September 12 to September 14, 2026?",elon-musk-of-tweets-september-12-september-14-2026-90-114,2026-09-14T16:00:00Z,Yes,0.0055,No,0.9945,68524.88258400002,121515.04392300002,18171.35692
2026-09-14T11:04:52+00:00,2026-09-14,1357382,Will the Green Bay Packers win the 2027 NFL league championship?,will-the-green-bay-packers-win-the-2027-nfl-league-championship,2027-03-31T23:55:00Z,Yes,0.026,No,0.974,68503.638561,1557683.4104789996,106892.45003
2026-09-14T11:04:52+00:00,2026-09-14,3491474,Iran-Oman Hormuz Agreement by September 30?,iran-oman-hormuz-agreement-by-september-30-823-929,2026-10-01T03:59:00Z,Yes,0.205,No,0.795,66876.936373,644994.9898079999,31287.4732
2026-09-14T11:04:52+00:00,2026-09-14,4052444,"Will Ethereum reach $4,000 in September?",will-ethereum-reach-4000-in-september-2026,2026-10-01T04:00:00Z,Yes,0.017,No,0.983,66860.279247,331042.8347529998,92475.89402
2026-09-14T11:04:52+00:00,2026-09-14,1073793,Will there be between 17 and 19 earthquakes of magnitude 7.0 or higher worldwide in 2026?,will-there-be-between-17-and-19-earthquakes-of-magnitude-7pt0-or-higher-worldwide-in-2026,2027-01-01T04:59:00Z,Yes,0.31,No,0.69,66458.83,292482.087595,3081.6525
2026-09-14T11:04:52+00:00,2026-09-14,1357396,Will the Philadelphia Eagles win the 2027 NFL league championship?,will-the-philadelphia-eagles-win-the-2027-nfl-league-championship,2027-03-31T23:55:00Z,Yes,0.048,No,0.952,66384.223044,1382542.8291289993,113219.55687
2026-09-14T11:04:52+00:00,2026-09-14,908713,Fed rate hike in 2026?,fed-rate-hike-in-2026,2026-12-09T00:00:00Z,Yes,0.885,No,0.115,66031.673566,9235513.974756,212467.9173
2026-09-14T11:04:52+00:00,2026-09-14,4046412,Will Como 1907 win on 2026-09-14?,sea-com-par-2026-09-14-com,2026-09-14T16:30:00Z,Yes,0.795,No,0.205,65113.79907,67625.778051,174404.6059
2026-09-14T11:04:52+00:00,2026-09-14,4527370,Counter-Strike: ENCE vs Falcons Force (BO3) - Exort Fiesta Group Stage,cs2-ence-fal-2026-09-14,2026-09-14T14:00:00Z,ENCE,0.9995,Falcons Force,0.0005,64127.98669600002,64127.98669600001,178970.40354
2026-09-14T11:04:52+00:00,2026-09-14,1130012,Will United Russia (ER) gain the most seats in the next Russian parliamentary election?,will-united-russia-er-gain-the-most-seats-in-the-next-russian-parliamentary-election,2026-09-30T00:00:00Z,Yes,0.795,No,0.205,63476.324768,9957193.144451994,391144.4785
2026-09-14T11:04:52+00:00,2026-09-14,2304331,Will the Moderate Party (M) win the third most seats in the 2026 Swedish parliamentary election?,will-the-moderate-party-m-win-the-third-most-seats-in-the-2026-swedish-parliamentary-election,2026-09-13T00:00:00Z,Yes,0.0005,No,0.9995,63147.581817000006,111385.52722799995,38218.72789
2026-09-14T11:04:52+00:00,2026-09-14,1357386,Will the Kansas City Chiefs win the 2027 NFL league championship?,will-the-kansas-city-chiefs-win-the-2027-nfl-league-championship,2027-03-31T23:55:00Z,Yes,0.0485,No,0.9515,63008.199053,1503910.1911099995,107803.7527
2026-09-14T11:04:52+00:00,2026-09-14,4530908,Guangzhou: Mitsuki Wei Kang Leong vs Hanyi Liu,atp-leong-liu-2026-09-14,2026-09-21T08:00:00Z,Mitsuki Wei Kang Leong,0.855,Hanyi Liu,0.145,62274.650228000006,62274.650228000006,181601.5557
2026-09-14T11:04:52+00:00,2026-09-14,701502,"Will Bitcoin dip to $45,000 by December 31, 2026?",will-bitcoin-dip-to-45000-by-december-31-2026-674-923-755-971-998-525-926-245-316-517-544-589-965-923-986-841-815-224-586-231-289-533-573,2027-01-01T05:00:00Z,Yes,0.085,No,0.915,61072.326668,6896398.755370998,576939.8636
2026-09-14T11:04:52+00:00,2026-09-14,4367120,"Will the price of Bitcoin be above $68,000 on September 15?",bitcoin-above-68k-on-september-15-2026,2026-09-15T16:00:00Z,Yes,0.999,No,0.001,60890.631334,63696.743042,40195.41876
2026-09-14T11:04:52+00:00,2026-09-14,2771336,Will Manchester United win the 2026-27 English Premier League (EPL) Championship?,will-manchester-united-win-the-2026-27-english-premier-league-epl-championship-20260701200428762,2027-05-30T23:59:00Z,Yes,0.0165,No,0.9835,60215.70273700001,673004.7394980002,625856.62095
2026-09-14T11:04:52+00:00,2026-09-14,2774057,Strait of Hormuz traffic returns to normal by September 30?,strait-of-hormuz-traffic-returns-to-normal-by-september-30-20260702154339440,2026-09-30T00:00:00Z,Yes,0.0105,No,0.9895,59506.11147,8508969.540074,330920.93255
2026-09-14T11:04:52+00:00,2026-09-14,3399458,Israel x Iran ceasefire continues through September 30?,israel-x-iran-ceasefire-continues-through-september-30,2026-09-30T20:29:00Z,Yes,0.925,No,0.075,59004.058233,1952817.9750260005,113624.5395
2026-09-14T11:04:52+00:00,2026-09-14,1357391,Will the Minnesota Vikings win the 2027 NFL league championship?,will-the-minnesota-vikings-win-the-2027-nfl-league-championship,2027-03-31T23:55:00Z,Yes,0.0205,No,0.9795,58488.86484599999,1256109.9698770007,100869.91996
2026-09-14T11:04:52+00:00,2026-09-14,4538395,Counter-Strike: Metizport vs Nemiga - Map 1 Winner,cs2-mzp-nemi1-2026-09-14-game1,2026-09-14T14:00:00Z,Metizport,0.0005,Nemiga,0.9995,58215.16390299998,58215.16390300001,169202.61968
2026-09-14T11:04:52+00:00,2026-09-14,4338201,"Will the price of Bitcoin be above $70,000 on September 14?",bitcoin-above-70k-on-september-14-2026,2026-09-14T16:00:00Z,Yes,0.9995,No,0.0005,57702.455001,65421.702756000006,43871.54632
2026-09-14T11:04:52+00:00,2026-09-14,1130014,Will A Just Russia – For Truth (SRZP) gain the most seats in the next Russian parliamentary election?,will-a-just-russia-for-truth-srzp-gain-the-most-seats-in-the-next-russian-parliamentary-election,2026-09-30T00:00:00Z,Yes,0.0015,No,0.9985,57435.348000000005,2678160.800938,459974.93849
2026-09-14T11:04:52+00:00,2026-09-14,1357379,Will the Dallas Cowboys win the 2027 NFL league championship?,will-the-dallas-cowboys-win-the-2027-nfl-league-championship,2027-03-31T23:55:00Z,Yes,0.043,No,0.957,57319.080296,1395921.1774149996,79915.41631
2026-09-14T11:04:52+00:00,2026-09-14,4338202,"Will the price of Bitcoin be above $72,000 on September 14?",bitcoin-above-72k-on-september-14-2026,2026-09-14T16:00:00Z,Yes,0.9985,No,0.0015,55701.054354000014,70571.71406099999,48061.22502
2026-09-14T11:04:52+00:00,2026-09-14,701552,"Will Ethereum dip to $1,500 by December 31, 2026?",will-ethereum-dip-to-1500-by-december-31-2026-865-787,2027-01-01T05:00:00Z,Yes,0.1245,No,0.8755,55517.470634,2648449.684395999,97992.38054
2026-09-14T11:04:52+00:00,2026-09-14,1357373,Will the Baltimore Ravens win the 2027 NFL league championship?,will-the-baltimore-ravens-win-the-2027-nfl-league-championship,2027-03-31T23:55:00Z,Yes,0.0865,No,0.9135,55221.74753399999,1378899.2199269999,103805.44474
2026-09-14T11:04:52+00:00,2026-09-14,1357395,Will the New York Jets win the 2027 NFL league championship?,will-the-new-york-jets-win-the-2027-nfl-league-championship,2027-03-31T23:55:00Z,Yes,0.0045,No,0.9955,54913.106416999995,2241759.501394,352438.66488
2026-09-14T11:04:52+00:00,2026-09-14,561243,Will Donald Trump win the 2028 US Presidential Election?,will-donald-trump-win-the-2028-us-presidential-election,2028-11-07T00:00:00Z,Yes,0.0175,No,0.9825,53370.113117,10211624.699589988,622346.34298
2026-09-14T11:04:52+00:00,2026-09-14,1357389,Will the Los Angeles Rams win the 2027 NFL league championship?,will-the-los-angeles-rams-win-the-2027-nfl-league-championship,2027-03-31T23:55:00Z,Yes,0.115,No,0.885,53207.614864,1045525.0197909997,153180.5722
2026-09-14T11:04:52+00:00,2026-09-14,601826,Will Flávio Bolsonaro win the 2026 Brazilian presidential election?,will-flvio-bolsonaro-win-the-2026-brazilian-presidential-election,2026-10-04T00:00:00Z,Yes,0.5035,No,0.4965,53196.62406399998,10586692.438743996,268467.07815
2026-09-14T11:04:52+00:00,2026-09-14,4530920,Rennes: Max Schoenhaus vs Patrick Brady,atp-schoenh-brady-2026-09-14,2026-09-21T09:00:00Z,Max Schoenhaus,0.9995,Patrick Brady,0.0005,52947.81492300001,52947.814923000005,218707.63619
2026-09-14T11:04:52+00:00,2026-09-14,701503,"Will Bitcoin dip to $35,000 by December 31, 2026?",will-bitcoin-dip-to-35000-by-december-31-2026-744-877-748-219-467-465-646-211-122-947-537-552-555-361-972-954-635-887-657-996-643,2027-01-01T05:00:00Z,Yes,0.055,No,0.945,52945.404731,3280646.882404,234813.9635
2026-09-15T10:34:42+00:00,2026-09-15,2252244,Will there be no change in Fed interest rates after the September 2026 meeting?,will-there-be-no-change-in-fed-interest-rates-after-the-september-2026-meeting-615,2026-09-16T00:00:00Z,Yes,0.105,No,0.895,5852170.61179795,45763599.348549016,1087911.3805
2026-09-15T10:34:42+00:00,2026-09-15,2252243,Will the Fed decrease interest rates by 25 bps after the September 2026 meeting?,will-the-fed-decrease-interest-rates-by-25-bps-after-the-september-2026-meeting-586,2026-09-16T00:00:00Z,Yes,0.0015,No,0.9985,5450887.493200995,46920854.08636903,3689182.34294
2026-09-15T10:34:42+00:00,2026-09-15,2252246,Will the Fed increase interest rates by 50+ bps after the September 2026 meeting?,will-the-fed-increase-interest-rates-by-50-bps-after-the-september-2026-meeting-664,2026-09-16T00:00:00Z,Yes,0.0095,No,0.9905,3948326.482453999,24528449.09137101,2176866.27499
2026-09-15T10:34:42+00:00,2026-09-15,2252245,Will the Fed increase interest rates by 25 bps after the September 2026 meeting?,will-the-fed-increase-interest-rates-by-25-bps-after-the-september-2026-meeting-649,2026-09-16T00:00:00Z,Yes,0.885,No,0.115,3346174.064951004,34233298.24267821,1066910.2884
2026-09-15T10:34:42+00:00,2026-09-15,1163699,Clarity Act (H.R.3633) signed into law in 2026?,clarity-act-signed-into-law-in-2026,2027-01-01T05:00:00Z,Yes,0.175,No,0.825,1183271.4763670005,17441747.162092995,350225.4493
2026-09-15T10:34:42+00:00,2026-09-15,4552863,LoL: T1 Academy vs KT Rolster Challengers - Game 3 Winner,lol-t1a-ktc-2026-09-15-game3,2026-09-15T13:00:00Z,T1 Academy,0.9995,KT Rolster Challengers,0.0005,693365.0510090002,691120.8010090004,907933.34496
2026-09-15T10:34:42+00:00,2026-09-15,2252242,Will the Fed decrease interest rates by 50+ bps after the September 2026 meeting?,will-the-fed-decrease-interest-rates-by-50-bps-after-the-september-2026-meeting-863,2026-09-16T00:00:00Z,Yes,0.0005,No,0.9995,655622.63,17459584.127784997,5480026.16707
2026-09-15T10:34:42+00:00,2026-09-15,4552861,LoL: T1 Academy vs KT Rolster Challengers - Game 1 Winner,lol-t1a-ktc-2026-09-15-game1,2026-09-15T12:00:00Z,T1 Academy,0.9995,KT Rolster Challengers,0.0005,588396.3361779999,588396.3361779999,221285.87287
2026-09-15T10:34:42+00:00,2026-09-15,4111395,Will Real Madrid CF win on 2026-09-15?,lal-elc-rea-2026-09-15-rea,2026-09-15T19:30:00Z,Yes,0.825,No,0.175,520388.5570800006,694626.5398430002,940505.1898
2026-09-15T10:34:42+00:00,2026-09-15,4552862,LoL: T1 Academy vs KT Rolster Challengers - Game 2 Winner,lol-t1a-ktc-2026-09-15-game2,2026-09-15T12:00:00Z,T1 Academy,0.9995,KT Rolster Challengers,0.0005,513908.51901200024,513797.8090120001,396576.54607
2026-09-15T10:34:42+00:00,2026-09-15,4552865,LoL: T1 Academy vs KT Rolster Challengers (BO5) - LCK Challengers League Playoffs,lol-t1a-ktc-2026-09-15,2026-09-15T14:00:00Z,T1 Academy,0.9995,KT Rolster Challengers,0.0005,455876.491,455541.8809999999,521605.26474
2026-09-15T10:34:42+00:00,2026-09-15,2034729,Will the US confirm that aliens exist by September 30?,will-the-us-confirm-that-aliens-exist-by-september-30-396,2026-10-01T03:59:00Z,Yes,0.0035,No,0.9965,452095.560161,5266585.495694998,368242.14269
2026-09-15T10:34:42+00:00,2026-09-15,4511447,Guangzhou: Fajing Sun vs Alexis Galarneau,atp-su-galarne-2026-09-14,2026-09-21T08:00:00Z,Fajing Sun,0.9995,Alexis Galarneau,0.0005,451443.87778600014,451322.207786,837068.4188
2026-09-15T10:34:42+00:00,2026-09-15,2772194,Will Shakhtar Donetsk win the 2026-27 UEFA Champions League Championship?,will-shakhtar-donetsk-win-the-2026-27-uefa-champions-league-championship-20260701202025578,2027-05-30T23:59:00Z,Yes,0.0015,No,0.9985,430345.852,17846134.748,379728.25185
2026-09-15T10:34:42+00:00,2026-09-15,4095052,US x Iran Effective Ceasefire by September 4?,us-x-iran-effective-ceasefire-by-september-4,2026-09-04T23:59:00Z,Yes,0.9585,No,0.0415,411831.99997599993,2160358.4316569977,73212.23191
2026-09-15T10:34:42+00:00,2026-09-15,4551994,Counter-Strike: Brute vs G2 Ares (BO3) - NODWIN Clutch Series Group Stage,cs2-brute-g2a-2026-09-15,2026-09-15T14:20:00Z,Brute,0.545,G2 Ares,0.455,296568.191109,295990.00929,27336.5601
2026-09-15T10:34:42+00:00,2026-09-15,1130012,Will United Russia (ER) gain the most seats in the next Russian parliamentary election?,will-united-russia-er-gain-the-most-seats-in-the-next-russian-parliamentary-election,2026-09-30T00:00:00Z,Yes,0.775,No,0.225,233278.05434800012,10190255.223800002,316721.1278
2026-09-15T10:34:42+00:00,2026-09-15,908713,Fed rate hike in 2026?,fed-rate-hike-in-2026,2026-12-09T00:00:00Z,Yes,0.935,No,0.065,231242.044521,9466688.850741006,286177.6787
2026-09-15T10:34:42+00:00,2026-09-15,4367120,"Will the price of Bitcoin be above $68,000 on September 15?",bitcoin-above-68k-on-september-15-2026,2026-09-15T16:00:00Z,Yes,0.999,No,0.001,165154.189237,228003.11227899994,42045.8508
2026-09-15T10:34:42+00:00,2026-09-15,4571694,Rennes: Maxime Janvier vs Sascha Gueymard-Wayenburg,atp-janvier-gueymar-2026-09-15,2026-09-22T09:00:00Z,Maxime Janvier,0.0005,Sascha Gueymard-Wayenburg,0.9995,148372.65797600002,144245.44213500002,250366.61637
2026-09-15T10:34:42+00:00,2026-09-15,4572345,Counter-Strike: UNiTY esports vs  Phantom Academy (BO3) - Exort Fiesta Group Stage,cs2-unity-phanto-2026-09-15,2026-09-15T14:10:00Z,UNiTY esports,0.9995, Phantom Academy,0.0005,147690.50824300176,147690.50824299996,153238.50624
2026-09-15T10:34:42+00:00,2026-09-15,1193093,Will Ulf Kristersson be the next Prime Minister of Sweden?,will-ulf-kristersson-be-the-next-prime-minister-of-sweden,2026-09-13T00:00:00Z,Yes,0.115,No,0.885,142627.89282699997,1323448.1701660003,124373.7357
2026-09-15T10:34:42+00:00,2026-09-15,2771337,Will Newcastle United win the 2026-27 English Premier League (EPL) Championship?,will-newcastle-united-win-the-2026-27-english-premier-league-epl-championship-20260701200428763,2027-05-30T23:59:00Z,Yes,0.0025,No,0.9975,138471.76,865777.1509949999,634557.27152
2026-09-15T10:34:42+00:00,2026-09-15,4237468,"Will Elon Musk post 200-219 tweets from September 8 to September 15, 2026?",elon-musk-of-tweets-september-8-september-15-2026-200-219,2026-09-15T16:00:00Z,Yes,0.0955,No,0.9045,133644.16082600004,223498.08728700006,5993.40446
2026-09-15T10:34:42+00:00,2026-09-15,665374,Will the U.S. invade Iran before 2027?,will-the-us-invade-iran-before-2027,2027-01-01T04:59:00Z,Yes,0.165,No,0.835,126884.52780300002,66116577.75250102,746816.6923
2026-09-15T10:34:42+00:00,2026-09-15,665513,Friedrich Merz out as Chancellor of Germany before 2027?,friedrich-merz-out-as-chancellor-of-germany-before-2027,2027-01-01T04:59:00Z,Yes,0.26,No,0.74,125792.12703699998,1289986.2615829997,81247.1906
2026-09-15T10:34:42+00:00,2026-09-15,559702,Will Alex Padilla win the 2028 Democratic presidential nomination?,will-alex-padilla-win-the-2028-democratic-presidential-nomination,2028-11-07T00:00:00Z,Yes,0.0005,No,0.9995,125000.0,931664.832999,1636744.76254
2026-09-15T10:34:42+00:00,2026-09-15,4367135,"Will the price of Bitcoin be above $82,000 on September 15?",bitcoin-above-82k-on-september-15-2026,2026-09-15T16:00:00Z,Yes,0.0045,No,0.9955,120434.10087500002,162776.453247,62203.83105
2026-09-15T10:34:42+00:00,2026-09-15,4095053,US x Iran Effective Ceasefire by September 11?,us-x-iran-effective-ceasefire-by-september-11,2026-09-11T23:59:00Z,Yes,0.956,No,0.044,117704.922931,261619.14100000044,25733.54389
2026-09-15T10:34:42+00:00,2026-09-15,4174612,Trump out as President by September 30?,dtrump-out-as-president-by-september-30,2026-10-01T03:59:00Z,Yes,0.008,No,0.992,114798.76977099999,887876.0826140007,162998.66721
2026-09-15T10:34:42+00:00,2026-09-15,4560016,Biella: Pavel Lagutin vs Enrico Dalla Valle,atp-lagutin-valle-2026-09-15,2026-09-22T09:30:00Z,Pavel Lagutin,0.225,Enrico Dalla Valle,0.775,114564.512534,114504.512534,117056.3823
2026-09-15T10:34:42+00:00,2026-09-15,4367133,"Will the price of Bitcoin be above $80,000 on September 15?",bitcoin-above-80k-on-september-15-2026,2026-09-15T16:00:00Z,Yes,0.0175,No,0.9825,113133.64087299998,131915.52957200003,52160.61765
2026-09-15T10:34:42+00:00,2026-09-15,2467207,"Will Bitcoin reach $85,000 by December 31, 2026?",will-bitcoin-reach-85000-by-december-31-2026-from-june-8,2027-01-01T05:00:00Z,Yes,0.635,No,0.365,112075.44451100001,853922.8992629999,77629.1856
2026-09-15T10:34:42+00:00,2026-09-15,4367123,"Will the price of Bitcoin be above $70,000 on September 15?",bitcoin-above-70k-on-september-15-2026,2026-09-15T16:00:00Z,Yes,0.9985,No,0.0015,111538.32532299995,195777.44379999992,57442.84172
2026-09-15T10:34:42+00:00,2026-09-15,2589812,Will there be no change in Fed interest rates after the October 2026 meeting?,will-there-be-no-change-in-fed-interest-rates-after-the-october-2026-meeting-20260617190324031,2026-10-28T23:59:00Z,Yes,0.625,No,0.375,111412.00899400003,424196.33113700023,231691.8051
2026-09-15T10:34:42+00:00,2026-09-15,3240746,Will the chopsticks catch SpaceX Starship Flight Test 14 Starship?,will-the-chopsticks-catch-spacex-starship-flight-test-14-starship-563,2027-07-01T03:59:00Z,Yes,0.0335,No,0.9665,106483.492767,409642.5592909999,26919.46664
2026-09-15T10:34:42+00:00,2026-09-15,601826,Will Flávio Bolsonaro win the 2026 Brazilian presidential election?,will-flvio-bolsonaro-win-the-2026-brazilian-presidential-election,2026-10-04T00:00:00Z,Yes,0.5165,No,0.4835,104238.95341599999,10690931.392159998,280958.36741
2026-09-15T10:34:42+00:00,2026-09-15,4367130,"Will the price of Bitcoin be above $76,000 on September 15?",bitcoin-above-76k-on-september-15-2026,2026-09-15T16:00:00Z,Yes,0.8945,No,0.1055,99731.799357,123857.932749,50515.65306
2026-09-15T10:34:42+00:00,2026-09-15,4237469,"Will Elon Musk post 220-239 tweets from September 8 to September 15, 2026?",elon-musk-of-tweets-september-8-september-15-2026-220-239,2026-09-15T16:00:00Z,Yes,0.0035,No,0.9965,99222.48391400003,177436.274726,10189.19577
2026-09-15T10:34:42+00:00,2026-09-15,4511480,Szczecin: Hynek Barton vs Raul Brancaccio,atp-barton-brancac-2026-09-14,2026-09-21T08:30:00Z,Hynek Barton,0.9995,Raul Brancaccio,0.0005,98686.335243,98695.99524300001,150951.6757
2026-09-15T10:34:42+00:00,2026-09-15,1193094,Will Magdalena Andersson be the next Prime Minister of Sweden?,will-magdalena-andersson-be-the-next-prime-minister-of-sweden,2026-09-13T00:00:00Z,Yes,0.875,No,0.125,97737.19673900004,1730124.674623001,80092.8044
2026-09-15T10:34:42+00:00,2026-09-15,3866510,Will WTI Crude Oil (WTI) hit (HIGH) $130 in September?,will-wti-reach-130-in-september-2026,2026-10-01T03:59:59.999Z,Yes,0.0505,No,0.9495,97603.956506,356173.51362899994,87304.89589
2026-09-15T10:34:42+00:00,2026-09-15,4237466,"Will Elon Musk post 180-199 tweets from September 8 to September 15, 2026?",elon-musk-of-tweets-september-8-september-15-2026-180-199,2026-09-15T16:00:00Z,Yes,0.895,No,0.105,97328.46090699987,199470.222611,4341.5315
2026-09-15T10:34:42+00:00,2026-09-15,2589813,Will the Fed increase interest rates by 25 bps after the October 2026 meeting?,will-the-fed-increase-interest-rates-by-25-bps-after-the-october-2026-meeting-20260617190324032,2026-10-28T23:59:00Z,Yes,0.375,No,0.625,96395.66585700001,504746.1809739999,234568.9484
2026-09-15T10:34:42+00:00,2026-09-15,3954346,Will WTI Crude Oil (WTI) hit (HIGH) $105 in September?,will-wti-reach-105-in-september-2026,2026-10-01T03:59:59.999Z,Yes,0.8445,No,0.1555,96211.35375500002,527127.9912139999,35569.80102
2026-09-15T10:34:42+00:00,2026-09-15,3701690,Israel closes its airspace by September 30?,israel-closes-its-airspace-by-september-30,2026-10-01T03:59:00Z,Yes,0.9625,No,0.0375,96173.59314800004,3041584.7392799966,127409.29951
2026-09-15T10:34:42+00:00,2026-09-15,562802,Will the Democratic Party control the House after the 2026 Midterm elections?,will-the-democratic-party-control-the-house-after-the-2026-midterm-elections,2026-11-03T00:00:00Z,Yes,0.875,No,0.125,95804.94666699998,6403742.5998289995,619837.4707
2026-09-15T10:34:42+00:00,2026-09-15,2771328,Will Brighton win the 2026-27 English Premier League (EPL) Championship?,will-brighton-win-the-2026-27-english-premier-league-epl-championship-20260701200428754,2027-05-30T23:59:00Z,Yes,0.007,No,0.993,95511.63,793203.518461,536760.57346
2026-09-15T10:34:42+00:00,2026-09-15,4111371,Will Deportivo Alavés win on 2026-09-15?,lal-ala-val-2026-09-15-ala,2026-09-15T18:00:00Z,Yes,0.555,No,0.445,94011.05159600015,106305.49261399997,431410.5513
2026-09-15T10:34:42+00:00,2026-09-15,679020,Will Éric Zemmour win the 2027 French presidential election?,will-ric-zemmour-win-the-2027-french-presidential-election,2027-04-30T00:00:00Z,Yes,0.018,No,0.982,93021.10595,2449776.378867,182583.98959
2026-09-15T10:34:42+00:00,2026-09-15,601819,Will Luiz Inácio Lula da Silva win the 2026 Brazilian presidential election?,will-luiz-incio-lula-da-silva-win-the-2026-brazilian-presidential-election,2026-10-04T00:00:00Z,Yes,0.435,No,0.565,92740.08910300002,11069902.750262992,218853.179
2026-09-15T10:34:42+00:00,2026-09-15,4168072,US x Iran Effective Ceasefire by September 7?,us-x-iran-effective-ceasefire-by-september-7,2026-09-07T23:59:00Z,Yes,0.9535,No,0.0465,92230.389408,355123.9128900005,31425.30256
2026-09-15T10:34:42+00:00,2026-09-15,601825,Will Renan Santos win the 2026 Brazilian presidential election?,will-renan-santos-win-the-2026-brazilian-presidential-election,2026-10-04T00:00:00Z,Yes,0.0195,No,0.9805,90977.89635299999,13469904.382024001,382194.26234
2026-09-15T10:34:42+00:00,2026-09-15,561989,Will Ted Cruz win the 2028 Republican presidential nomination?,will-ted-cruz-win-the-2028-republican-presidential-nomination,2028-11-07T00:00:00Z,Yes,0.0175,No,0.9825,90407.742296,19447658.274018,784962.99983
2026-09-15T10:34:42+00:00,2026-09-15,4114323,Spread: Elche CF (-1.5),lal-elc-rea-2026-09-15-spread-home-1pt5,2026-09-15T19:30:00Z,Elche CF,0.015,Real Madrid CF,0.985,88496.2752,101269.17081099997,99396.72635
2026-09-15T10:34:42+00:00,2026-09-15,4052413,"Will Bitcoin reach $100,000 in September?",will-bitcoin-reach-100k-in-september-2026,2026-10-01T04:00:00Z,Yes,0.0195,No,0.9805,87836.09338899999,591982.174353,105785.27366
2026-09-15T10:34:42+00:00,2026-09-15,1357380,Will the Denver Broncos win the 2027 NFL league championship?,will-the-denver-broncos-win-the-2027-nfl-league-championship,2027-03-31T23:55:00Z,Yes,0.0255,No,0.9745,85893.179162,1603671.98151,161130.88396
2026-09-15T10:34:42+00:00,2026-09-15,679022,Will David Lisnard win the 2027 French presidential election?,will-david-lisnard-win-the-2027-french-presidential-election,2027-04-30T00:00:00Z,Yes,0.0795,No,0.9205,82724.03924400001,2260356.9486469994,162217.72561
2026-09-15T10:34:42+00:00,2026-09-15,562828,"2026 Balance of Power: D Senate, D House",2026-balance-of-power-d-senate-d-house-949,2026-11-03T00:00:00Z,Yes,0.525,No,0.475,82033.48480800001,3101076.632599,223353.0959
2026-09-15T10:34:42+00:00,2026-09-15,637910,Mitch McConnell steps down from Senate before his term ends?,will-mitch-mcconnell-resign-from-the-senate-before-his-term-ends,2027-01-03T00:00:00Z,Yes,0.125,No,0.875,81605.34189400001,1680933.2992310002,54679.7185
2026-09-15T10:34:42+00:00,2026-09-15,2774057,Strait of Hormuz traffic returns to normal by September 30?,strait-of-hormuz-traffic-returns-to-normal-by-september-30-20260702154339440,2026-09-30T00:00:00Z,Yes,0.0115,No,0.9885,81438.024548,8588307.564622,263324.60729
2026-09-15T10:34:42+00:00,2026-09-15,1357386,Will the Kansas City Chiefs win the 2027 NFL league championship?,will-the-kansas-city-chiefs-win-the-2027-nfl-league-championship,2027-03-31T23:55:00Z,Yes,0.0875,No,0.9125,80545.820695,1584456.0118049998,200545.68728
2026-09-15T10:34:42+00:00,2026-09-15,4573013,Counter-Strike: BakS eSports vs CYBERSHOKE Esports (BO3) - CIS LAN Championship Playoffs,cs2-baks-cs1-2026-09-15,2026-09-15T16:00:00Z,BakS eSports,0.39,CYBERSHOKE Esports,0.61,77859.19232800003,76897.55135900003,18300.0959
2026-09-15T10:34:42+00:00,2026-09-15,4367137,"Will the price of Bitcoin be above $84,000 on September 15?",bitcoin-above-84k-on-september-15-2026,2026-09-15T16:00:00Z,Yes,0.0015,No,0.9985,76309.045194,98400.16064299998,55538.4348
2026-09-15T10:34:42+00:00,2026-09-15,2176270,Strait of Hormuz traffic returns to normal by December 31?,strait-of-hormuz-traffic-returns-to-normal-by-december-31,2026-12-31T00:00:00Z,Yes,0.175,No,0.825,75960.85279899999,11722393.677082991,491018.73
2026-09-15T10:34:42+00:00,2026-09-15,2589811,Will the Fed decrease interest rates by 25 bps after the October 2026 meeting?,will-the-fed-decrease-interest-rates-by-25-bps-after-the-october-2026-meeting-20260617190324030,2026-10-28T23:59:00Z,Yes,0.0155,No,0.9845,75799.09590700001,716807.126994,149231.356
2026-09-15T10:34:42+00:00,2026-09-15,2771493,Will Betis win the 2026-27 LALIGA Championship?,will-betis-win-the-2026-27-laliga-championship-20260701200737380,2027-05-30T23:59:00Z,Yes,0.005,No,0.995,75786.7835,331003.6730490001,138811.25069
2026-09-15T10:34:42+00:00,2026-09-15,4487273,Saudi Oil Pipeline (East-West) restarts by September 30?,saudi-oil-pipeline-east-west-restarts-by-september-30,2026-10-01T03:59:00Z,Yes,0.475,No,0.525,75671.097966,103446.79565399999,46724.223
2026-09-15T10:34:42+00:00,2026-09-15,4573022,Counter-Strike: FORZE Reload vs UPGRADE (BO3) - CIS LAN Championship Playoffs,cs2-forzer-upgrad-2026-09-15,2026-09-15T22:00:00Z,FORZE Reload,0.655,UPGRADE,0.345,75102.72611999999,74936.77612000001,16363.1374
2026-09-15T10:34:42+00:00,2026-09-15,4237471,"Will Elon Musk post 240-259 tweets from September 8 to September 15, 2026?",elon-musk-of-tweets-september-8-september-15-2026-240-259,2026-09-15T16:00:00Z,Yes,0.0005,No,0.9995,73478.99549199999,153550.58260499997,23822.71478
2026-09-15T10:34:42+00:00,2026-09-15,703257,Will the US confirm that aliens exist before 2027?,will-the-us-confirm-that-aliens-exist-before-2027-789-924-249,2027-01-01T04:59:00Z,Yes,0.039,No,0.961,71077.71164800001,38458622.640185036,598818.03016
2026-09-15T10:34:42+00:00,2026-09-15,1357376,Will the Chicago Bears win the 2027 NFL league championship?,will-the-chicago-bears-win-the-2027-nfl-league-championship,2027-03-31T23:55:00Z,Yes,0.0475,No,0.9525,69763.374883,1424302.8861279998,165616.02576
2026-09-15T10:34:42+00:00,2026-09-15,4552869,Game Handicap: T1.A (-1.5) vs KT Rolster Challengers (+1.5),lol-t1a-ktc-2026-09-15-game-handicap-away-1pt5,2026-09-15T14:00:00Z,T1 Academy,0.9995,KT Rolster Challengers,0.0005,68585.947665,68580.457665,112588.20688
2026-09-15T10:34:42+00:00,2026-09-15,559663,Will J.B. Pritzker win the 2028 Democratic presidential nomination?,will-jb-pritzker-win-the-2028-democratic-presidential-nomination-288,2028-11-07T00:00:00Z,Yes,0.012,No,0.988,68019.89421700001,15721279.750859974,376653.52765
2026-09-15T10:34:42+00:00,2026-09-15,4367131,"Will the price of Bitcoin be above $78,000 on September 15?",bitcoin-above-78k-on-september-15-2026,2026-09-15T16:00:00Z,Yes,0.115,No,0.885,67606.29367800003,83144.380937,44932.6698
2026-09-15T10:34:42+00:00,2026-09-15,1130020,Will Yabloko gain the most seats in the next Russian parliamentary election?,will-yabloko-gain-the-most-seats-in-the-next-russian-parliamentary-election,2026-09-30T00:00:00Z,Yes,0.0025,No,0.9975,67169.048502,2057706.2184840003,189087.64905
2026-09-15T10:34:42+00:00,2026-09-15,2589810,Will the Fed decrease interest rates by 50+ bps after the October 2026 meeting?,will-the-fed-decrease-interest-rates-by-50-bps-after-the-october-2026-meeting-20260617190324029,2026-10-28T23:59:00Z,Yes,0.0055,No,0.9945,66952.775966,383952.97886300005,122793.99783
2026-09-15T10:34:42+00:00,2026-09-15,701502,"Will Bitcoin dip to $45,000 by December 31, 2026?",will-bitcoin-dip-to-45000-by-december-31-2026-674-923-755-971-998-525-926-245-316-517-544-589-965-923-986-841-815-224-586-231-289-533-573,2027-01-01T05:00:00Z,Yes,0.085,No,0.915,66442.39736699998,6962841.152738002,326036.6323
2026-09-15T10:34:42+00:00,2026-09-15,4367128,"Will the price of Bitcoin be above $74,000 on September 15?",bitcoin-above-74k-on-september-15-2026,2026-09-15T16:00:00Z,Yes,0.9875,No,0.0125,65984.126346,95609.74575199999,49243.21889
2026-09-15T10:34:42+00:00,2026-09-15,559655,Will Josh Shapiro win the 2028 Democratic presidential nomination?,will-josh-shapiro-win-the-2028-democratic-presidential-nomination-977,2028-11-07T00:00:00Z,Yes,0.0605,No,0.9395,65869.043214,9956408.73945899,284176.30179
2026-09-15T10:34:42+00:00,2026-09-15,601820,Will Jair Bolsonaro win the 2026 Brazilian presidential election?,will-jair-bolsonaro-win-the-2026-brazilian-presidential-election,2026-10-04T00:00:00Z,Yes,0.0015,No,0.9985,64459.493,7007237.750874,369924.85259
2026-09-15T10:34:42+00:00,2026-09-15,601829,Will Camilo Santana win the 2026 Brazilian presidential election?,will-camilo-santana-win-the-2026-brazilian-presidential-election,2026-10-04T00:00:00Z,Yes,0.0005,No,0.9995,64000.0,5582511.079657001,532584.56837
2026-09-15T10:34:42+00:00,2026-09-15,4192756,Will AC Milan win on 2026-09-16?,uel-mil1-ben-2026-09-16-mil1,2026-09-16T19:00:00Z,Yes,0.465,No,0.535,62400.42543199999,63076.50263299998,77078.9899
2026-09-15T10:34:42+00:00,2026-09-15,1808548,Fed Rate Hike by October 2026 Meeting?,fed-rate-hike-by-october-2026-meeting,2026-12-09T00:00:00Z,Yes,0.915,No,0.085,62205.84616599999,864570.1912059999,118347.1966
2026-09-15T10:34:42+00:00,2026-09-15,608545,Will Lamine Yamal win the 2026 Ballon d'Or?,will-lamine-yamal-win-the-2026-ballon-dor,2026-10-31T00:00:00Z,Yes,0.2285,No,0.7715,60564.082578,2370407.218035998,134181.41804
2026-09-15T10:34:42+00:00,2026-09-15,559658,Will Kamala Harris win the 2028 Democratic presidential nomination?,will-kamala-harris-win-the-2028-democratic-presidential-nomination-641,2028-11-07T00:00:00Z,Yes,0.082,No,0.918,59394.920000000006,13294200.49935902,315225.99055
2026-09-15T10:34:42+00:00,2026-09-15,4338638,"Will Bitcoin reach $80,000 in September?",will-bitcoin-reach-80k-in-september-2026-from-september-7,2026-10-01T04:00:00Z,Yes,0.6,No,0.4,59362.181307,249538.90553599998,62099.5984
2026-09-15T10:34:42+00:00,2026-09-15,4528044,Bitcoin Up or Down on September 15?,bitcoin-up-or-down-on-september-15-2026,2026-09-15T16:00:00Z,Up,0.045,Down,0.955,59318.95966200001,59381.86606300001,40119.3528
2026-09-15T10:34:42+00:00,2026-09-15,2589814,Will the Fed increase interest rates by 50+ bps after the October 2026 meeting?,will-the-fed-increase-interest-rates-by-50-bps-after-the-october-2026-meeting-20260617190324033,2026-10-28T23:59:00Z,Yes,0.0075,No,0.9925,59008.043027,280887.053378,127737.98069
2026-09-15T10:34:42+00:00,2026-09-15,559690,Will Kim Kardashian win the 2028 Democratic presidential nomination?,will-kim-kardashian-win-the-2028-democratic-presidential-nomination,2028-11-07T00:00:00Z,Yes,0.0005,No,0.9995,57028.26,42918318.89817102,2707128.47121
2026-09-15T10:34:42+00:00,2026-09-15,682705,Will Benjamin Netanyahu be the next Prime Minister of Israel?,will-benjamin-netanyahu-be-the-next-prime-minister-of-israel,2026-12-31T00:00:00Z,Yes,0.295,No,0.705,57010.064563,3881743.6740839994,172557.9374
2026-09-15T10:34:42+00:00,2026-09-15,4104860,Will Arsenal FC win on 2026-09-15?,efl-ips-ars-2026-09-15-ars,2026-09-15T19:00:00Z,Yes,0.765,No,0.235,56842.276387999955,62140.031882,126975.4461
2026-09-15T10:34:42+00:00,2026-09-15,1130016,Will New People (NL) gain the most seats in the next Russian parliamentary election?,will-new-people-nl-gain-the-most-seats-in-the-next-russian-parliamentary-election,2026-09-30T00:00:00Z,Yes,0.186,No,0.814,56610.05772500001,3017920.8373569995,175112.34075
2026-09-15T10:34:42+00:00,2026-09-15,3128887,"US announces end of Iranian blockade by September 30, 2026?",us-announces-end-of-iranian-blockade-by-september-30-2026-20260727171615364-722-649-646-561-213-644-414-831,2026-10-01T03:59:00Z,Yes,0.135,No,0.865,56597.585401000004,3232798.589381001,84771.7262
2026-09-15T10:34:42+00:00,2026-09-15,4367111,"Will the price of Ethereum be above $2,700 on September 15?",ethereum-above-2700-on-september-15-2026,2026-09-15T16:00:00Z,Yes,0.003,No,0.997,56505.596736000014,69328.563777,37761.61007
2026-09-15T10:34:42+00:00,2026-09-15,4500019,Phan Thiet 4: Blake Ellis vs Hiroki Moriya,atp-ellis-moriya-2026-09-13,2026-09-21T03:00:00Z,Blake Ellis,0.84,Hiroki Moriya,0.16,56403.064114,55381.05533800003,64224.2214
2026-09-15T10:34:42+00:00,2026-09-15,1357383,Will the Houston Texans win the 2027 NFL league championship?,will-the-houston-texans-win-the-2027-nfl-league-championship,2027-03-31T23:55:00Z,Yes,0.0315,No,0.9685,56151.485207,2164072.86444,126432.90014
2026-09-15T10:34:42+00:00,2026-09-15,701552,"Will Ethereum dip to $1,500 by December 31, 2026?",will-ethereum-dip-to-1500-by-december-31-2026-865-787,2027-01-01T05:00:00Z,Yes,0.124,No,0.876,55667.22849399999,2657471.022889999,122400.51659
2026-09-15T10:34:42+00:00,2026-09-15,559700,Will Adam Schiff win the 2028 Democratic presidential nomination?,will-adam-schiff-win-the-2028-democratic-presidential-nomination,2028-11-07T00:00:00Z,Yes,0.0005,No,0.9995,55000.0,554635.9268329999,1716799.81597
2026-09-15T10:34:42+00:00,2026-09-15,559693,Will Ruben Gallego win the 2028 Democratic presidential nomination?,will-ruben-gallego-win-the-2028-democratic-presidential-nomination,2028-11-07T00:00:00Z,Yes,0.0005,No,0.9995,55000.0,8530167.363940999,1141605.64386
2026-09-16T10:23:13+00:00,2026-09-16,2252244,Will there be no change in Fed interest rates after the September 2026 meeting?,will-there-be-no-change-in-fed-interest-rates-after-the-september-2026-meeting-615,2026-09-16T00:00:00Z,Yes,0.125,No,0.875,6096061.149240998,51841987.30596114,906218.0054
2026-09-16T10:23:13+00:00,2026-09-16,2252246,Will the Fed increase interest rates by 50+ bps after the September 2026 meeting?,will-the-fed-increase-interest-rates-by-50-bps-after-the-september-2026-meeting-664,2026-09-16T00:00:00Z,Yes,0.008,No,0.992,5248945.882102996,29714672.190139014,1082152.48365
2026-09-16T10:23:13+00:00,2026-09-16,2252243,Will the Fed decrease interest rates by 25 bps after the September 2026 meeting?,will-the-fed-decrease-interest-rates-by-25-bps-after-the-september-2026-meeting-586,2026-09-16T00:00:00Z,Yes,0.0015,No,0.9985,4603215.330231,51511024.426599994,5611549.3574
2026-09-16T10:23:13+00:00,2026-09-16,2252245,Will the Fed increase interest rates by 25 bps after the September 2026 meeting?,will-the-fed-increase-interest-rates-by-25-bps-after-the-september-2026-meeting-649,2026-09-16T00:00:00Z,Yes,0.875,No,0.125,4385085.852520007,38599790.27186304,986873.0583
2026-09-16T10:23:13+00:00,2026-09-16,1163699,Clarity Act (H.R.3633) signed into law in 2026?,clarity-act-signed-into-law-in-2026,2027-01-01T05:00:00Z,Yes,0.052,No,0.948,3416439.2937679957,20856999.44919198,580844.79034
2026-09-16T10:23:13+00:00,2026-09-16,2252242,Will the Fed decrease interest rates by 50+ bps after the September 2026 meeting?,will-the-fed-decrease-interest-rates-by-50-bps-after-the-september-2026-meeting-863,2026-09-16T00:00:00Z,Yes,0.0005,No,0.9995,1348423.16,18805967.287784994,7388063.60763
2026-09-16T10:23:13+00:00,2026-09-16,1130012,Will United Russia (ER) gain the most seats in the next Russian parliamentary election?,will-united-russia-er-gain-the-most-seats-in-the-next-russian-parliamentary-election,2026-09-30T00:00:00Z,Yes,0.755,No,0.245,522102.25687099993,10701463.183326002,452738.954
2026-09-16T10:23:13+00:00,2026-09-16,2772194,Will Shakhtar Donetsk win the 2026-27 UEFA Champions League Championship?,will-shakhtar-donetsk-win-the-2026-27-uefa-champions-league-championship-20260701202025578,2027-05-30T23:59:00Z,Yes,0.0015,No,0.9985,430125.871,18271875.61899999,420213.67011
2026-09-16T10:23:13+00:00,2026-09-16,4546038,Sao Paulo Open: Xiaodi You vs Alina Charaeva,wta-you-charaev-2026-09-14,2026-09-21T17:00:12Z,Xiaodi You,0.385,Alina Charaeva,0.615,370988.394116,380977.831145,24377.6758
2026-09-16T10:23:13+00:00,2026-09-16,559652,Will Gavin Newsom win the 2028 Democratic presidential nomination?,will-gavin-newsom-win-the-2028-democratic-presidential-nomination-568,2028-11-07T00:00:00Z,Yes,0.1615,No,0.8385,340129.7852440002,27632246.88375298,448043.26445
2026-09-16T10:23:13+00:00,2026-09-16,701502,"Will Bitcoin dip to $45,000 by December 31, 2026?",will-bitcoin-dip-to-45000-by-december-31-2026-674-923-755-971-998-525-926-245-316-517-544-589-965-923-986-841-815-224-586-231-289-533-573,2027-01-01T05:00:00Z,Yes,0.085,No,0.915,337729.96656100004,7299537.785965,243401.9301
2026-09-16T10:23:13+00:00,2026-09-16,908713,Fed rate hike in 2026?,fed-rate-hike-in-2026,2026-12-09T00:00:00Z,Yes,0.955,No,0.045,327928.91008900024,9794617.760829998,233952.52514
2026-09-16T10:23:13+00:00,2026-09-16,665374,Will the U.S. invade Iran before 2027?,will-the-us-invade-iran-before-2027,2027-01-01T04:59:00Z,Yes,0.175,No,0.825,295762.76469900017,66412304.63720003,593580.7503
2026-09-16T10:23:13+00:00,2026-09-16,4572388,Counter-Strike: Black Phoenix vs ENCE (BO3) - CCT Europe Series #9 Group Stage,cs2-blackp-ence-2026-09-16,2026-09-16T14:00:00Z,Black Phoenix,0.9995,ENCE,0.0005,282795.4502949998,285901.5445090001,175614.81762
2026-09-16T10:23:13+00:00,2026-09-16,679035,Will Ségolène Royal win the 2027 French presidential election?,will-sgolne-royal-win-the-2027-french-presidential-election,2027-04-30T00:00:00Z,Yes,0.0025,No,0.9975,269921.95,6301500.365024002,188539.65115
2026-09-16T10:23:13+00:00,2026-09-16,4521849,Sao Paulo Open: Eva Lys vs Gabriela Ce,wta-lys-ce-2026-09-14,2026-09-21T13:00:00Z,Eva Lys,0.7435,Gabriela Ce,0.2565,246264.74101599996,255009.9697840001,14743.79882
2026-09-16T10:23:13+00:00,2026-09-16,2034729,Will the US confirm that aliens exist by September 30?,will-the-us-confirm-that-aliens-exist-by-september-30-396,2026-10-01T03:59:00Z,Yes,0.0105,No,0.9895,217394.81358000002,5483980.309274999,247220.85459
2026-09-16T10:23:13+00:00,2026-09-16,4350026,Portland State vs. Oregon,cfb-portst-ore-2026-09-18,2026-09-19T02:30:00Z,Portland State,0.004,Oregon,0.996,195173.638,211688.95500000002,99115.2924
2026-09-16T10:23:13+00:00,2026-09-16,4580636,W35 Shenyang: Meng Yi Chen vs Tahlia Kokkinis,itf-chen7-kokkin1-2026-09-16,2026-09-23T02:00:00Z,Meng Yi Chen,0.495,Tahlia Kokkinis,0.505,193473.968581,197989.60636999996,90795.292
2026-09-16T10:23:13+00:00,2026-09-16,609655,US recession by end of 2026?,us-recession-by-end-of-2026,2027-01-31T00:00:00Z,Yes,0.145,No,0.855,191636.08840099996,1944891.661578,87622.7934
2026-09-16T10:23:13+00:00,2026-09-16,1130016,Will New People (NL) gain the most seats in the next Russian parliamentary election?,will-new-people-nl-gain-the-most-seats-in-the-next-russian-parliamentary-election,2026-09-30T00:00:00Z,Yes,0.2095,No,0.7905,181472.77762999994,3198364.7747979998,276677.92009
2026-09-16T10:23:13+00:00,2026-09-16,567621,Will China invade Taiwan by end of 2026?,will-china-invade-taiwan-before-2027,2026-12-31T00:00:00Z,Yes,0.0375,No,0.9625,161524.50705300012,41570905.87781692,640881.23619
2026-09-16T10:23:13+00:00,2026-09-16,561266,Will Abigail Spanberger win the 2028 US Presidential Election?,will-abigail-spanberger-win-the-2028-us-presidential-election,2028-11-07T00:00:00Z,Yes,0.001,No,0.999,158000.0,789523.3720000001,1268701.10248
2026-09-16T10:23:13+00:00,2026-09-16,2063133,Will Shimelis Abdisa be the next Prime Minister of Ethiopia?,will-shimelis-abdisa-be-the-next-prime-minister-of-ethiopia,2026-06-01T00:00:00Z,Yes,0.015,No,0.985,155589.800851,41577911.80178099,17839.15157
2026-09-16T10:23:13+00:00,2026-09-16,562802,Will the Democratic Party control the House after the 2026 Midterm elections?,will-the-democratic-party-control-the-house-after-the-2026-midterm-elections,2026-11-03T00:00:00Z,Yes,0.875,No,0.125,144908.3062390001,6548649.769709999,560485.1969
2026-09-16T10:23:13+00:00,2026-09-16,4095052,US x Iran Effective Ceasefire by September 4?,us-x-iran-effective-ceasefire-by-september-4,2026-09-04T23:59:00Z,Yes,0.9995,No,0.0005,138194.23373599997,2298552.665393003,181751.47837
2026-09-16T10:23:13+00:00,2026-09-16,3399458,Israel x Iran ceasefire continues through September 30?,israel-x-iran-ceasefire-continues-through-september-30,2026-09-30T20:29:00Z,Yes,0.865,No,0.135,131730.94165399997,2109855.4355710014,74093.003
2026-09-16T10:23:13+00:00,2026-09-16,559662,Will Mark Cuban win the 2028 Democratic presidential nomination?,will-mark-cuban-win-the-2028-democratic-presidential-nomination-329,2028-11-07T00:00:00Z,Yes,0.004,No,0.996,128357.240665,23058823.887865998,1781133.47931
2026-09-16T10:23:13+00:00,2026-09-16,1394086,Will Reza Pahlavi enter Iran by December 31?,will-reza-pahlavi-enter-iran-by-december-31-898-927,2027-01-01T04:59:00Z,Yes,0.065,No,0.935,124122.46859,2432962.4845020007,115121.1826
2026-09-16T10:23:13+00:00,2026-09-16,4412243,"Will the price of Bitcoin be above $82,000 on September 16?",bitcoin-above-82k-on-september-16-2026,2026-09-16T16:00:00Z,Yes,0.0025,No,0.9975,122954.659237,159934.62633799997,47183.73964
2026-09-16T10:23:13+00:00,2026-09-16,1808548,Fed Rate Hike by October 2026 Meeting?,fed-rate-hike-by-october-2026-meeting,2026-12-09T00:00:00Z,Yes,0.915,No,0.085,122438.03071000004,987008.2219159998,126711.3089
2026-09-16T10:23:13+00:00,2026-09-16,4571698,Rennes: Max Schoenhaus vs Matteo Martineau,atp-schoenh-martin-2026-09-16,2026-09-23T08:00:00Z,Max Schoenhaus,0.065,Matteo Martineau,0.935,119793.72904099997,119849.97904099998,173449.2615
2026-09-16T10:23:13+00:00,2026-09-16,2589812,Will there be no change in Fed interest rates after the October 2026 meeting?,will-there-be-no-change-in-fed-interest-rates-after-the-october-2026-meeting-20260617190324031,2026-10-28T23:59:00Z,Yes,0.625,No,0.375,119360.21123300001,543505.78237,227046.7535
2026-09-16T10:23:13+00:00,2026-09-16,1831352,"Will any AI model reach 1520 Overall Arena Score by September 30, 2026?",will-any-ai-model-reach-1520-overall-arena-score-by-september-30-2026,2026-10-01T03:59:00Z,Yes,0.9995,No,0.0005,115504.15430299997,250839.1600860001,128773.36294
2026-09-16T10:23:13+00:00,2026-09-16,4182981,Will FC Barcelona win on 2026-09-16?,lal-bar-rrc-2026-09-16-bar,2026-09-16T19:30:00Z,Yes,0.925,No,0.075,114940.71664099998,154136.29382599992,813139.9083
2026-09-16T10:23:13+00:00,2026-09-16,4556399,Will Kashiwa Reysol win on 2026-09-16?,acle-jeo-rey-2026-09-16-rey,2026-09-16T10:00:00Z,Yes,0.42,No,0.58,113676.119946,113676.11994600008,8254.9435
2026-09-16T10:23:13+00:00,2026-09-16,1130014,Will A Just Russia – For Truth (SRZP) gain the most seats in the next Russian parliamentary election?,will-a-just-russia-for-truth-srzp-gain-the-most-seats-in-the-next-russian-parliamentary-election,2026-09-30T00:00:00Z,Yes,0.0015,No,0.9985,112170.97,2826401.9459380023,474495.58139
2026-09-16T10:23:13+00:00,2026-09-16,4412241,"Will the price of Bitcoin be above $80,000 on September 16?",bitcoin-above-80k-on-september-16-2026,2026-09-16T16:00:00Z,Yes,0.007,No,0.993,110973.65107100001,145158.39643300007,59390.9598
2026-09-16T10:23:13+00:00,2026-09-16,1130013,Will the Communist Party of the Russian Federation (KPRF) gain the most seats in the next Russian parliamentary election?,will-the-communist-party-of-the-russian-federation-kprf-gain-the-most-seats-in-the-next-russian-parliamentary-election,2026-09-30T00:00:00Z,Yes,0.009,No,0.991,109371.57443699999,2103341.326026001,225640.22842
2026-09-16T10:23:13+00:00,2026-09-16,601826,Will Flávio Bolsonaro win the 2026 Brazilian presidential election?,will-flvio-bolsonaro-win-the-2026-brazilian-presidential-election,2026-10-04T00:00:00Z,Yes,0.5435,No,0.4565,103978.85629599998,10794910.248455998,286584.89905
2026-09-16T10:23:13+00:00,2026-09-16,601828,Will Romeu Zema win the 2026 Brazilian presidential election?,will-romeu-zema-win-the-2026-brazilian-presidential-election,2026-10-04T00:00:00Z,Yes,0.0015,No,0.9985,103410.34833400001,7407838.646735999,403926.22354
2026-09-16T10:23:13+00:00,2026-09-16,4589590,Valencia: Jennifer Ruggeri vs Despina Papamichail,wta-ruggeri-papamic-2026-09-16,2026-09-23T09:00:00Z,Jennifer Ruggeri,0.095,Despina Papamichail,0.905,103376.90273699994,103376.90273699997,85935.9727
2026-09-16T10:23:13+00:00,2026-09-16,703257,Will the US confirm that aliens exist before 2027?,will-the-us-confirm-that-aliens-exist-before-2027-789-924-249,2027-01-01T04:59:00Z,Yes,0.042,No,0.958,101885.23545500002,38560502.886035,616363.01874
2026-09-16T10:23:13+00:00,2026-09-16,665513,"Friedrich Merz out as Chancellor of Germany before December 31, 2026?",friedrich-merz-out-as-chancellor-of-germany-before-2027,2027-01-01T04:59:00Z,Yes,0.215,No,0.785,100316.40565200002,1389932.1546420008,98847.0932
2026-09-16T10:23:13+00:00,2026-09-16,4412228,"Will the price of Bitcoin be above $68,000 on September 16?",bitcoin-above-68k-on-september-16-2026,2026-09-16T16:00:00Z,Yes,0.9995,No,0.0005,100299.46086499997,133411.24830799998,53553.32249
2026-09-16T10:23:13+00:00,2026-09-16,4182983,Will FC Barcelona vs. Real Racing Club end in a draw?,lal-bar-rrc-2026-09-16-draw,2026-09-16T19:30:00Z,Yes,0.055,No,0.945,98663.94533499992,105244.67371500001,251076.012
2026-09-16T10:23:13+00:00,2026-09-16,4052431,"Will Bitcoin dip to $65,000 in September?",will-bitcoin-dip-to-65k-in-september-2026,2026-10-01T04:00:00Z,Yes,0.115,No,0.885,97583.93485100001,400274.969792,113142.6312
2026-09-16T10:23:13+00:00,2026-09-16,3701690,Israel closes its airspace by September 30?,israel-closes-its-airspace-by-september-30,2026-10-01T03:59:00Z,Yes,0.977,No,0.023,96177.55415899996,3137762.2934389994,173112.32097
2026-09-16T10:23:13+00:00,2026-09-16,4182978,Will Club Atlético de Madrid win on 2026-09-16?,lal-mad-osa-2026-09-16-mad,2026-09-16T17:00:00Z,Yes,0.695,No,0.305,95254.52154399997,103905.99807399996,405503.6068
2026-09-16T10:23:13+00:00,2026-09-16,4412232,"Will the price of Bitcoin be above $72,000 on September 16?",bitcoin-above-72k-on-september-16-2026,2026-09-16T16:00:00Z,Yes,0.9915,No,0.0085,93897.09706700002,128038.49323599997,57102.19018
2026-09-16T10:23:13+00:00,2026-09-16,4412230,"Will the price of Bitcoin be above $70,000 on September 16?",bitcoin-above-70k-on-september-16-2026,2026-09-16T16:00:00Z,Yes,0.9975,No,0.0025,93211.97278800001,114976.05197100001,50924.76574
2026-09-16T10:23:13+00:00,2026-09-16,4546040,Sao Paulo Open: Cadence Brace vs Solana Sierra,wta-brace-sierra-2026-09-14,2026-09-21T17:30:54Z,Cadence Brace,0.335,Solana Sierra,0.665,91868.49213199998,115129.53099300007,25576.4954
2026-09-16T10:23:13+00:00,2026-09-16,4517791,LoL: Top Esports vs Invictus Gaming (BO5) - LPL Regional Finals Playoffs,lol-tes-ig1-2026-09-17,2026-09-17T15:00:00Z,Top Esports,0.445,Invictus Gaming,0.555,91540.28711500001,105306.90454400009,113851.429
2026-09-16T10:23:13+00:00,2026-09-16,3702045,"US announces end of Iranian blockade by September 21, 2026?",us-announces-end-of-iranian-blockade-by-september-21-2026,2026-09-22T03:59:00Z,Yes,0.048,No,0.952,91142.79918199997,949535.1520529999,112632.86256
2026-09-16T10:23:13+00:00,2026-09-16,2774057,Strait of Hormuz traffic returns to normal by September 30?,strait-of-hormuz-traffic-returns-to-normal-by-september-30-20260702154339440,2026-09-30T00:00:00Z,Yes,0.012,No,0.988,91107.46293399998,8672927.037555998,271145.31211
2026-09-16T10:23:13+00:00,2026-09-16,682711,Will Yossi Cohen be the next Prime Minister of Israel?,will-yossi-cohen-be-the-next-prime-minister-of-israel,2026-12-31T00:00:00Z,Yes,0.0025,No,0.9975,89937.91333399987,2571428.6696949992,199258.60478
2026-09-16T10:23:13+00:00,2026-09-16,1130020,Will Yabloko gain the most seats in the next Russian parliamentary election?,will-yabloko-gain-the-most-seats-in-the-next-russian-parliamentary-election,2026-09-30T00:00:00Z,Yes,0.005,No,0.995,89727.678072,2146389.4065560005,203522.83712
2026-09-16T10:23:13+00:00,2026-09-16,4182980,Will CA Osasuna win on 2026-09-16?,lal-mad-osa-2026-09-16-osa,2026-09-16T17:00:00Z,Yes,0.095,No,0.905,89026.69974599998,95171.034912,609729.8201
2026-09-16T10:23:13+00:00,2026-09-16,4182984,Will Real Racing Club win on 2026-09-16?,lal-bar-rrc-2026-09-16-rrc,2026-09-16T19:30:00Z,Yes,0.0275,No,0.9725,88465.92065599999,110036.41952700002,324160.45061
2026-09-16T10:23:13+00:00,2026-09-16,679033,Will Olivier Faure win the 2027 French presidential election?,will-olivier-faure-win-the-2027-french-presidential-election,2027-04-30T00:00:00Z,Yes,0.001,No,0.999,86924.23,5845855.029615002,50927.96666
2026-09-16T10:23:13+00:00,2026-09-16,4412234,"Will the price of Bitcoin be above $74,000 on September 16?",bitcoin-above-74k-on-september-16-2026,2026-09-16T16:00:00Z,Yes,0.949,No,0.051,86338.94566,130802.33748500003,48182.24925
2026-09-16T10:23:13+00:00,2026-09-16,4338638,"Will Bitcoin reach $80,000 in September?",will-bitcoin-reach-80k-in-september-2026-from-september-7,2026-10-01T04:00:00Z,Yes,0.475,No,0.525,83677.343713,333216.24924900004,65851.8418
2026-09-16T10:23:13+00:00,2026-09-16,4412239,"Will the price of Bitcoin be above $78,000 on September 16?",bitcoin-above-78k-on-september-16-2026,2026-09-16T16:00:00Z,Yes,0.045,No,0.955,81566.58745100001,100115.84572099999,53916.26437
2026-09-16T10:23:13+00:00,2026-09-16,4558958,Bitcoin Up or Down on September 16?,bitcoin-up-or-down-on-september-16-2026,2026-09-16T16:00:00Z,Up,0.3,Down,0.7,81035.59803500003,81155.343135,42511.0064
2026-09-16T10:23:13+00:00,2026-09-16,601819,Will Luiz Inácio Lula da Silva win the 2026 Brazilian presidential election?,will-luiz-incio-lula-da-silva-win-the-2026-brazilian-presidential-election,2026-10-04T00:00:00Z,Yes,0.445,No,0.555,78802.99929800001,11145543.268365994,259853.7262
2026-09-16T10:23:13+00:00,2026-09-16,3866512,Will WTI Crude Oil (WTI) hit (HIGH) $110 in September?,will-wti-reach-110-in-september-2026,2026-10-01T03:59:59.999Z,Yes,0.425,No,0.575,77091.17309300002,540570.147792,54555.8665
2026-09-16T10:23:13+00:00,2026-09-16,4473246,Counter-Strike: Vitality vs magic (BO3) - StarLadder StarSeries Playoffs,cs2-vit-mgc-2026-09-17,2026-09-17T18:30:00Z,Vitality,0.885,magic,0.115,76731.736213,79199.35035599998,107616.0386
2026-09-16T10:23:13+00:00,2026-09-16,4412237,"Will the price of Bitcoin be above $76,000 on September 16?",bitcoin-above-76k-on-september-16-2026,2026-09-16T16:00:00Z,Yes,0.495,No,0.505,76718.87275600001,108617.82961599999,45966.8414
2026-09-16T10:23:13+00:00,2026-09-16,3212543,"Will JD Vance visit Ukraine by December 31, 2026?",will-jd-vance-visit-ukraine-by-december-31-2026-20260729210126059,2027-01-01T04:59:00Z,Yes,0.117,No,0.883,73965.27,146480.952735,17094.34305
2026-09-16T10:23:13+00:00,2026-09-16,1130015,Will the Liberal Democratic Party of Russia (LDPR) gain the most seats in the next Russian parliamentary election?,will-the-liberal-democratic-party-of-russia-ldpr-gain-the-most-seats-in-the-next-russian-parliamentary-election,2026-09-30T00:00:00Z,Yes,0.0245,No,0.9755,73822.95467299999,3925888.061054999,220187.18773
2026-09-16T10:23:13+00:00,2026-09-16,678747,Will Israel strike 4 countries in 2026?,will-israel-strike-4-countries-in-november-2025,2027-01-01T04:59:00Z,Yes,0.77,No,0.23,73500.656996,1309996.509342,18285.53048
2026-09-16T10:23:13+00:00,2026-09-16,4192768,Will Bayer 04 Leverkusen win on 2026-09-16?,uel-lev-cel2-2026-09-16-lev,2026-09-16T19:00:00Z,Yes,0.895,No,0.105,71503.55727399998,79623.128113,143309.1014
2026-09-16T10:23:13+00:00,2026-09-16,4589627,"Will Ethereum reach $2,600 in September?",will-ethereum-reach-2600-in-september-2026-from-september-15,2026-10-01T04:00:00Z,Yes,0.485,No,0.515,70458.38748900002,70458.38748900002,46363.7215
2026-09-16T10:23:13+00:00,2026-09-16,637002,Will Donald Trump win the Nobel Peace Prize in 2026?,will-donald-trump-win-the-nobel-peace-prize-in-2026-382,2026-10-10T00:00:00Z,Yes,0.0285,No,0.9715,70320.70372800004,4761257.446663001,357093.14651
2026-09-16T10:23:13+00:00,2026-09-16,2737255,Will the Iranian regime fall by September 30?,will-the-iranian-regime-fall-by-september-30-20260629143335077,2026-10-01T03:59:00Z,Yes,0.007,No,0.993,69941.91826199998,2224473.305539001,219685.66419
2026-09-16T10:23:13+00:00,2026-09-16,4354833,"Will Elon Musk post 140-159 tweets from September 11 to September 18, 2026?",elon-musk-of-tweets-september-11-september-18-2026-140-159,2026-09-18T16:00:00Z,Yes,0.0035,No,0.9965,69680.428442,143675.98314400003,37743.09218
2026-09-16T10:23:13+00:00,2026-09-16,2589814,Will the Fed increase interest rates by 50+ bps after the October 2026 meeting?,will-the-fed-increase-interest-rates-by-50-bps-after-the-october-2026-meeting-20260617190324033,2026-10-28T23:59:00Z,Yes,0.009,No,0.991,68993.251999,349578.13537700014,165881.39603
2026-09-16T10:23:13+00:00,2026-09-16,2170255,Bab el-Mandeb Strait effectively closed by September 30?,bab-el-mandeb-strait-effectively-closed-by-september-30-999-671-939,2026-10-01T03:59:00Z,Yes,0.0495,No,0.9505,68816.284328,3065891.698273001,157546.98246
2026-09-16T10:23:13+00:00,2026-09-16,4052451,"Will Ethereum reach $2,700 in September?",will-ethereum-reach-2700-in-september-2026,2026-10-01T04:00:00Z,Yes,0.255,No,0.745,68085.544116,240913.66571300002,41361.3285
2026-09-16T10:23:13+00:00,2026-09-16,1808547,Fed Rate Hike by September 2026 Meeting?,fed-rate-hike-by-september-2026-meeting,2026-12-09T00:00:00Z,Yes,0.88,No,0.12,67670.595439,1736600.7023679994,73017.5608
2026-09-16T10:23:13+00:00,2026-09-16,4499045,"Will Elon Musk post 40-64 tweets from September 14 to September 16, 2026?",elon-musk-of-tweets-september-14-september-16-2026-40-64,2026-09-16T16:00:00Z,Yes,0.795,No,0.205,67348.277944,79978.319299,2946.6442
2026-09-16T10:23:13+00:00,2026-09-16,4412245,"Will the price of Bitcoin be above $84,000 on September 16?",bitcoin-above-84k-on-september-16-2026,2026-09-16T16:00:00Z,Yes,0.0005,No,0.9995,66299.88622399999,93739.05667100001,57739.35843
2026-09-16T10:23:13+00:00,2026-09-16,3866510,Will WTI Crude Oil (WTI) hit (HIGH) $130 in September?,will-wti-reach-130-in-september-2026,2026-10-01T03:59:59.999Z,Yes,0.054,No,0.946,65949.12941100002,422122.6430400001,119153.91593
2026-09-16T10:23:13+00:00,2026-09-16,4052420,"Will Bitcoin reach $82,500 in September?",will-bitcoin-reach-82pt5k-in-september-2026,2026-10-01T04:00:00Z,Yes,0.265,No,0.735,64674.07139900001,537931.9926859998,85561.3379
2026-09-16T10:23:13+00:00,2026-09-16,4600017,Valencia: Martina Trevisan vs Clara Burel,wta-trevisa-burel-2026-09-16,2026-09-23T09:30:00Z,Martina Trevisan,0.495,Clara Burel,0.505,64312.79648700001,64312.79648700001,168874.66
2026-09-16T10:23:13+00:00,2026-09-16,4052419,"Will Bitcoin reach $85,000 in September?",will-bitcoin-reach-85k-in-september-2026,2026-10-01T04:00:00Z,Yes,0.145,No,0.855,61070.98019099998,492865.8917409999,72714.6469
2026-09-16T10:23:13+00:00,2026-09-16,4035901,Will WTI Crude Oil (WTI) hit (HIGH) $115 in September?,will-wti-reach-115-in-september-2026,2026-10-01T03:59:59.999Z,Yes,0.2035,No,0.7965,61014.93248,367049.81763500004,64948.79173
2026-09-16T10:23:13+00:00,2026-09-16,3128887,"US announces end of Iranian blockade by September 30, 2026?",us-announces-end-of-iranian-blockade-by-september-30-2026-20260727171615364-722-649-646-561-213-644-414-831,2026-10-01T03:59:00Z,Yes,0.145,No,0.855,60308.004522,3293106.593903001,96554.6594
2026-09-16T10:23:13+00:00,2026-09-16,4559012,Ljubljana: Noemi Basiletti vs Julie Struplova,wta-basilet-struplo-2026-09-16,2026-09-23T08:00:00Z,Noemi Basiletti,0.9995,Julie Struplova,0.0005,59455.33454300001,60923.90284800002,92573.8981
2026-09-16T10:23:13+00:00,2026-09-16,4052450,"Will Ethereum reach $2,800 in September?",will-ethereum-reach-2800-in-september-2026,2026-10-01T04:00:00Z,Yes,0.165,No,0.835,59319.46673500001,204565.92801099995,38851.779
2026-09-16T10:23:13+00:00,2026-09-16,2176270,Strait of Hormuz traffic returns to normal by December 31?,strait-of-hormuz-traffic-returns-to-normal-by-december-31,2026-12-31T00:00:00Z,Yes,0.175,No,0.825,57644.591277,11780038.268359996,514665.0335
2026-09-16T10:23:13+00:00,2026-09-16,4576641,Phan Thiet 4: Rodrigo Pacheco vs Arthur Weber,atp-pacheco-weber-2026-09-15,2026-09-23T03:00:00Z,Rodrigo Pacheco,0.9995,Arthur Weber,0.0005,57217.26280199998,57217.262802000005,46908.27253
2026-09-16T10:23:13+00:00,2026-09-16,4552028,Counter-Strike: SPARTA vs BakS eSports (BO3) - NODWIN Clutch Series Group Stage,cs2-sparta-baks-2026-09-16,2026-09-16T14:10:00Z,SPARTA,0.5,BakS eSports,0.5,57038.24108400001,57495.96293699999,8728.1042
2026-09-16T10:23:13+00:00,2026-09-16,559673,Will John Fetterman win the 2028 Democratic presidential nomination?,will-john-fetterman-win-the-2028-democratic-presidential-nomination-941,2028-11-07T00:00:00Z,Yes,0.0005,No,0.9995,56500.0,25650540.14483401,2064930.99196
2026-09-16T10:23:13+00:00,2026-09-16,4499046,"Will Elon Musk post 65-89 tweets from September 14 to September 16, 2026?",elon-musk-of-tweets-september-14-september-16-2026-65-89,2026-09-16T16:00:00Z,Yes,0.215,No,0.785,56433.04919099997,77998.08614600002,3337.366
2026-09-16T10:23:13+00:00,2026-09-16,2853074,Bab el-Mandeb Strait effectively closed by December 31?,bab-el-mandeb-strait-effectively-closed-by-december-31-983-117-222-252,2027-01-01T04:59:00Z,Yes,0.225,No,0.775,56143.82306100001,813953.9510100001,76702.9148
2026-09-16T10:23:13+00:00,2026-09-16,4354840,"Will Elon Musk post 160-179 tweets from September 11 to September 18, 2026?",elon-musk-of-tweets-september-11-september-18-2026-160-179,2026-09-18T16:00:00Z,Yes,0.0495,No,0.9505,55490.87332099999,96869.40651000003,31383.65485
2026-09-16T10:23:13+00:00,2026-09-16,562831,"2026 Balance of Power: R Senate, R House",2026-balance-of-power-r-senate-r-house-537,2026-11-03T00:00:00Z,Yes,0.105,No,0.895,55123.12167,3144243.7618000004,360762.7732
2026-09-16T10:23:13+00:00,2026-09-16,1357380,Will the Denver Broncos win the 2027 NFL league championship?,will-the-denver-broncos-win-the-2027-nfl-league-championship,2027-03-31T23:55:00Z,Yes,0.0315,No,0.9685,55015.89967700001,1658687.8811869998,168349.70441
2026-09-16T10:23:13+00:00,2026-09-16,4223147,Will Beşiktaş JK win on 2026-09-17?,uel-bes-olm-2026-09-17-bes,2026-09-17T19:00:00Z,Yes,0.555,No,0.445,54974.63116199999,81661.798049,114173.714
2026-09-17T10:32:49+00:00,2026-09-17,4517783,LoL: Top Esports vs Invictus Gaming - Game 1 Winner,lol-tes-ig1-2026-09-17-game1,2026-09-17T13:00:00Z,Top Esports,0.0005,Invictus Gaming,0.9995,1578292.2289239997,1579131.751196,1214627.13321
2026-09-17T10:32:49+00:00,2026-09-17,4517791,LoL: Top Esports vs Invictus Gaming (BO5) - LPL Regional Finals Playoffs,lol-tes-ig1-2026-09-17,2026-09-17T15:00:00Z,Top Esports,0.315,Invictus Gaming,0.685,1215961.3067359992,1321795.7935280004,118150.752
2026-09-17T10:32:49+00:00,2026-09-17,2589812,Will there be no change in Fed interest rates after the October 2026 meeting?,will-there-be-no-change-in-fed-interest-rates-after-the-october-2026-meeting-20260617190324031,2026-10-28T23:59:00Z,Yes,0.525,No,0.475,1058567.4051529989,1602104.2913329995,307518.0676
2026-09-17T10:32:49+00:00,2026-09-17,4517785,LoL: Top Esports vs Invictus Gaming - Game 2 Winner,lol-tes-ig1-2026-09-17-game2,2026-09-17T13:00:00Z,Top Esports,0.59,Invictus Gaming,0.41,967118.3620129997,960758.9562670008,89641.4548
2026-09-17T10:32:49+00:00,2026-09-17,561990,Will Elon Musk win the 2028 Republican presidential nomination?,will-elon-musk-win-the-2028-republican-presidential-nomination,2028-11-07T00:00:00Z,Yes,0.001,No,0.999,948402.513322,31376945.904576004,1310861.78753
2026-09-17T10:32:49+00:00,2026-09-17,1130012,Will United Russia (ER) gain the most seats in the next Russian parliamentary election?,will-united-russia-er-gain-the-most-seats-in-the-next-russian-parliamentary-election,2026-09-30T00:00:00Z,Yes,0.745,No,0.255,886387.6209100005,11602672.221071007,540357.3418
2026-09-17T10:32:49+00:00,2026-09-17,2589813,Will the Fed increase interest rates by 25 bps after the October 2026 meeting?,will-the-fed-increase-interest-rates-by-25-bps-after-the-october-2026-meeting-20260617190324032,2026-10-28T23:59:00Z,Yes,0.455,No,0.545,796918.8678550001,1329581.354442,280369.686
2026-09-17T10:32:49+00:00,2026-09-17,1163699,Clarity Act (H.R.3633) signed into law in 2026?,clarity-act-signed-into-law-in-2026,2027-01-01T05:00:00Z,Yes,0.0745,No,0.9255,638954.3191809994,21511963.32528299,332649.66239
2026-09-17T10:32:49+00:00,2026-09-17,4424881,Counter-Strike: NIP vs M80 (BO1) - Logitech G Play Connect Group A,cs2-nip-m80-2026-09-17,2026-09-17T15:20:00Z,NIP,0.0005,M80,0.9995,532287.7838339997,531481.0602320001,937498.63825
2026-09-17T10:32:49+00:00,2026-09-17,2772194,Will Shakhtar Donetsk win the 2026-27 UEFA Champions League Championship?,will-shakhtar-donetsk-win-the-2026-27-uefa-champions-league-championship-20260701202025578,2027-05-30T23:59:00Z,Yes,0.0015,No,0.9985,431307.233,18707694.062,403100.842
2026-09-17T10:32:49+00:00,2026-09-17,4600028,Valencia: Guiomar Maristany vs Marina Bassols Ribera,wta-marista-ribera-2026-09-16,2026-09-23T12:30:00Z,Guiomar Maristany,0.645,Marina Bassols Ribera,0.355,340590.7674230001,341176.478224,33325.3313
2026-09-17T10:32:49+00:00,2026-09-17,4610131,Map Handicap: MOUZ (-1.5) vs NRG (+1.5),cs2-mouz-nrg-2026-09-17-map-handicap-away-1pt5,2026-09-17T16:00:00Z,MOUZ,0.28,NRG,0.72,320369.651633,320369.651633,12802.9279
2026-09-17T10:32:49+00:00,2026-09-17,4473240,Counter-Strike: MOUZ vs NRG (BO3) - StarLadder StarSeries Playoffs,cs2-mouz-nrg-2026-09-17,2026-09-17T16:00:00Z,MOUZ,0.685,NRG,0.315,300650.12490200007,302467.96850500006,58245.5884
2026-09-17T10:32:49+00:00,2026-09-17,1130014,Will A Just Russia – For Truth (SRZP) gain the most seats in the next Russian parliamentary election?,will-a-just-russia-for-truth-srzp-gain-the-most-seats-in-the-next-russian-parliamentary-election,2026-09-30T00:00:00Z,Yes,0.0015,No,0.9985,297414.701,3124007.2769380007,458819.18651
2026-09-17T10:32:49+00:00,2026-09-17,2589810,Will the Fed decrease interest rates by 50+ bps after the October 2026 meeting?,will-the-fed-decrease-interest-rates-by-50-bps-after-the-october-2026-meeting-20260617190324029,2026-10-28T23:59:00Z,Yes,0.0035,No,0.9965,287691.39321599994,687376.0312079999,324548.14506
2026-09-17T10:32:49+00:00,2026-09-17,2589814,Will the Fed increase interest rates by 50+ bps after the October 2026 meeting?,will-the-fed-increase-interest-rates-by-50-bps-after-the-october-2026-meeting-20260617190324033,2026-10-28T23:59:00Z,Yes,0.0065,No,0.9935,283535.422559,633133.557936,287804.54485
2026-09-17T10:32:49+00:00,2026-09-17,4095052,US x Iran Effective Ceasefire by September 4?,us-x-iran-effective-ceasefire-by-september-4,2026-09-04T23:59:00Z,Yes,0.9995,No,0.0005,259416.56966799998,2557969.235060999,514867.06951
2026-09-17T10:32:49+00:00,2026-09-17,2034729,Will the US confirm that aliens exist by September 30?,will-the-us-confirm-that-aliens-exist-by-september-30-396,2026-10-01T03:59:00Z,Yes,0.0055,No,0.9945,226729.802015,5751269.481572,367222.90375
2026-09-17T10:32:49+00:00,2026-09-17,2589811,Will the Fed decrease interest rates by 25 bps after the October 2026 meeting?,will-the-fed-decrease-interest-rates-by-25-bps-after-the-october-2026-meeting-20260617190324030,2026-10-28T23:59:00Z,Yes,0.0065,No,0.9935,226147.36808400002,979031.7045849998,249375.62893
2026-09-17T10:32:49+00:00,2026-09-17,4424911,Counter-Strike: Luminosity vs M80 (BO1) - Logitech G Play Connect Group A,cs2-lg6-m80-2026-09-17,2026-09-17T20:00:00Z,Luminosity,0.525,M80,0.475,222168.09618300005,222739.29801699996,71714.0505
2026-09-17T10:32:49+00:00,2026-09-17,4424872,Counter-Strike: GamerLegion vs Luminosity (BO1) - Logitech G Play Connect Group A,cs2-gl1-lg6-2026-09-17,2026-09-17T15:40:00Z,GamerLegion,0.9995,Luminosity,0.0005,219619.70939100013,221012.88734899997,260786.55627
2026-09-17T10:32:49+00:00,2026-09-17,4424917,Counter-Strike: B8 vs M80 (BO1) - Logitech G Play Connect Group A,cs2-b8-m80-2026-09-17,2026-09-17T21:00:00Z,B8,0.585,M80,0.415,215629.08456600003,218137.80574199994,111003.948
2026-09-17T10:32:49+00:00,2026-09-17,559693,Will Ruben Gallego win the 2028 Democratic presidential nomination?,will-ruben-gallego-win-the-2028-democratic-presidential-nomination,2028-11-07T00:00:00Z,Yes,0.0005,No,0.9995,200075.0,8763817.363940999,906267.01033
2026-09-17T10:32:49+00:00,2026-09-17,4424884,Counter-Strike: B8 vs GamerLegion (BO1) - Logitech G Play Connect Group A,cs2-b8-gl1-2026-09-17,2026-09-17T16:30:00Z,B8,0.595,GamerLegion,0.405,171520.80340800004,172771.69689699993,91923.8017
2026-09-17T10:32:49+00:00,2026-09-17,567621,Will China invade Taiwan by end of 2026?,will-china-invade-taiwan-before-2027,2026-12-31T00:00:00Z,Yes,0.0385,No,0.9615,171130.65964700008,41743536.597463906,644090.61124
2026-09-17T10:32:49+00:00,2026-09-17,4611052,Rennes: Anton Matusevich vs Tristan Schoolkate,atp-matusev-schoolk-2026-09-17,2026-09-24T08:00:00Z,Anton Matusevich,0.725,Tristan Schoolkate,0.275,169437.660293,169429.650293,145217.7307
2026-09-17T10:32:49+00:00,2026-09-17,4441305,"Will the price of Bitcoin be above $72,000 on September 17?",bitcoin-above-72k-on-september-17-2026,2026-09-17T16:00:00Z,Yes,0.9985,No,0.0015,150994.87384399993,170494.565059,56481.93652
2026-09-17T10:32:49+00:00,2026-09-17,4591496,Guangzhou: Alexandr Binda vs Fajing Sun,atp-binda-su-2026-09-17,2026-09-24T08:00:00Z,Alexandr Binda,0.716,Fajing Sun,0.284,146774.290233,146404.10643,93958.3192
2026-09-17T10:32:49+00:00,2026-09-17,1130016,Will New People (NL) gain the most seats in the next Russian parliamentary election?,will-new-people-nl-gain-the-most-seats-in-the-next-russian-parliamentary-election,2026-09-30T00:00:00Z,Yes,0.2235,No,0.7765,145938.94352000012,3344495.712804,229772.78575
2026-09-17T10:32:49+00:00,2026-09-17,4208332,Will Real Betis Balompié win on 2026-09-17?,lal-bet-get-2026-09-17-bet,2026-09-17T17:00:00Z,Yes,0.585,No,0.415,144474.39851199987,159806.44422300003,322490.297
2026-09-17T10:32:49+00:00,2026-09-17,2774057,Strait of Hormuz traffic returns to normal by September 30?,strait-of-hormuz-traffic-returns-to-normal-by-september-30-20260702154339440,2026-09-30T00:00:00Z,Yes,0.0085,No,0.9915,142963.84537800003,8815890.882933998,385590.08683
2026-09-17T10:32:49+00:00,2026-09-17,1130013,Will the Communist Party of the Russian Federation (KPRF) gain the most seats in the next Russian parliamentary election?,will-the-communist-party-of-the-russian-federation-kprf-gain-the-most-seats-in-the-next-russian-parliamentary-election,2026-09-30T00:00:00Z,Yes,0.0105,No,0.9895,141155.83222600003,2244688.9482520013,181738.14874
2026-09-17T10:32:49+00:00,2026-09-17,4441303,"Will the price of Bitcoin be above $70,000 on September 17?",bitcoin-above-70k-on-september-17-2026,2026-09-17T16:00:00Z,Yes,0.9995,No,0.0005,141011.214626,171922.54544999998,43440.55744
2026-09-17T10:32:49+00:00,2026-09-17,4441312,"Will the price of Bitcoin be above $78,000 on September 17?",bitcoin-above-78k-on-september-17-2026,2026-09-17T16:00:00Z,Yes,0.027,No,0.973,139785.67740100005,152345.52748699998,51263.97208
2026-09-17T10:32:49+00:00,2026-09-17,559651,Xi Jinping out before 2027?,xi-jinping-out-before-2027,2027-01-01T04:59:00Z,Yes,0.0435,No,0.9565,128073.06294299998,13411282.490393993,414434.75153
2026-09-17T10:32:49+00:00,2026-09-17,4424890,Counter-Strike: M80 vs GamerLegion (BO1) - Logitech G Play Connect Group A,cs2-m80-gl1-2026-09-17,2026-09-17T17:00:00Z,M80,0.515,GamerLegion,0.485,127239.84967200011,127619.11624800003,72061.6588
2026-09-17T10:32:49+00:00,2026-09-17,608541,Will Erling Haaland win the 2026 Ballon d'Or?,will-erling-haaland-win-the-2026-ballon-dor,2026-10-31T00:00:00Z,Yes,0.0025,No,0.9975,122248.816334,1883131.8056669994,324288.66549
2026-09-17T10:32:49+00:00,2026-09-17,701502,"Will Bitcoin dip to $45,000 by December 31, 2026?",will-bitcoin-dip-to-45000-by-december-31-2026-674-923-755-971-998-525-926-245-316-517-544-589-965-923-986-841-815-224-586-231-289-533-573,2027-01-01T05:00:00Z,Yes,0.075,No,0.925,119989.078089,7419526.864054,261629.9055
2026-09-17T10:32:49+00:00,2026-09-17,4354840,"Will Elon Musk post 160-179 tweets from September 11 to September 18, 2026?",elon-musk-of-tweets-september-11-september-18-2026-160-179,2026-09-18T16:00:00Z,Yes,0.0895,No,0.9105,117174.16723099996,214524.457271,27441.38948
2026-09-17T10:32:49+00:00,2026-09-17,4441308,"Will the price of Bitcoin be above $74,000 on September 17?",bitcoin-above-74k-on-september-17-2026,2026-09-17T16:00:00Z,Yes,0.99,No,0.01,116670.82458499998,150077.49111099995,45816.14302
2026-09-17T10:32:49+00:00,2026-09-17,616903,Will 1 Fed rate cut happen in 2026?,will-1-fed-rate-cut-happen-in-2026,2026-12-31T00:00:00Z,Yes,0.0175,No,0.9825,115688.69569100004,3160173.2780460003,339002.33606
2026-09-17T10:32:49+00:00,2026-09-17,4441301,"Will the price of Bitcoin be above $68,000 on September 17?",bitcoin-above-68k-on-september-17-2026,2026-09-17T16:00:00Z,Yes,0.999,No,0.001,115203.44428800001,137486.96005,59887.17193
2026-09-17T10:32:49+00:00,2026-09-17,559699,Will Elissa Slotkin win the 2028 Democratic presidential nomination?,will-elissa-slotkin-win-the-2028-democratic-presidential-nomination,2028-11-07T00:00:00Z,Yes,0.0015,No,0.9985,114509.3215,1297523.3427810003,1449357.25156
2026-09-17T10:32:49+00:00,2026-09-17,4205711,Will Manchester City FC win on 2026-09-17?,efl-mnc-nor-2026-09-17-mnc,2026-09-17T18:30:00Z,Yes,0.895,No,0.105,111828.768835,117046.809452,155119.8815
2026-09-17T10:32:49+00:00,2026-09-17,663583,Will the Iranian regime fall before 2027?,will-the-iranian-regime-fall-by-the-end-of-2026,2027-01-01T04:59:00Z,Yes,0.065,No,0.935,110930.28243199996,26036736.335426006,682842.3499
2026-09-17T10:32:49+00:00,2026-09-17,562828,"2026 Balance of Power: D Senate, D House",2026-balance-of-power-d-senate-d-house-949,2026-11-03T00:00:00Z,Yes,0.595,No,0.405,109528.02371500005,3264197.332226999,244042.0719
2026-09-17T10:32:49+00:00,2026-09-17,4588760,Bitcoin Up or Down on September 17?,bitcoin-up-or-down-on-september-17-2026,2026-09-17T16:00:00Z,Up,0.835,Down,0.165,105509.23222500003,105630.91300999999,39030.7395
2026-09-17T10:32:49+00:00,2026-09-17,1129894,Will United Russia (ER) win the most seats in the next Russian parliamentary election?,will-united-russia-er-win-the-most-seats-in-the-next-russian-parliamentary-election,2026-09-30T00:00:00Z,Yes,0.9925,No,0.0075,103601.18774100003,1286918.663782,197961.12637
2026-09-17T10:32:49+00:00,2026-09-17,4441316,"Will the price of Bitcoin be above $82,000 on September 17?",bitcoin-above-82k-on-september-17-2026,2026-09-17T16:00:00Z,Yes,0.0005,No,0.9995,101956.82639799999,132980.25128,58035.46521
2026-09-17T10:32:49+00:00,2026-09-17,3399203,Russia Elections: Yabloko Clears Duma Threshold?,russia-elections-yabloko-clears-duma-threshold,2026-09-20T23:59:00Z,Yes,0.004,No,0.996,101610.086985,843336.144427,117784.64978
2026-09-17T10:32:49+00:00,2026-09-17,1130020,Will Yabloko gain the most seats in the next Russian parliamentary election?,will-yabloko-gain-the-most-seats-in-the-next-russian-parliamentary-election,2026-09-30T00:00:00Z,Yes,0.0025,No,0.9975,99971.59347099999,2246552.790027,352756.81212
2026-09-17T10:32:49+00:00,2026-09-17,4487273,Saudi Oil Pipeline (East-West) restarts by September 30?,saudi-oil-pipeline-east-west-restarts-by-september-30,2026-10-01T03:59:00Z,Yes,0.685,No,0.315,98711.37091500002,244709.72246599998,71051.0428
2026-09-17T10:32:49+00:00,2026-09-17,4473250,Counter-Strike: Natus Vincere vs Aurora Gaming (BO3) - StarLadder StarSeries Playoffs,cs2-navi-aur1-2026-09-17,2026-09-17T21:00:00Z,Natus Vincere,0.535,Aurora Gaming,0.465,94212.49862499995,115881.56863600003,211762.4243
2026-09-17T10:32:49+00:00,2026-09-17,789957,Will Linke win the most seats in the 2026 Berlin state elections?,will-linke-win-the-most-seats-in-the-2026-berlin-state-elections,2026-09-20T00:00:00Z,Yes,0.615,No,0.385,94093.35283500001,379138.396497,100036.4028
2026-09-17T10:32:49+00:00,2026-09-17,682711,Will Yossi Cohen be the next Prime Minister of Israel?,will-yossi-cohen-be-the-next-prime-minister-of-israel,2026-12-31T00:00:00Z,Yes,0.0025,No,0.9975,93920.20166699999,2665348.871361999,224842.34389
2026-09-17T10:32:49+00:00,2026-09-17,3702045,"US announces end of Iranian blockade by September 21, 2026?",us-announces-end-of-iranian-blockade-by-september-21-2026,2026-09-22T03:59:00Z,Yes,0.031,No,0.969,90879.82406900001,1040414.976122,132905.40786
2026-09-17T10:32:49+00:00,2026-09-17,4208338,Will Villarreal CF win on 2026-09-17?,lal-mala-vil-2026-09-17-vil,2026-09-17T19:30:00Z,Yes,0.495,No,0.505,90530.246674,114737.69319600001,365636.7412
2026-09-17T10:32:49+00:00,2026-09-17,4350135,LSU vs. Ole Miss,cfb-lsu-miss-2026-09-19,2026-09-19T23:30:00Z,LSU,0.545,Ole Miss,0.455,90250.855339,91915.40435499996,42339.02
2026-09-17T10:32:49+00:00,2026-09-17,665374,Will the U.S. invade Iran before 2027?,will-the-us-invade-iran-before-2027,2027-01-01T04:59:00Z,Yes,0.165,No,0.835,90232.79654199995,66502586.157867014,766333.7488
2026-09-17T10:32:49+00:00,2026-09-17,4182987,Will Athletic Club win on 2026-09-16?,lal-lev-bil-2026-09-16-bil,2026-09-16T19:30:00Z,Yes,0.395,No,0.605,89663.87118100001,95743.27968199996,1440.5422
2026-09-17T10:32:49+00:00,2026-09-17,3701690,Israel closes its airspace by September 30?,israel-closes-its-airspace-by-september-30,2026-10-01T03:59:00Z,Yes,0.985,No,0.015,88257.12337,3226019.4168090005,192672.65766
2026-09-17T10:32:49+00:00,2026-09-17,1130015,Will the Liberal Democratic Party of Russia (LDPR) gain the most seats in the next Russian parliamentary election?,will-the-liberal-democratic-party-of-russia-ldpr-gain-the-most-seats-in-the-next-russian-parliamentary-election,2026-09-30T00:00:00Z,Yes,0.0235,No,0.9765,87789.02851999999,4013870.155700001,252469.71133
2026-09-17T10:32:49+00:00,2026-09-17,1193093,Will Ulf Kristersson be the next Prime Minister of Sweden?,will-ulf-kristersson-be-the-next-prime-minister-of-sweden,2026-09-13T00:00:00Z,Yes,0.055,No,0.945,87506.583536,1434345.1253520006,123337.8511
2026-09-17T10:32:49+00:00,2026-09-17,1193094,Will Magdalena Andersson be the next Prime Minister of Sweden?,will-magdalena-andersson-be-the-next-prime-minister-of-sweden,2026-09-13T00:00:00Z,Yes,0.935,No,0.065,87130.647974,1860838.0000919995,110177.3208
2026-09-17T10:32:49+00:00,2026-09-17,2661519,No change in Bank of England’s interest rates after September 2026 meeting?,no-change-in-bank-of-englands-interest-rates-after-september-2026-meeting-20260623013424711,2026-09-17T23:59:00Z,Yes,0.985,No,0.015,85969.64090500001,244065.67225899998,25032.91205
2026-09-17T10:32:49+00:00,2026-09-17,3861943,Moscow air traffic suspended by September 15?,moscow-air-traffic-suspended-by-september-15-20260824,2026-09-16T03:59:00Z,Yes,0.0005,No,0.9995,85912.099547,114682.811241,321318.84873
2026-09-17T10:32:49+00:00,2026-09-17,2170255,Bab el-Mandeb Strait effectively closed by September 30?,bab-el-mandeb-strait-effectively-closed-by-september-30-999-671-939,2026-10-01T03:59:00Z,Yes,0.035,No,0.965,85715.45836299998,3151607.1566359997,162617.52213
2026-09-17T10:32:49+00:00,2026-09-17,4473238,Counter-Strike: MOUZ vs NRG - Map 1 Winner,cs2-mouz-nrg-2026-09-17-game1,2026-09-17T14:00:00Z,MOUZ,0.31,NRG,0.69,85436.33595999995,84501.37929299999,22854.4646
2026-09-17T10:32:49+00:00,2026-09-17,4473246,Counter-Strike: Vitality vs magic (BO3) - StarLadder StarSeries Playoffs,cs2-vit-mgc-2026-09-17,2026-09-17T18:30:00Z,Vitality,0.895,magic,0.105,85248.28088900002,164445.40902500003,115177.6741
2026-09-17T10:32:49+00:00,2026-09-17,4424899,Counter-Strike: Luminosity vs B8 (BO1) - Logitech G Play Connect Group A,cs2-lg6-b8-2026-09-17,2026-09-17T18:00:00Z,Luminosity,0.435,B8,0.565,84785.68478,87331.157032,67830.1445
2026-09-17T10:32:49+00:00,2026-09-17,4052417,"Will Bitcoin reach $90,000 in September?",will-bitcoin-reach-90k-in-september-2026,2026-10-01T04:00:00Z,Yes,0.0325,No,0.9675,84338.931042,317604.78028500004,141726.18439
2026-09-17T10:32:49+00:00,2026-09-17,4612960,Map Handicap: VIT (-1.5) vs magic (+1.5),cs2-vit-mgc-2026-09-17-map-handicap-away-1pt5,2026-09-17T18:30:00Z,Vitality,0.695,magic,0.305,79961.37931899997,79961.37931899999,68754.7933
2026-09-17T10:32:49+00:00,2026-09-17,4576429,Will the highest temperature in Wuhan be 20°C or below on September 17?,highest-temperature-in-wuhan-on-september-17-2026-20corbelow,2026-09-17T12:00:00Z,Yes,0.0005,No,0.9995,77114.94447999996,79401.57011099998,9842.06126
2026-09-17T10:32:49+00:00,2026-09-17,3128888,"US announces end of Iranian blockade by October 31, 2026?",us-announces-end-of-iranian-blockade-by-october-31-2026-20260727171711632-895-372-622-413-171-454-592-696,2026-11-01T03:59:00Z,Yes,0.355,No,0.645,77071.93488599999,1333305.1689920002,115128.372
2026-09-17T10:32:49+00:00,2026-09-17,4237382,Will FC Bayern München win on 2026-09-18?,bun-bay-uni-2026-09-18-bay,2026-09-18T18:30:00Z,Yes,0.925,No,0.075,76627.002807,96143.382557,336002.4006
2026-09-17T10:32:49+00:00,2026-09-17,4424914,Counter-Strike: Luminosity vs NIP (BO1) - Logitech G Play Connect Group A,cs2-lg6-nip-2026-09-17,2026-09-17T21:00:00Z,Luminosity,0.445,NIP,0.555,75155.911124,75646.20561599999,21589.3421
2026-09-17T10:32:49+00:00,2026-09-17,1364103,Will AfD win the most seats in the 2026 Mecklenburg-Vorpommern parliamentary elections?,will-afd-win-the-most-seats-in-the-2026-mecklenburg-vorpommern-parliamentary-elections,2026-09-20T00:00:00Z,Yes,0.735,No,0.265,73810.80265999999,475604.97516199993,98048.6595
2026-09-17T10:32:49+00:00,2026-09-17,562803,Will the Republican Party control the House after the 2026 Midterm elections?,will-the-republican-party-control-the-house-after-the-2026-midterm-elections,2026-11-03T00:00:00Z,Yes,0.115,No,0.885,69468.374334,4802841.435036999,1126375.3998
2026-09-17T10:32:49+00:00,2026-09-17,2589857,Will the Bank of Japan announce a 50+ bps increase at the September 2026 meeting?,will-the-bank-of-japan-announce-a-50-bps-increase-at-the-september-2026-meeting-20260616223724871,2026-09-18T15:59:00Z,Yes,0.0015,No,0.9985,69075.598029,291324.349939,148940.23923
2026-09-17T10:32:49+00:00,2026-09-17,601825,Will Renan Santos win the 2026 Brazilian presidential election?,will-renan-santos-win-the-2026-brazilian-presidential-election,2026-10-04T00:00:00Z,Yes,0.0125,No,0.9875,68883.780484,13591823.942781,426736.11701
2026-09-17T10:32:49+00:00,2026-09-17,616904,Will 2 Fed rate cuts happen in 2026?,will-2-fed-rate-cuts-happen-in-2026,2026-12-31T00:00:00Z,Yes,0.003,No,0.997,68554.937816,3167424.184945001,152939.06785
2026-09-17T10:32:49+00:00,2026-09-17,666861,Trump out as President before 2027?,trump-out-as-president-before-2027,2027-01-01T04:59:00Z,Yes,0.055,No,0.945,67518.985984,11717750.708310995,338423.2986
2026-09-17T10:32:49+00:00,2026-09-17,4589627,"Will Ethereum reach $2,600 in September?",will-ethereum-reach-2600-in-september-2026-from-september-15,2026-10-01T04:00:00Z,Yes,0.485,No,0.515,67304.332508,137762.719997,52856.4481
2026-09-17T10:32:49+00:00,2026-09-17,561262,Will James Talarico win the 2028 US Presidential Election?,will-james-talarico-win-the-2028-us-presidential-election,2028-11-07T00:00:00Z,Yes,0.0075,No,0.9925,66886.85013899999,7229364.520893999,738903.60376
2026-09-17T10:32:49+00:00,2026-09-17,4473254,Counter-Strike: FURIA vs MIBR (BO3) - StarLadder StarSeries Playoffs,cs2-furia-mibr-2026-09-17,2026-09-17T23:30:00Z,FURIA,0.695,MIBR,0.305,66695.45146699999,71906.794179,153176.3832
2026-09-17T10:32:49+00:00,2026-09-17,4277533,Will FC Barcelona win on 2026-09-19?,lal-sev-bar-2026-09-19-bar,2026-09-19T19:00:00Z,Yes,0.825,No,0.175,66375.84470599997,83592.30557599998,115799.9827
2026-09-17T10:32:49+00:00,2026-09-17,3399458,Israel x Iran ceasefire continues through September 30?,israel-x-iran-ceasefire-continues-through-september-30,2026-09-30T20:29:00Z,Yes,0.925,No,0.075,65005.388992,2175610.8245630013,129195.8823
2026-09-17T10:32:49+00:00,2026-09-17,4052431,"Will Bitcoin dip to $65,000 in September?",will-bitcoin-dip-to-65k-in-september-2026,2026-10-01T04:00:00Z,Yes,0.0425,No,0.9575,63729.87453200001,464004.844324,137551.90625
2026-09-17T10:32:49+00:00,2026-09-17,4174638,"Will Donald Trump publicly insult Kevin Warsh by September 30, 2026?",will-donald-trump-publicly-insult-kevin-warsh-by-september-30-2026,2026-09-30T23:59:00Z,Yes,0.08,No,0.92,63297.60136900002,72708.77479200001,5942.515
2026-09-17T10:32:49+00:00,2026-09-17,679035,Will Ségolène Royal win the 2027 French presidential election?,will-sgolne-royal-win-the-2027-french-presidential-election,2027-04-30T00:00:00Z,Yes,0.001,No,0.999,62855.94166699999,6378626.606691,152195.29705
2026-09-17T10:32:49+00:00,2026-09-17,3517192,Lions vs. Bills: O/U 54.5,nfl-det-buf-2026-09-18-total-54pt5,2026-09-18T00:15:00Z,Over,0.525,Under,0.475,62788.967193999975,67421.406397,188676.6907
2026-09-17T10:32:49+00:00,2026-09-17,4629399,Counter-Strike: G2 Ares vs Misa Esports (BO3) - European Pro League Series 9 Group B,cs2-g2a-mis-2026-09-17,2026-09-17T14:00:00Z,G2 Ares,0.875,Misa Esports,0.125,62186.49305700005,62186.493057,13022.6482
2026-09-17T10:32:49+00:00,2026-09-17,4441314,"Will the price of Bitcoin be above $80,000 on September 17?",bitcoin-above-80k-on-september-17-2026,2026-09-17T16:00:00Z,Yes,0.003,No,0.997,61378.47703099998,174163.14974199995,59584.32381
2026-09-17T10:32:49+00:00,2026-09-17,4384970,Spread: SF (-12.5),nfl-mia-sf-2026-09-20-spread-home-12pt5,2026-09-20T20:25:00Z,SF,0.515,MIA,0.485,61215.89775,61215.89774999999,55113.8963
2026-09-17T10:32:49+00:00,2026-09-17,4350044,NC State vs. Vanderbilt,cfb-ncst-vand-2026-09-19,2026-09-19T16:45:00Z,NC State,0.395,Vanderbilt,0.605,60139.224374,76438.820337,32963.0136
2026-09-17T10:32:49+00:00,2026-09-17,4223147,Will Beşiktaş JK win on 2026-09-17?,uel-bes-olm-2026-09-17-bes,2026-09-17T19:00:00Z,Yes,0.535,No,0.465,59872.29555100001,141534.09359999996,228549.1765
2026-09-17T10:32:49+00:00,2026-09-17,3398287,Lions vs. Bills,nfl-det-buf-2026-09-18,2026-09-18T00:15:00Z,Lions,0.325,Bills,0.675,59700.201855,91485.925291,2761948.3084
2026-09-17T10:32:49+00:00,2026-09-17,3562254,Will Moderate Party (M) win at least 20% of all valid votes?,will-moderate-party-m-win-at-least-20-of-all-valid-votes-20260812172636434,2026-09-13T00:00:00Z,Yes,0.0015,No,0.9985,59671.61921,154053.799803,42389.3486
2026-09-17T10:32:49+00:00,2026-09-17,4174612,Trump out as President by September 30?,dtrump-out-as-president-by-september-30,2026-10-01T03:59:00Z,Yes,0.0065,No,0.9935,59600.214747,951320.5091780003,197506.10927
2026-09-17T10:32:49+00:00,2026-09-17,608566,Will Rodri win the 2026 Ballon d'Or?,will-rodri-win-the-2026-ballon-dor,2026-10-31T00:00:00Z,Yes,0.045,No,0.955,58674.100375,1828033.6497569997,199979.5359
2026-09-18T10:08:56+00:00,2026-09-18,4331476,LoL: Team WE vs JD Gaming - Game 1 Winner,lol-we-jdg-2026-09-18-game1,2026-09-18T13:00:00Z,Team WE,0.9995,JD Gaming,0.0005,1285375.1960950005,1285388.1918099998,1856150.73071
2026-09-18T10:08:56+00:00,2026-09-18,4331480,LoL: Team WE vs JD Gaming (BO5) - LPL Regional Finals Playoffs,lol-we-jdg-2026-09-18,2026-09-18T15:00:00Z,Team WE,0.615,JD Gaming,0.385,717583.6509070009,738037.4657950008,167340.2391
2026-09-18T10:08:56+00:00,2026-09-18,4237382,Will FC Bayern München win on 2026-09-18?,bun-bay-uni-2026-09-18-bay,2026-09-18T18:30:00Z,Yes,0.935,No,0.065,633662.4555200005,729805.838077,474890.925
2026-09-18T10:08:56+00:00,2026-09-18,679025,Will François Ruffin win the 2027 French presidential election?,will-franois-ruffin-win-the-2027-french-presidential-election,2027-04-30T00:00:00Z,Yes,0.004,No,0.996,566476.053,4304129.071294,136167.12224
2026-09-18T10:08:56+00:00,2026-09-18,567621,Will China invade Taiwan by end of 2026?,will-china-invade-taiwan-before-2027,2026-12-31T00:00:00Z,Yes,0.0385,No,0.9615,541643.3765270001,42284559.055764444,620356.66516
2026-09-18T10:08:56+00:00,2026-09-18,1130012,Will United Russia (ER) gain the most seats in the next Russian parliamentary election?,will-united-russia-er-gain-the-most-seats-in-the-next-russian-parliamentary-election,2026-09-30T00:00:00Z,Yes,0.765,No,0.235,539928.6786150001,12139180.199688997,698050.7861
2026-09-18T10:08:56+00:00,2026-09-18,4641782,Counter-Strike: MOUZ vs Natus Vincere (BO3) - StarLadder StarSeries Playoffs,cs2-mouz-navi-2026-09-18,2026-09-18T16:00:00Z,MOUZ,0.735,Natus Vincere,0.265,469567.43211100006,469567.4321109998,41407.6189
2026-09-18T10:08:56+00:00,2026-09-18,560317,"Putin out as President of Russia by December 31, 2026?",putin-out-before-2027-346,2027-01-01T04:59:00Z,Yes,0.045,No,0.955,459583.873176,21794577.53703198,887521.3352
2026-09-18T10:08:56+00:00,2026-09-18,2589812,Will there be no change in Fed interest rates after the October 2026 meeting?,will-there-be-no-change-in-fed-interest-rates-after-the-october-2026-meeting-20260617190324031,2026-10-28T23:59:00Z,Yes,0.475,No,0.525,455591.8578400001,1977528.0616620008,403390.3664
2026-09-18T10:08:56+00:00,2026-09-18,2589811,Will the Fed decrease interest rates by 25 bps after the October 2026 meeting?,will-the-fed-decrease-interest-rates-by-25-bps-after-the-october-2026-meeting-20260617190324030,2026-10-28T23:59:00Z,Yes,0.0065,No,0.9935,431978.8635460001,1406786.4581309997,504031.16362
2026-09-18T10:08:56+00:00,2026-09-18,2772194,Will Shakhtar Donetsk win the 2026-27 UEFA Champions League Championship?,will-shakhtar-donetsk-win-the-2026-27-uefa-champions-league-championship-20260701202025578,2027-05-30T23:59:00Z,Yes,0.0015,No,0.9985,427626.43,19130895.492,426720.59548
2026-09-18T10:08:56+00:00,2026-09-18,2589810,Will the Fed decrease interest rates by 50+ bps after the October 2026 meeting?,will-the-fed-decrease-interest-rates-by-50-bps-after-the-october-2026-meeting-20260617190324029,2026-10-28T23:59:00Z,Yes,0.0035,No,0.9965,364332.116333,1047458.0375409999,339752.90947
2026-09-18T10:08:56+00:00,2026-09-18,2589813,Will the Fed increase interest rates by 25 bps after the October 2026 meeting?,will-the-fed-increase-interest-rates-by-25-bps-after-the-october-2026-meeting-20260617190324032,2026-10-28T23:59:00Z,Yes,0.515,No,0.485,358603.25248900003,1595455.5867629999,575345.2477
2026-09-18T10:08:56+00:00,2026-09-18,2771333,Will Leeds United win the 2026-27 English Premier League (EPL) Championship?,will-leeds-united-win-the-2026-27-english-premier-league-epl-championship-20260701200428759,2027-05-30T23:59:00Z,Yes,0.0015,No,0.9985,340783.18999999994,791637.100272,767785.38424
2026-09-18T10:08:56+00:00,2026-09-18,2589814,Will the Fed increase interest rates by 50+ bps after the October 2026 meeting?,will-the-fed-increase-interest-rates-by-50-bps-after-the-october-2026-meeting-20260617190324033,2026-10-28T23:59:00Z,Yes,0.0075,No,0.9925,332842.094526,955557.6524619999,214817.87179
2026-09-18T10:08:56+00:00,2026-09-18,665374,Will the U.S. invade Iran before 2027?,will-the-us-invade-iran-before-2027,2027-01-01T04:59:00Z,Yes,0.165,No,0.835,311086.323858,66813242.001725025,836938.8296
2026-09-18T10:08:56+00:00,2026-09-18,4237425,Will Chelsea FC win on 2026-09-18?,epl-bre-che-2026-09-18-che,2026-09-18T19:00:00Z,Yes,0.385,No,0.615,275631.7920180001,346527.5207710001,587144.1195
2026-09-18T10:08:56+00:00,2026-09-18,4425104,Counter-Strike: Liquid vs Infinite (BO1) - Logitech G Play Connect Group B,cs2-tl1-inf6-2026-09-18,2026-09-18T15:15:00Z,Liquid,0.9995,Infinite,0.0005,233665.2969239999,234914.72420199998,495218.36003
2026-09-18T10:08:56+00:00,2026-09-18,701502,"Will Bitcoin dip to $45,000 by December 31, 2026?",will-bitcoin-dip-to-45000-by-december-31-2026-674-923-755-971-998-525-926-245-316-517-544-589-965-923-986-841-815-224-586-231-289-533-573,2027-01-01T05:00:00Z,Yes,0.055,No,0.945,229090.75286,7648617.6169139985,361612.1629
2026-09-18T10:08:56+00:00,2026-09-18,1129894,Will United Russia (ER) win the most seats in the next Russian parliamentary election?,will-united-russia-er-win-the-most-seats-in-the-next-russian-parliamentary-election,2026-09-30T00:00:00Z,Yes,0.9955,No,0.0045,225960.42952000003,1512879.0933019994,276574.61554
2026-09-18T10:08:56+00:00,2026-09-18,3482626,Bengals vs. Texans,nfl-cin-hou-2026-09-20,2026-09-20T17:00:00Z,Bengals,0.425,Texans,0.575,211921.62237199998,243392.14336199997,623268.6835
2026-09-18T10:08:56+00:00,2026-09-18,1163699,Clarity Act (H.R.3633) signed into law in 2026?,clarity-act-signed-into-law-in-2026,2027-01-01T05:00:00Z,Yes,0.0805,No,0.9195,202330.96107899997,21714294.286362,631520.34906
2026-09-18T10:08:56+00:00,2026-09-18,4657631,Counter-Strike: magic vs MIBR (BO3) - StarLadder StarSeries Playoffs,cs2-mgc-mibr-2026-09-18,2026-09-18T18:30:00Z,magic,0.305,MIBR,0.695,200588.04023,200571.2146100001,192759.8871
2026-09-18T10:08:56+00:00,2026-09-18,4425101,Counter-Strike: 3DMAX vs EYEBALLERS (BO1) - Logitech G Play Connect Group B,cs2-3dmax-eye-2026-09-18,2026-09-18T16:00:00Z,3DMAX,0.565,EYEBALLERS,0.435,185348.95771000008,185402.53104300002,32191.1809
2026-09-18T10:08:56+00:00,2026-09-18,1364105,Will SPD win the most seats in the 2026 Mecklenburg-Vorpommern parliamentary elections?,will-spd-win-the-most-seats-in-the-2026-mecklenburg-vorpommern-parliamentary-elections,2026-09-20T00:00:00Z,Yes,0.565,No,0.435,182330.32581200002,570545.521123,94286.9065
2026-09-18T10:08:56+00:00,2026-09-18,1364103,Will AfD win the most seats in the 2026 Mecklenburg-Vorpommern parliamentary elections?,will-afd-win-the-most-seats-in-the-2026-mecklenburg-vorpommern-parliamentary-elections,2026-09-20T00:00:00Z,Yes,0.435,No,0.565,181459.69043900006,657064.665601,103603.5892
2026-09-18T10:08:56+00:00,2026-09-18,4237403,Will 1. FC Union Berlin win on 2026-09-18?,bun-bay-uni-2026-09-18-uni,2026-09-18T18:30:00Z,Yes,0.0185,No,0.9815,176453.3868379999,193348.714477,215947.27839
2026-09-18T10:08:56+00:00,2026-09-18,4350026,Portland State vs. Oregon,cfb-portst-ore-2026-09-18,2026-09-19T02:30:00Z,Portland State,0.0015,Oregon,0.9985,176176.657501,433292.455501,408673.22077
2026-09-18T10:08:56+00:00,2026-09-18,4470877,"Will the price of Bitcoin be above $80,000 on September 18?",bitcoin-above-80k-on-september-18-2026,2026-09-18T16:00:00Z,Yes,0.0445,No,0.9555,161364.369438,218282.46446300007,58832.79803
2026-09-18T10:08:56+00:00,2026-09-18,601819,Will Luiz Inácio Lula da Silva win the 2026 Brazilian presidential election?,will-luiz-incio-lula-da-silva-win-the-2026-brazilian-presidential-election,2026-10-04T00:00:00Z,Yes,0.425,No,0.575,152823.68280400004,11331497.169128,333629.1588
2026-09-18T10:08:56+00:00,2026-09-18,4641835,Map Handicap: MOUZ (-1.5) vs Natus Vincere (+1.5),cs2-mouz-navi-2026-09-18-map-handicap-away-1pt5,2026-09-18T16:00:00Z,MOUZ,0.51,Natus Vincere,0.49,151147.42863600003,151147.42863600003,16655.5148
2026-09-18T10:08:56+00:00,2026-09-18,3702045,"US announces end of Iranian blockade by September 21, 2026?",us-announces-end-of-iranian-blockade-by-september-21-2026,2026-09-22T03:59:00Z,Yes,0.0215,No,0.9785,147754.80185999998,1187424.5115849997,125303.95264
2026-09-18T10:08:56+00:00,2026-09-18,1130014,Will A Just Russia – For Truth (SRZP) gain the most seats in the next Russian parliamentary election?,will-a-just-russia-for-truth-srzp-gain-the-most-seats-in-the-next-russian-parliamentary-election,2026-09-30T00:00:00Z,Yes,0.0015,No,0.9985,143180.526,3267162.131938,389005.6034
2026-09-18T10:08:56+00:00,2026-09-18,601828,Will Romeu Zema win the 2026 Brazilian presidential election?,will-romeu-zema-win-the-2026-brazilian-presidential-election,2026-10-04T00:00:00Z,Yes,0.0015,No,0.9985,141409.354,7568369.374735999,408323.73538
2026-09-18T10:08:56+00:00,2026-09-18,4470871,"Will the price of Bitcoin be above $74,000 on September 18?",bitcoin-above-74k-on-september-18-2026,2026-09-18T16:00:00Z,Yes,0.9975,No,0.0025,141297.169511,162727.520132,53771.30931
2026-09-18T10:08:56+00:00,2026-09-18,4631012,Counter-Strike: Black Phoenix vs Lavked (BO3) - CCT Europe Series #9 Group Stage,cs2-blackp-lavked-2026-09-18,2026-09-18T17:00:00Z,Black Phoenix,0.815,Lavked,0.185,140116.51431100004,143972.00672200002,23965.4019
2026-09-18T10:08:56+00:00,2026-09-18,2774057,Strait of Hormuz traffic returns to normal by September 30?,strait-of-hormuz-traffic-returns-to-normal-by-september-30-20260702154339440,2026-09-30T00:00:00Z,Yes,0.0065,No,0.9935,135579.242552,8951470.125486,538319.52746
2026-09-18T10:08:56+00:00,2026-09-18,3128886,"US announces end of Iranian blockade by December 31, 2026?",us-announces-end-of-iranian-blockade-by-december-31-2026-20260727171803489-375-949-645-919-269-157-255-857,2027-01-01T04:59:00Z,Yes,0.5985,No,0.4015,128852.71077399999,1905838.9205170001,211139.26347
2026-09-18T10:08:56+00:00,2026-09-18,562831,"2026 Balance of Power: R Senate, R House",2026-balance-of-power-r-senate-r-house-537,2026-11-03T00:00:00Z,Yes,0.105,No,0.895,128231.46440099999,3293877.2946729995,461220.854
2026-09-18T10:08:56+00:00,2026-09-18,4233529,Will US Sassuolo Calcio win on 2026-09-18?,sea-mon-sas-2026-09-18-sas,2026-09-18T18:45:00Z,Yes,0.375,No,0.625,126336.791937,126787.492598,293905.4551
2026-09-18T10:08:56+00:00,2026-09-18,4464228,Australia Tour of Zimbabwe ODIs: Zimbabwe vs Australia,crint-zwe-aus-2026-09-18,2026-09-25T03:30:00Z,Zimbabwe,0.0345,Australia,0.9655,123038.08302200002,123274.44150299998,116724.65267
2026-09-18T10:08:56+00:00,2026-09-18,4424920,Counter-Strike: Inner Circle Esports vs BBL (BO1) - Logitech G Play Connect Group B,cs2-ice-bbl1-2026-09-18,2026-09-18T14:50:00Z,Inner Circle Esports,0.9995,BBL,0.0005,122265.15135099995,126642.50024000004,214984.72245
2026-09-18T10:08:56+00:00,2026-09-18,4470880,"Will the price of Bitcoin be above $82,000 on September 18?",bitcoin-above-82k-on-september-18-2026,2026-09-18T16:00:00Z,Yes,0.003,No,0.997,122073.909764,163690.49467299998,62653.90979
2026-09-18T10:08:56+00:00,2026-09-18,4617897,Ljubljana: Samira De Stefano vs Alice Tubello,wta-stefano-tubello-2026-09-17,2026-09-24T08:30:00Z,Samira De Stefano,0.655,Alice Tubello,0.345,117354.36158200003,128740.26447300005,106963.8555
2026-09-18T10:08:56+00:00,2026-09-18,559677,Will Hillary Clinton win the 2028 Democratic presidential nomination?,will-hillary-clinton-win-the-2028-democratic-presidential-nomination,2028-11-07T00:00:00Z,Yes,0.0015,No,0.9985,112089.642,44018838.63847001,2711862.56032
2026-09-18T10:08:56+00:00,2026-09-18,1130016,Will New People (NL) gain the most seats in the next Russian parliamentary election?,will-new-people-nl-gain-the-most-seats-in-the-next-russian-parliamentary-election,2026-09-30T00:00:00Z,Yes,0.193,No,0.807,109858.280893,3453959.281273999,241288.16641
2026-09-18T10:08:56+00:00,2026-09-18,561988,Will Josh Hawley win the 2028 Republican presidential nomination?,will-josh-hawley-win-the-2028-republican-presidential-nomination,2028-11-07T00:00:00Z,Yes,0.0035,No,0.9965,107025.163666,20408028.502185002,996966.5968
2026-09-18T10:08:56+00:00,2026-09-18,559651,Xi Jinping out before 2027?,xi-jinping-out-before-2027,2027-01-01T04:59:00Z,Yes,0.0365,No,0.9635,105764.548362,13517035.468755996,506309.13991
2026-09-18T10:08:56+00:00,2026-09-18,4470873,"Will the price of Bitcoin be above $76,000 on September 18?",bitcoin-above-76k-on-september-18-2026,2026-09-18T16:00:00Z,Yes,0.9895,No,0.0105,100144.85412199999,107331.44098500004,47215.91439
2026-09-18T10:08:56+00:00,2026-09-18,1193093,Will Ulf Kristersson be the next Prime Minister of Sweden?,will-ulf-kristersson-be-the-next-prime-minister-of-sweden,2026-09-13T00:00:00Z,Yes,0.0385,No,0.9615,100006.201024,1534282.5544689996,130459.36786
2026-09-18T10:08:56+00:00,2026-09-18,4470875,"Will the price of Bitcoin be above $78,000 on September 18?",bitcoin-above-78k-on-september-18-2026,2026-09-18T16:00:00Z,Yes,0.6045,No,0.3955,99715.73398199999,127473.69372499999,47322.50931
2026-09-18T10:08:56+00:00,2026-09-18,608566,Will Rodri win the 2026 Ballon d'Or?,will-rodri-win-the-2026-ballon-dor,2026-10-31T00:00:00Z,Yes,0.045,No,0.955,99606.88077500001,1927616.530532,129009.3289
2026-09-18T10:08:56+00:00,2026-09-18,4354856,"Will Elon Musk post 220-239 tweets from September 11 to September 18, 2026?",elon-musk-of-tweets-september-11-september-18-2026-220-239,2026-09-18T16:00:00Z,Yes,0.0035,No,0.9965,99407.79588200003,195908.30277800007,28865.47903
2026-09-18T10:08:56+00:00,2026-09-18,4617749,Bitcoin Up or Down on September 18?,bitcoin-up-or-down-on-september-18-2026,2026-09-18T16:00:00Z,Up,0.9645,Down,0.0355,99063.41380400001,99081.06086499998,45778.28302
2026-09-18T10:08:56+00:00,2026-09-18,1130013,Will the Communist Party of the Russian Federation (KPRF) gain the most seats in the next Russian parliamentary election?,will-the-communist-party-of-the-russian-federation-kprf-gain-the-most-seats-in-the-next-russian-parliamentary-election,2026-09-30T00:00:00Z,Yes,0.0155,No,0.9845,88140.169467,2332804.6077190004,158656.78893
2026-09-18T10:08:56+00:00,2026-09-18,4413392,Will WTI Crude Oil (WTI) hit (LOW) $95 in September?,will-wti-dip-to-95-in-september-2026,2026-10-01T03:59:59.999Z,Yes,0.9995,No,0.0005,87917.89723900003,255542.95323999997,324398.51958
2026-09-18T10:08:56+00:00,2026-09-18,4470881,"Will the price of Bitcoin be above $84,000 on September 18?",bitcoin-above-84k-on-september-18-2026,2026-09-18T16:00:00Z,Yes,0.0015,No,0.9985,86817.07078699999,115220.669777,56791.25207
2026-09-18T10:08:56+00:00,2026-09-18,4350032,Kent State vs. Ohio State,cfb-kentst-ohiost-2026-09-19,2026-09-19T16:00:00Z,Kent State,0.0015,Ohio State,0.9985,85330.146,87530.679334,212192.08995
2026-09-18T10:08:56+00:00,2026-09-18,559658,Will Kamala Harris win the 2028 Democratic presidential nomination?,will-kamala-harris-win-the-2028-democratic-presidential-nomination-641,2028-11-07T00:00:00Z,Yes,0.0965,No,0.9035,81734.777379,13393605.048743986,299584.61162
2026-09-18T10:08:56+00:00,2026-09-18,4338638,"Will Bitcoin reach $80,000 in September?",will-bitcoin-reach-80k-in-september-2026-from-september-7,2026-10-01T04:00:00Z,Yes,0.715,No,0.285,80749.14616700001,467095.211639,84834.577
2026-09-18T10:08:56+00:00,2026-09-18,601826,Will Flávio Bolsonaro win the 2026 Brazilian presidential election?,will-flvio-bolsonaro-win-the-2026-brazilian-presidential-election,2026-10-04T00:00:00Z,Yes,0.5475,No,0.4525,80244.59876000001,10926348.980816998,351426.61431
2026-09-18T10:08:56+00:00,2026-09-18,608545,Will Lamine Yamal win the 2026 Ballon d'Or?,will-lamine-yamal-win-the-2026-ballon-dor,2026-10-31T00:00:00Z,Yes,0.239,No,0.761,79882.485741,2504499.800539,110370.396
2026-09-18T10:08:56+00:00,2026-09-18,682705,Will Benjamin Netanyahu be the next Prime Minister of Israel?,will-benjamin-netanyahu-be-the-next-prime-minister-of-israel,2026-12-31T00:00:00Z,Yes,0.285,No,0.715,79778.47749499998,4050168.506731,245554.4158
2026-09-18T10:08:56+00:00,2026-09-18,4470869,"Will the price of Bitcoin be above $72,000 on September 18?",bitcoin-above-72k-on-september-18-2026,2026-09-18T16:00:00Z,Yes,0.9985,No,0.0015,79089.16877999999,124000.92315100001,50030.97503
2026-09-18T10:08:56+00:00,2026-09-18,4052413,"Will Bitcoin reach $100,000 in September?",will-bitcoin-reach-100k-in-september-2026,2026-10-01T04:00:00Z,Yes,0.0065,No,0.9935,78568.712563,754571.3655499999,289182.18427
2026-09-18T10:08:56+00:00,2026-09-18,4174612,Trump out as President by September 30?,dtrump-out-as-president-by-september-30,2026-10-01T03:59:00Z,Yes,0.0065,No,0.9935,77020.7556,1028341.2647780002,244037.8277
2026-09-18T10:08:56+00:00,2026-09-18,3247642,"US x Iran diplomatic meeting by September 30, 2026?",us-x-iran-diplomatic-meeting-by-september-30-2026,2026-09-30T23:59:00Z,Yes,0.095,No,0.905,76925.247245,1099757.306864,71083.7026
2026-09-18T10:08:56+00:00,2026-09-18,3128887,"US announces end of Iranian blockade by September 30, 2026?",us-announces-end-of-iranian-blockade-by-september-30-2026-20260727171615364-722-649-646-561-213-644-414-831,2026-10-01T03:59:00Z,Yes,0.095,No,0.905,75399.499473,3414743.4837569995,111533.9061
2026-09-18T10:08:56+00:00,2026-09-18,4354854,"Will Elon Musk post 200-219 tweets from September 11 to September 18, 2026?",elon-musk-of-tweets-september-11-september-18-2026-200-219,2026-09-18T16:00:00Z,Yes,0.065,No,0.935,74521.01529,181616.6004959999,9758.8087
2026-09-18T10:08:56+00:00,2026-09-18,4277533,Will FC Barcelona win on 2026-09-19?,lal-sev-bar-2026-09-19-bar,2026-09-19T19:00:00Z,Yes,0.825,No,0.175,74469.16978999999,158029.812719,220204.8263
2026-09-18T10:08:56+00:00,2026-09-18,4354848,"Will Elon Musk post 180-199 tweets from September 11 to September 18, 2026?",elon-musk-of-tweets-september-11-september-18-2026-180-199,2026-09-18T16:00:00Z,Yes,0.935,No,0.065,74035.736608,189084.01624199993,8401.5907
2026-09-18T10:08:56+00:00,2026-09-18,663583,Will the Iranian regime fall before 2027?,will-the-iranian-regime-fall-by-the-end-of-2026,2027-01-01T04:59:00Z,Yes,0.065,No,0.935,73841.75116,26110578.086585995,707859.6141
2026-09-18T10:08:56+00:00,2026-09-18,4516149,Spread: FC Bayern München (-3.5),bun-bay-uni-2026-09-18-spread-home-3pt5,2026-09-18T18:30:00Z,FC Bayern München,0.525,1. FC Union Berlin,0.475,73025.60971599999,81207.67943899998,205738.7621
2026-09-18T10:08:56+00:00,2026-09-18,679018,Will Marine Le Pen win the 2027 French presidential election?,will-marine-le-pen-win-the-2027-french-presidential-election,2027-04-30T00:00:00Z,Yes,0.3645,No,0.6355,72568.248459,2569132.6660999996,334846.35512
2026-09-18T10:08:56+00:00,2026-09-18,2006983,US obtains Iranian enriched uranium by December 31?,us-obtains-iranian-enriched-uranium-by-december-31-725-733-123-574-634,2027-01-01T04:59:00Z,Yes,0.055,No,0.945,72554.466316,2352200.620347,165877.3975
2026-09-18T10:08:56+00:00,2026-09-18,4425116,Counter-Strike: EYEBALLERS vs Liquid (BO1) - Logitech G Play Connect Group B,cs2-eye-tl1-2026-09-18,2026-09-18T17:00:00Z,EYEBALLERS,0.405,Liquid,0.595,72393.51632899999,74882.96962700001,72994.7136
2026-09-18T10:08:56+00:00,2026-09-18,4657928,Map Handicap: MIBR (-1.5) vs magic (+1.5),cs2-mgc-mibr-2026-09-18-map-handicap-home-1pt5,2026-09-18T18:30:00Z,MIBR,0.405,magic,0.595,71976.029873,71634.27546200002,68725.6938
2026-09-18T10:08:56+00:00,2026-09-18,2853074,Bab el-Mandeb Strait effectively closed by December 31?,bab-el-mandeb-strait-effectively-closed-by-december-31-983-117-222-252,2027-01-01T04:59:00Z,Yes,0.185,No,0.815,71683.450921,907252.6485479998,87643.7643
2026-09-18T10:08:56+00:00,2026-09-18,1193094,Will Magdalena Andersson be the next Prime Minister of Sweden?,will-magdalena-andersson-be-the-next-prime-minister-of-sweden,2026-09-13T00:00:00Z,Yes,0.935,No,0.065,71443.49807100001,1932212.8770980006,116141.4811
2026-09-18T10:08:56+00:00,2026-09-18,665513,"Friedrich Merz out as Chancellor of Germany before December 31, 2026?",friedrich-merz-out-as-chancellor-of-germany-before-2027,2027-01-01T04:59:00Z,Yes,0.245,No,0.755,70937.16197,1519315.5411060012,94894.4061
2026-09-18T10:08:56+00:00,2026-09-18,608540,Will Kylian Mbappé win the 2026 Ballon d'Or?,will-kylian-mbapp-win-the-2026-ballon-dor,2026-10-31T00:00:00Z,Yes,0.0865,No,0.9135,68269.89034699998,2376896.410841998,112400.22259
2026-09-18T10:08:56+00:00,2026-09-18,608565,Will Lionel Messi win the 2026 Ballon d'Or?,will-lionel-messi-win-the-2026-ballon-dor,2026-10-31T00:00:00Z,Yes,0.0425,No,0.9575,67687.76503799998,2735709.2006790014,154190.19984
2026-09-18T10:08:56+00:00,2026-09-18,561262,Will James Talarico win the 2028 US Presidential Election?,will-james-talarico-win-the-2028-us-presidential-election,2028-11-07T00:00:00Z,Yes,0.0075,No,0.9925,67576.58914,7236412.020034001,736873.41101
2026-09-18T10:08:56+00:00,2026-09-18,4354860,"Will Elon Musk post 240-259 tweets from September 11 to September 18, 2026?",elon-musk-of-tweets-september-11-september-18-2026-240-259,2026-09-18T16:00:00Z,Yes,0.0005,No,0.9995,67431.044195,157211.19153699998,34142.56497
2026-09-18T10:08:56+00:00,2026-09-18,4641780,Counter-Strike: MOUZ vs Natus Vincere - Map 1 Winner,cs2-mouz-navi-2026-09-18-game1,2026-09-18T14:00:00Z,MOUZ,0.715,Natus Vincere,0.285,66262.31781900003,66262.31781899999,28271.844
2026-09-18T10:08:56+00:00,2026-09-18,559672,Will Roy Cooper win the 2028 Democratic presidential nomination?,will-roy-cooper-win-the-2028-democratic-presidential-nomination-286,2028-11-07T00:00:00Z,Yes,0.0005,No,0.9995,65878.60699999999,31582445.766226012,1774700.89363
2026-09-18T10:08:56+00:00,2026-09-18,1130020,Will Yabloko gain the most seats in the next Russian parliamentary election?,will-yabloko-gain-the-most-seats-in-the-next-russian-parliamentary-election,2026-09-30T00:00:00Z,Yes,0.0025,No,0.9975,65475.365084000005,2310336.985111,327892.99669
2026-09-18T10:08:56+00:00,2026-09-18,3861943,Moscow air traffic suspended by September 15?,moscow-air-traffic-suspended-by-september-15-20260824,2026-09-16T03:59:00Z,Yes,0.0005,No,0.9995,64784.81,177462.17124099995,415806.1487
2026-09-18T10:08:56+00:00,2026-09-18,608541,Will Erling Haaland win the 2026 Ballon d'Or?,will-erling-haaland-win-the-2026-ballon-dor,2026-10-31T00:00:00Z,Yes,0.002,No,0.998,62797.226320999995,1945929.0319879996,301987.03778
2026-09-18T10:08:56+00:00,2026-09-18,561276,Will Tom Cotton win the 2028 US Presidential Election?,will-tom-cotton-win-the-2028-us-presidential-election,2028-11-07T00:00:00Z,Yes,0.0015,No,0.9985,62628.159,1515273.5134999997,1809819.68172
2026-09-18T10:08:56+00:00,2026-09-18,4657892,W50 Pazardzhik: Elizara Yaneva vs Ipek Oz,itf-yaneva1-oz1-2026-09-18,2026-09-25T07:00:00Z,Elizara Yaneva,0.91,Ipek Oz,0.09,62266.61924400003,62266.61924400003,17736.0763
2026-09-18T10:08:56+00:00,2026-09-18,4052444,"Will Ethereum reach $4,000 in September?",will-ethereum-reach-4000-in-september-2026,2026-10-01T04:00:00Z,Yes,0.0045,No,0.9955,61950.97250900001,413512.20134800003,105399.09241
2026-09-18T10:08:56+00:00,2026-09-18,4619163,Saudi Oil Pipeline (East-West) restarts by September 22?,saudi-oil-pipeline-east-west-restarts-by-september-22,2026-09-23T03:59:00Z,Yes,0.205,No,0.795,60989.02157999999,79025.57626300002,21008.6122
2026-09-18T10:08:56+00:00,2026-09-18,4619550,Guangzhou: Elias Ymer vs Marat Sharipov,atp-ymer-sharipo-2026-09-18,2026-09-25T08:00:00Z,Elias Ymer,0.175,Marat Sharipov,0.825,60981.76832999999,60981.768330000006,128081.8694
2026-09-18T10:08:56+00:00,2026-09-18,2771494,Will Celta Vigo win the 2026-27 LALIGA Championship?,will-celta-vigo-win-the-2026-27-laliga-championship-20260701200737381,2027-05-30T23:59:00Z,Yes,0.0015,No,0.9985,60881.0,360683.92333299987,244042.24225
2026-09-18T10:08:56+00:00,2026-09-18,608547,Will Harry Kane win the 2026 Ballon d'Or?,will-harry-kane-win-the-2026-ballon-dor,2026-10-31T00:00:00Z,Yes,0.5605,No,0.4395,60286.89381,4303615.754054998,97791.12442
2026-09-18T10:08:56+00:00,2026-09-18,703257,Will the US confirm that aliens exist before 2027?,will-the-us-confirm-that-aliens-exist-before-2027-789-924-249,2027-01-01T04:59:00Z,Yes,0.0465,No,0.9535,60131.105473,38684054.49133501,740278.03648
2026-09-18T10:08:56+00:00,2026-09-18,3719741,Kanye West performs in Russia by October 31?,kanye-west-performs-in-russia-by-october-31,2026-11-01T03:59:00Z,Yes,0.0545,No,0.9455,59829.774116,540863.8828899999,17647.67782
2026-09-18T10:08:56+00:00,2026-09-18,2772172,Will Inter Milan win the 2026-27 UEFA Champions League Championship?,will-inter-milan-win-the-2026-27-uefa-champions-league-championship-20260701202025556,2027-05-30T23:59:00Z,Yes,0.0275,No,0.9725,58836.280206,703369.0945789998,124766.74541
2026-09-18T10:08:56+00:00,2026-09-18,4470883,"Will the price of Bitcoin be above $86,000 on September 18?",bitcoin-above-86k-on-september-18-2026,2026-09-18T16:00:00Z,Yes,0.001,No,0.999,58689.063334,72203.99105899999,64641.18013
2026-09-19T09:50:05+00:00,2026-09-19,1130012,Will United Russia (ER) gain the most seats in the next Russian parliamentary election?,will-united-russia-er-gain-the-most-seats-in-the-next-russian-parliamentary-election,2026-09-30T00:00:00Z,Yes,0.745,No,0.255,2587777.98945,14712433.981536992,517947.7591
2026-09-19T09:50:05+00:00,2026-09-19,4277533,Will FC Barcelona win on 2026-09-19?,lal-sev-bar-2026-09-19-bar,2026-09-19T19:00:00Z,Yes,0.775,No,0.225,1167900.5610740008,1325897.089699001,518056.9209
2026-09-19T09:50:05+00:00,2026-09-19,4685141,LoL: Invictus Gaming vs JD Gaming (BO5) - LPL Regional Finals Playoffs,lol-ig1-jdg-2026-09-19,2026-09-19T15:00:00Z,Invictus Gaming,0.705,JD Gaming,0.295,848386.4358400002,848094.3201059998,130038.2824
2026-09-19T09:50:05+00:00,2026-09-19,4685136,LoL: Invictus Gaming vs JD Gaming - Game 1 Winner,lol-ig1-jdg-2026-09-19-game1,2026-09-19T13:00:00Z,Invictus Gaming,0.9995,JD Gaming,0.0005,817564.5718169996,807081.6568709988,1040533.18061
2026-09-19T09:50:05+00:00,2026-09-19,4276555,Tottenham Hotspur FC vs. Aston Villa FC: O/U 2.5,epl-tot-ast-2026-09-19-total-2pt5,2026-09-19T11:30:00Z,Over,0.555,Under,0.445,565292.5762820002,597522.4830520002,314225.2093
2026-09-19T09:50:05+00:00,2026-09-19,1130016,Will New People (NL) gain the most seats in the next Russian parliamentary election?,will-new-people-nl-gain-the-most-seats-in-the-next-russian-parliamentary-election,2026-09-30T00:00:00Z,Yes,0.2355,No,0.7645,524174.2983640002,3977631.605723001,281417.18419
2026-09-19T09:50:05+00:00,2026-09-19,4273058,Will Arsenal FC win on 2026-09-19?,epl-bri-ars-2026-09-19-ars,2026-09-19T14:00:00Z,Yes,0.565,No,0.435,518191.90815199865,606960.5611719987,1051094.6742
2026-09-19T09:50:05+00:00,2026-09-19,1130020,Will Yabloko gain the most seats in the next Russian parliamentary election?,will-yabloko-gain-the-most-seats-in-the-next-russian-parliamentary-election,2026-09-30T00:00:00Z,Yes,0.0015,No,0.9985,497286.850336,2807623.8354470003,533599.6405
2026-09-19T09:50:05+00:00,2026-09-19,2772194,Will Shakhtar Donetsk win the 2026-27 UEFA Champions League Championship?,will-shakhtar-donetsk-win-the-2026-27-uefa-champions-league-championship-20260701202025578,2027-05-30T23:59:00Z,Yes,0.0015,No,0.9985,430204.44,19552209.931999993,411649.64249
2026-09-19T09:50:05+00:00,2026-09-19,1130014,Will A Just Russia – For Truth (SRZP) gain the most seats in the next Russian parliamentary election?,will-a-just-russia-for-truth-srzp-gain-the-most-seats-in-the-next-russian-parliamentary-election,2026-09-30T00:00:00Z,Yes,0.0015,No,0.9985,422103.0479999999,3689263.5189380012,547268.60557
2026-09-19T09:50:05+00:00,2026-09-19,4615709,Dota 2: 1win vs Team Nemesis - Game 2 Winner,dota2-1win-nem-2026-09-19-game2,2026-09-19T11:00:00Z,1win,0.0005,Team Nemesis,0.9995,395613.77911200037,395613.7791119998,586275.54395
2026-09-19T09:50:05+00:00,2026-09-19,2589814,Will the Fed increase interest rates by 50+ bps after the October 2026 meeting?,will-the-fed-increase-interest-rates-by-50-bps-after-the-october-2026-meeting-20260617190324033,2026-10-28T23:59:00Z,Yes,0.0095,No,0.9905,391926.58989000006,1250015.1323520003,473321.71676
2026-09-19T09:50:05+00:00,2026-09-19,1130015,Will the Liberal Democratic Party of Russia (LDPR) gain the most seats in the next Russian parliamentary election?,will-the-liberal-democratic-party-of-russia-ldpr-gain-the-most-seats-in-the-next-russian-parliamentary-election,2026-09-30T00:00:00Z,Yes,0.0175,No,0.9825,388367.3816569992,4454517.574997,323333.05204
2026-09-19T09:50:05+00:00,2026-09-19,2730675,Iran leadership change by September 30?,iran-leadership-change-by-september-30-20260629144005163-739-824,2026-10-01T03:59:00Z,Yes,0.0145,No,0.9855,354587.2682,1473614.5414109998,242333.48523
2026-09-19T09:50:05+00:00,2026-09-19,1130013,Will the Communist Party of the Russian Federation (KPRF) gain the most seats in the next Russian parliamentary election?,will-the-communist-party-of-the-russian-federation-kprf-gain-the-most-seats-in-the-next-russian-parliamentary-election,2026-09-30T00:00:00Z,Yes,0.004,No,0.996,352840.123883,2685591.7316019996,279288.84726
2026-09-19T09:50:05+00:00,2026-09-19,4052444,"Will Ethereum reach $4,000 in September?",will-ethereum-reach-4000-in-september-2026,2026-10-01T04:00:00Z,Yes,0.0065,No,0.9935,307882.15930199996,721394.3606499999,139996.53086
2026-09-19T09:50:05+00:00,2026-09-19,4706803,Counter-Strike: Luminosity vs BBL (BO3) - Logitech G Play Connect Playoffs,cs2-lg6-bbl1-2026-09-19,2026-09-19T17:00:00Z,Luminosity,0.645,BBL,0.355,301246.08261200006,301246.082612,247353.7256
2026-09-19T09:50:05+00:00,2026-09-19,4273069,Will Newcastle United FC win on 2026-09-19?,epl-new-hul-2026-09-19-new,2026-09-19T14:00:00Z,Yes,0.605,No,0.395,298489.3003449999,340653.812954,691092.9864
2026-09-19T09:50:05+00:00,2026-09-19,4273026,Will Tottenham Hotspur FC win on 2026-09-19?,epl-tot-ast-2026-09-19-tot,2026-09-19T11:30:00Z,Yes,0.505,No,0.495,281491.4596059999,294516.441468,859891.2527
2026-09-19T09:50:05+00:00,2026-09-19,561243,Will Donald Trump win the 2028 US Presidential Election?,will-donald-trump-win-the-2028-us-presidential-election,2028-11-07T00:00:00Z,Yes,0.0075,No,0.9925,277457.613886,10508482.298001003,679814.49268
2026-09-19T09:50:05+00:00,2026-09-19,665374,Will the U.S. invade Iran before 2027?,will-the-us-invade-iran-before-2027,2027-01-01T04:59:00Z,Yes,0.155,No,0.845,276965.504585,67059996.37536004,770428.5373
2026-09-19T09:50:05+00:00,2026-09-19,4689701,"Korea Open, Qualification: Xinxin Yao vs Priscilla Hon",wta-yao-hon-2026-09-19,2026-09-26T05:00:00Z,Xinxin Yao,0.395,Priscilla Hon,0.605,245118.21354700017,243917.14463599992,172964.1308
2026-09-19T09:50:05+00:00,2026-09-19,4384969,Spread: KC (-5.5),nfl-ind-kc-2026-09-21-spread-home-5pt5,2026-09-21T00:20:00Z,KC,0.505,IND,0.495,239955.771907,240018.77031300004,96511.0363
2026-09-19T09:50:05+00:00,2026-09-19,1163699,Clarity Act (H.R.3633) signed into law in 2026?,clarity-act-signed-into-law-in-2026,2027-01-01T05:00:00Z,Yes,0.0845,No,0.9155,235258.29773900003,21949464.584100995,736772.12047
2026-09-19T09:50:05+00:00,2026-09-19,4276423,Brighton & Hove Albion FC vs. Arsenal FC: O/U 2.5,epl-bri-ars-2026-09-19-total-2pt5,2026-09-19T14:00:00Z,Over,0.535,Under,0.465,191720.79480400003,204458.79483600013,410743.7235
2026-09-19T09:50:05+00:00,2026-09-19,601820,Will Jair Bolsonaro win the 2026 Brazilian presidential election?,will-jair-bolsonaro-win-the-2026-brazilian-presidential-election,2026-10-04T00:00:00Z,Yes,0.0015,No,0.9985,186660.47399999996,7205775.771874,391334.5927
2026-09-19T09:50:05+00:00,2026-09-19,2170255,Bab el-Mandeb Strait effectively closed by September 30?,bab-el-mandeb-strait-effectively-closed-by-september-30-999-671-939,2026-10-01T03:59:00Z,Yes,0.0225,No,0.9775,176782.660527,3370607.285666003,198605.69763
2026-09-19T09:50:05+00:00,2026-09-19,4273047,Will Paris FC win on 2026-09-19?,fl1-pfc-str-2026-09-19-pfc,2026-09-19T15:15:00Z,Yes,0.515,No,0.485,174994.26520100006,175176.36442300002,298761.7679
2026-09-19T09:50:05+00:00,2026-09-19,562802,Will the Democratic Party control the House after the 2026 Midterm elections?,will-the-democratic-party-control-the-house-after-the-2026-midterm-elections,2026-11-03T00:00:00Z,Yes,0.905,No,0.095,169226.896222,6771519.995245,915461.3315
2026-09-19T09:50:05+00:00,2026-09-19,4273034,Will Aston Villa FC win on 2026-09-19?,epl-tot-ast-2026-09-19-ast,2026-09-19T11:30:00Z,Yes,0.245,No,0.755,163996.4065090001,173455.6348550001,527725.847
2026-09-19T09:50:05+00:00,2026-09-19,4706814,Counter-Strike: 3DMAX vs M80 (BO3) - Logitech G Play Connect Playoffs,cs2-3dmax-m80-2026-09-19,2026-09-19T20:00:00Z,3DMAX,0.455,M80,0.545,163247.99486500004,163247.99486500002,184179.6621
2026-09-19T09:50:05+00:00,2026-09-19,4052419,"Will Bitcoin reach $85,000 in September?",will-bitcoin-reach-85k-in-september-2026,2026-10-01T04:00:00Z,Yes,0.455,No,0.545,161384.70643100003,712977.020006,82154.1427
2026-09-19T09:50:05+00:00,2026-09-19,4498185,"Will the price of Bitcoin be above $82,000 on September 19?",bitcoin-above-82k-on-september-19-2026,2026-09-19T16:00:00Z,Yes,0.104,No,0.896,154499.48345600013,185285.84512100002,51590.64503
2026-09-19T09:50:05+00:00,2026-09-19,2589813,Will the Fed increase interest rates by 25 bps after the October 2026 meeting?,will-the-fed-increase-interest-rates-by-25-bps-after-the-october-2026-meeting-20260617190324032,2026-10-28T23:59:00Z,Yes,0.555,No,0.445,153557.58727900006,1748863.1740419993,650824.8824
2026-09-19T09:50:05+00:00,2026-09-19,2034729,Will the US confirm that aliens exist by September 30?,will-the-us-confirm-that-aliens-exist-by-september-30-396,2026-10-01T03:59:00Z,Yes,0.0035,No,0.9965,151855.932813,5925237.176038999,460094.45438
2026-09-19T09:50:05+00:00,2026-09-19,4689693,"Singapore Open, Qualification: Eva Marie Desvignes vs Kyoka Okamura",wta-desvign-okamura-2026-09-19,2026-09-26T07:30:00Z,Eva Marie Desvignes,0.0005,Kyoka Okamura,0.9995,150066.58392900001,150066.583929,185659.62692
2026-09-19T09:50:05+00:00,2026-09-19,2589810,Will the Fed decrease interest rates by 50+ bps after the October 2026 meeting?,will-the-fed-decrease-interest-rates-by-50-bps-after-the-october-2026-meeting-20260617190324029,2026-10-28T23:59:00Z,Yes,0.0035,No,0.9965,145979.162665,1094934.9912060003,542564.36764
2026-09-19T09:50:05+00:00,2026-09-19,2589811,Will the Fed decrease interest rates by 25 bps after the October 2026 meeting?,will-the-fed-decrease-interest-rates-by-25-bps-after-the-october-2026-meeting-20260617190324030,2026-10-28T23:59:00Z,Yes,0.0055,No,0.9945,135797.48195600003,1512583.9400870004,535527.40192
2026-09-19T09:50:05+00:00,2026-09-19,4498176,"Will the price of Bitcoin be above $76,000 on September 19?",bitcoin-above-76k-on-september-19-2026,2026-09-19T16:00:00Z,Yes,0.9995,No,0.0005,134811.34106,152016.083217,39207.8507
2026-09-19T09:50:05+00:00,2026-09-19,2589812,Will there be no change in Fed interest rates after the October 2026 meeting?,will-there-be-no-change-in-fed-interest-rates-after-the-october-2026-meeting-20260617190324031,2026-10-28T23:59:00Z,Yes,0.435,No,0.565,134190.43347,2111297.780130001,526376.3055
2026-09-19T09:50:05+00:00,2026-09-19,4498182,"Will the price of Bitcoin be above $80,000 on September 19?",bitcoin-above-80k-on-september-19-2026,2026-09-19T16:00:00Z,Yes,0.9805,No,0.0195,133763.041077,175181.95562999992,43203.47497
2026-09-19T09:50:05+00:00,2026-09-19,1236459,Trump x Greenland deal signed by December 31?,trump-x-greenland-deal-signed-by-december-31,2027-01-01T04:59:00Z,Yes,0.9535,No,0.0465,130945.03716499999,231572.95851199992,57802.4118
2026-09-19T09:50:05+00:00,2026-09-19,4641222,Bitcoin Up or Down on September 19?,bitcoin-up-or-down-on-september-19-2026,2026-09-19T16:00:00Z,Up,0.885,Down,0.115,129412.93465900002,129588.74223699995,39813.1526
2026-09-19T09:50:05+00:00,2026-09-19,2774057,Strait of Hormuz traffic returns to normal by September 30?,strait-of-hormuz-traffic-returns-to-normal-by-september-30-20260702154339440,2026-10-01T03:59:00Z,Yes,0.0055,No,0.9945,120389.64045500007,9070919.765940994,351190.2943
2026-09-19T09:50:05+00:00,2026-09-19,4052420,"Will Bitcoin reach $82,500 in September?",will-bitcoin-reach-82pt5k-in-september-2026,2026-10-01T04:00:00Z,Yes,0.795,No,0.205,120315.39632600006,714382.9122769996,91353.4367
2026-09-19T09:50:05+00:00,2026-09-19,601825,Will Renan Santos win the 2026 Brazilian presidential election?,will-renan-santos-win-the-2026-brazilian-presidential-election,2026-10-04T00:00:00Z,Yes,0.008,No,0.992,119417.076719,13769306.291276002,498964.1191
2026-09-19T09:50:05+00:00,2026-09-19,4705441,Counter-Strike: MIBR vs NRG (BO3) - StarLadder StarSeries Playoffs,cs2-mibr-nrg-2026-09-19,2026-09-19T16:00:00Z,MIBR,0.625,NRG,0.375,117692.97974400008,117692.97974399997,135130.8641
2026-09-19T09:50:05+00:00,2026-09-19,4689691,"Singapore Open, Qualification: Mei Yamaguchi vs Ulrikke Eikeri",wta-yamaguc-eikeri-2026-09-19,2026-09-26T07:30:00Z,Mei Yamaguchi,0.957,Ulrikke Eikeri,0.043,113028.983045,112455.21258700002,182379.11503
2026-09-19T09:50:05+00:00,2026-09-19,1129894,Will United Russia (ER) win the most seats in the next Russian parliamentary election?,will-united-russia-er-win-the-most-seats-in-the-next-russian-parliamentary-election,2026-09-30T00:00:00Z,Yes,0.9975,No,0.0025,112912.37479899995,1621814.8481009996,387004.28168
2026-09-19T09:50:05+00:00,2026-09-19,2771336,Will Manchester United win the 2026-27 English Premier League (EPL) Championship?,will-manchester-united-win-the-2026-27-english-premier-league-epl-championship-20260701200428762,2027-05-30T23:59:00Z,Yes,0.0135,No,0.9865,112094.416667,831443.3266,255371.77115
2026-09-19T09:50:05+00:00,2026-09-19,4277528,Will Sevilla FC win on 2026-09-19?,lal-sev-bar-2026-09-19-sev,2026-09-19T19:00:00Z,Yes,0.0875,No,0.9125,109748.69626800004,118482.63197599999,455645.70915
2026-09-19T09:50:05+00:00,2026-09-19,561259,Will Ro Khanna win the 2028 US Presidential Election?,will-ro-khanna-win-the-2028-us-presidential-election,2028-11-07T00:00:00Z,Yes,0.01,No,0.99,109649.400829,10904747.778017998,917546.26303
2026-09-19T09:50:05+00:00,2026-09-19,4701661,Spread: West Virginia (-0.5),cfb-wvir-vir-2026-09-19-spread-away-0pt5,2026-09-19T23:30:00Z,West Virginia,0.235,Virginia,0.765,106319.32846099998,106319.32846099998,16540.1516
2026-09-19T09:50:05+00:00,2026-09-19,4186291,Will Xi Jinping visit US by September 23?,will-xi-jinping-visit-us-by-september-23,2026-09-23T23:59:00Z,Yes,0.896,No,0.104,104427.20905199999,191050.51858099978,52977.63985
2026-09-19T09:50:05+00:00,2026-09-19,2772188,Will Feyenoord win the 2026-27 UEFA Champions League Championship?,will-feyenoord-win-the-2026-27-uefa-champions-league-championship-20260701202025572,2027-05-30T23:59:00Z,Yes,0.0015,No,0.9985,103500.0,542358.4998979999,468914.85491
2026-09-19T09:50:05+00:00,2026-09-19,4498188,"Will the price of Bitcoin be above $84,000 on September 19?",bitcoin-above-84k-on-september-19-2026,2026-09-19T16:00:00Z,Yes,0.0055,No,0.9945,102634.56739400001,114724.993184,52918.25738
2026-09-19T09:50:05+00:00,2026-09-19,601826,Will Flávio Bolsonaro win the 2026 Brazilian presidential election?,will-flvio-bolsonaro-win-the-2026-brazilian-presidential-election,2026-10-04T00:00:00Z,Yes,0.5665,No,0.4335,101064.03335599999,11027411.004172998,329004.8304
2026-09-19T09:50:05+00:00,2026-09-19,2772187,Will PSV Eindhoven win the 2026-27 UEFA Champions League Championship?,will-psv-eindhoven-win-the-2026-27-uefa-champions-league-championship-20260701202025571,2027-05-30T23:59:00Z,Yes,0.0015,No,0.9985,101000.0,520015.338161,286809.54151
2026-09-19T09:50:05+00:00,2026-09-19,4052413,"Will Bitcoin reach $100,000 in September?",will-bitcoin-reach-100k-in-september-2026,2026-10-01T04:00:00Z,Yes,0.0135,No,0.9865,98346.89158900004,852918.2571389998,201030.75754
2026-09-19T09:50:05+00:00,2026-09-19,3758835,Will Xi Jinping visit US by September 30?,will-xi-jinping-visit-us-by-september-30,2026-09-30T23:59:00Z,Yes,0.9425,No,0.0575,92847.378669,416515.91177000006,63057.86776
2026-09-19T09:50:05+00:00,2026-09-19,4641230,Ethereum Up or Down on September 19?,ethereum-up-or-down-on-september-19-2026,2026-09-19T16:00:00Z,Up,0.983,Down,0.017,92590.28871899997,92600.28871899996,33540.08144
2026-09-19T09:50:05+00:00,2026-09-19,559684,Will Chelsea Clinton win the 2028 Democratic presidential nomination?,will-chelsea-clinton-win-the-2028-democratic-presidential-nomination,2028-11-07T00:00:00Z,Yes,0.007,No,0.993,86026.571318,50524872.33789701,597782.33081
2026-09-19T09:50:05+00:00,2026-09-19,4641064,US x Iran ceasefire continues through September 30?,us-x-iran-ceasefire-continues-through-september-30-20260917,2026-09-30T23:59:00Z,Yes,0.805,No,0.195,85933.883026,100956.72921899997,58837.3871
2026-09-19T09:50:05+00:00,2026-09-19,2421094,"Will Anthropic IPO by October 31, 2026?",will-anthropic-ipo-by-october-31-2026-213,2027-07-01T00:00:00Z,Yes,0.0475,No,0.9525,84834.288324,974658.8999399999,23558.61822
2026-09-19T09:50:05+00:00,2026-09-19,559651,Xi Jinping out before 2027?,xi-jinping-out-before-2027,2027-01-01T04:59:00Z,Yes,0.0385,No,0.9615,83555.17296599997,13600564.001721997,480812.40674
2026-09-19T09:50:05+00:00,2026-09-19,2772193,Will Galatasaray win the 2026-27 UEFA Champions League Championship?,will-galatasaray-win-the-2026-27-uefa-champions-league-championship-20260701202025577,2027-05-30T23:59:00Z,Yes,0.0025,No,0.9975,83433.33,524465.0111660002,338499.81135
2026-09-19T09:50:05+00:00,2026-09-19,4118888,Will Xi Jinping visit US by September 24?,will-xi-jinping-visit-us-by-september-24,2026-09-24T23:59:00Z,Yes,0.9055,No,0.0945,83368.930417,169372.49591700002,43055.4017
2026-09-19T09:50:05+00:00,2026-09-19,4052451,"Will Ethereum reach $2,700 in September?",will-ethereum-reach-2700-in-september-2026,2026-10-01T04:00:00Z,Yes,0.785,No,0.215,83360.57525600003,334262.80574900005,51829.1598
2026-09-19T09:50:05+00:00,2026-09-19,4266712,"UFC 331: Alexandre Pantoja vs. Joshua Van (Flyweight, Main Card)",ufc-ale8-jos49-2026-09-19,2026-09-20T03:59:59.999Z,Alexandre Pantoja,0.425,Joshua Van,0.575,82000.19101500002,138238.3311390001,110623.6508
2026-09-19T09:50:05+00:00,2026-09-19,4384973,Spread: BAL (-8.5),nfl-no-bal-2026-09-20-spread-home-8pt5,2026-09-20T17:00:00Z,BAL,0.495,NO,0.505,81623.047861,181167.56373700002,143973.8239
2026-09-19T09:50:05+00:00,2026-09-19,4052446,"Will Ethereum reach $3,200 in September?",will-ethereum-reach-3200-in-september-2026,2026-10-01T04:00:00Z,Yes,0.07,No,0.93,79263.50909200001,402194.456704,40070.60265
2026-09-19T09:50:05+00:00,2026-09-19,1364103,Will AfD win the most seats in the 2026 Mecklenburg-Vorpommern parliamentary elections?,will-afd-win-the-most-seats-in-the-2026-mecklenburg-vorpommern-parliamentary-elections,2026-09-20T00:00:00Z,Yes,0.485,No,0.515,79243.81992799998,735961.6455289999,140218.0875
2026-09-19T09:50:05+00:00,2026-09-19,4641063,US x Iran ceasefire continues through September 25?,us-x-iran-ceasefire-continues-through-september-25-20260917,2026-09-25T23:59:00Z,Yes,0.895,No,0.105,77228.41464,80612.498008,68714.7985
2026-09-19T09:50:05+00:00,2026-09-19,4338463,NO vs. BAL: O/U 46.5,nfl-no-bal-2026-09-20-total-46pt5,2026-09-20T17:00:00Z,Over,0.475,Under,0.525,73680.59972599999,91962.565433,236514.1574
2026-09-19T09:50:05+00:00,2026-09-19,4498179,"Will the price of Bitcoin be above $78,000 on September 19?",bitcoin-above-78k-on-september-19-2026,2026-09-19T16:00:00Z,Yes,0.9975,No,0.0025,73134.95177600002,84631.53530400005,50497.89233
2026-09-19T09:50:05+00:00,2026-09-19,4278847,Sevilla FC vs. FC Barcelona: O/U 3.5,lal-sev-bar-2026-09-19-total-3pt5,2026-09-19T19:00:00Z,Over,0.525,Under,0.475,72537.557831,80868.33417100001,192741.5217
2026-09-19T09:50:05+00:00,2026-09-19,4350135,LSU vs. Ole Miss,cfb-lsu-miss-2026-09-19,2026-09-19T23:30:00Z,LSU,0.585,Ole Miss,0.415,72342.10555099999,180439.88478999998,327751.7211
2026-09-19T09:50:05+00:00,2026-09-19,4558961,"Will Elon Musk post 65-89 tweets from September 17 to September 19, 2026?",elon-musk-of-tweets-september-17-september-19-2026-65-89,2026-09-19T16:00:00Z,Yes,0.0785,No,0.9215,71226.36180299996,88108.80512899993,5852.46766
2026-09-19T09:50:05+00:00,2026-09-19,562002,Will Erika Kirk win the 2028 Republican presidential nomination?,will-erika-kirk-win-the-2028-republican-presidential-nomination,2028-11-07T00:00:00Z,Yes,0.0005,No,0.9995,71000.0,19018544.533152,2005471.01328
2026-09-19T09:50:05+00:00,2026-09-19,4268437,Will Bologna FC 1909 vs. Torino FC end in a draw?,sea-bol-tor-2026-09-19-draw,2026-09-19T13:00:00Z,Yes,0.285,No,0.715,70823.065648,70983.11472800003,320566.3964
2026-09-19T09:50:05+00:00,2026-09-19,1388704,"Will Samuel Alito announce his retirement by December 31, 2026?",will-samuel-alito-announce-his-retirement-by-december-31-2026-573-343-622,2027-01-01T04:59:00Z,Yes,0.075,No,0.925,70510.53828700002,928795.0546759998,74839.2617
2026-09-19T09:50:05+00:00,2026-09-19,703258,Will Jesus Christ return before 2027?,will-jesus-christ-return-before-2027,2027-01-01T04:59:00Z,Yes,0.0195,No,0.9805,70457.13793,65830161.80491266,519418.04708
2026-09-19T09:50:05+00:00,2026-09-19,1357378,Will the Cleveland Browns win the 2027 NFL league championship?,will-the-cleveland-browns-win-the-2027-nfl-league-championship,2027-03-31T23:55:00Z,Yes,0.0035,No,0.9965,69961.47,1484685.711611,468597.04396
2026-09-19T09:50:05+00:00,2026-09-19,4266771,"UFC 331: Arman Tsarukyan vs. Mauricio Ruffy (Lightweight, Main Card)",ufc-arm-mau4-2026-09-19,2026-09-20T03:59:59.999Z,Arman Tsarukyan,0.735,Mauricio Ruffy,0.265,68437.21624100002,154315.15959599992,184399.3803
2026-09-19T09:50:05+00:00,2026-09-19,637002,Will Donald Trump win the Nobel Peace Prize in 2026?,will-donald-trump-win-the-nobel-peace-prize-in-2026-382,2026-10-10T00:00:00Z,Yes,0.021,No,0.979,68234.76821600001,4884570.489804001,400512.83798
2026-09-19T09:50:05+00:00,2026-09-19,562831,"2026 Balance of Power: R Senate, R House",2026-balance-of-power-r-senate-r-house-537,2026-11-03T00:00:00Z,Yes,0.085,No,0.915,67771.821897,3361633.116569999,531539.1912
2026-09-19T09:50:05+00:00,2026-09-19,4498191,"Will the price of Bitcoin be above $86,000 on September 19?",bitcoin-above-86k-on-september-19-2026,2026-09-19T16:00:00Z,Yes,0.0015,No,0.9985,67694.72810600001,77067.45653100002,50775.60359
2026-09-19T09:50:05+00:00,2026-09-19,701494,"Will Bitcoin reach $120,000 by December 31, 2026?",will-bitcoin-reach-120000-by-december-31-2026-625-425-562,2027-01-01T05:00:00Z,Yes,0.085,No,0.915,66944.02684,1853087.8700140002,92445.152
2026-09-19T09:50:05+00:00,2026-09-19,3517107,Spread: Buccaneers (-7.5),nfl-cle-tb-2026-09-20-spread-home-7pt5,2026-09-20T17:00:00Z,Buccaneers,0.505,Browns,0.495,65928.832638,66213.74980199999,295366.4611
2026-09-19T09:50:05+00:00,2026-09-19,4273061,Will West Ham United FC win on 2026-09-19?,elc-mil-whu-2026-09-19-whu,2026-09-19T11:30:00Z,Yes,0.565,No,0.435,65668.516868,67187.210315,196858.1808
2026-09-19T09:50:05+00:00,2026-09-19,608565,Will Lionel Messi win the 2026 Ballon d'Or?,will-lionel-messi-win-the-2026-ballon-dor,2026-10-31T00:00:00Z,Yes,0.0655,No,0.9345,64757.175607,2800014.8362859995,112418.9904
2026-09-19T09:50:05+00:00,2026-09-19,4641065,US x Iran ceasefire continues through October 31?,us-x-iran-ceasefire-continues-through-october-31-20260917,2026-10-31T23:59:00Z,Yes,0.475,No,0.525,63463.47854200001,68988.069847,82829.6342
2026-09-19T09:50:05+00:00,2026-09-19,4545828,"Will Bitcoin reach $82,000 September 14-20?",will-bitcoin-reach-82k-september-14-20-2026,2026-09-21T04:00:00Z,Yes,0.588,No,0.412,63436.148564999996,139385.510931,43217.23218
2026-09-19T09:50:05+00:00,2026-09-19,4278838,Spread: FC Barcelona (-1.5),lal-sev-bar-2026-09-19-spread-away-1pt5,2026-09-19T19:00:00Z,FC Barcelona,0.555,Sevilla FC,0.445,62854.91290700002,69313.913766,235482.7677
2026-09-19T09:50:05+00:00,2026-09-19,2757891,Will Aleksandar Vučić be the next Prime Minister of Serbia?,will-aleksandar-vucic-be-the-next-prime-minister-of-serbia-20260629223938643,2028-06-30T23:59:00Z,Yes,0.534,No,0.466,61912.210439,157009.09257399992,11739.53701
2026-09-19T09:50:05+00:00,2026-09-19,4052417,"Will Bitcoin reach $90,000 in September?",will-bitcoin-reach-90k-in-september-2026,2026-10-01T04:00:00Z,Yes,0.1355,No,0.8645,57821.948024,409305.1949820001,86591.963
2026-09-19T09:50:05+00:00,2026-09-19,3128888,"US announces end of Iranian blockade by October 31, 2026?",us-announces-end-of-iranian-blockade-by-october-31-2026-20260727171711632-895-372-622-413-171-454-592-696,2026-11-01T03:59:00Z,Yes,0.345,No,0.655,57742.602006,1419297.709154,102282.8371
2026-09-19T09:50:05+00:00,2026-09-19,4278837,Spread: Sevilla FC (-1.5),lal-sev-bar-2026-09-19-spread-home-1pt5,2026-09-19T19:00:00Z,Sevilla FC,0.023,FC Barcelona,0.977,55979.43459199999,55979.434592,72024.1978
2026-09-19T09:50:05+00:00,2026-09-19,4668785,Spread: AS Roma (-3.5),sea-rom-int-2026-09-19-spread-home-3pt5,2026-09-19T16:00:00Z,AS Roma,0.018,FC Internazionale Milano,0.982,55562.413641,55562.41364100001,39163.73723
2026-09-19T09:50:05+00:00,2026-09-19,3482681,Browns vs. Buccaneers,nfl-cle-tb-2026-09-20,2026-09-20T17:00:00Z,Browns,0.215,Buccaneers,0.785,55547.85684300001,60178.55419500001,827486.9585
2026-09-20T10:11:38+00:00,2026-09-20,1130012,Will United Russia (ER) gain the most seats in the next Russian parliamentary election?,will-united-russia-er-gain-the-most-seats-in-the-next-russian-parliamentary-election,2026-09-30T00:00:00Z,Yes,0.795,No,0.205,1709816.733905001,16469728.310205,383063.2285
2026-09-20T10:11:38+00:00,2026-09-20,559698,Will Hakeem Jeffries win the 2028 Democratic presidential nomination?,will-hakeem-jeffries-win-the-2028-democratic-presidential-nomination,2028-11-07T00:00:00Z,Yes,0.0015,No,0.9985,1318397.434,2124224.8861660003,283800.64478
2026-09-20T10:11:38+00:00,2026-09-20,4384973,Spread: BAL (-8.5),nfl-no-bal-2026-09-20-spread-home-8pt5,2026-09-20T17:00:00Z,BAL,0.495,NO,0.505,845987.952669,1027165.320328,204779.719
2026-09-20T10:11:38+00:00,2026-09-20,561983,Will Greg Abbott win the 2028 Republican presidential nomination?,will-greg-abbott-win-the-2028-republican-presidential-nomination,2028-11-07T00:00:00Z,Yes,0.0015,No,0.9985,614022.618,21331839.931706,1214658.13092
2026-09-20T10:11:38+00:00,2026-09-20,3482626,Bengals vs. Texans,nfl-cin-hou-2026-09-20,2026-09-20T17:00:00Z,Bengals,0.415,Texans,0.585,575365.246502,830116.6918179999,2199285.1811
2026-09-20T10:11:38+00:00,2026-09-20,1163699,Clarity Act (H.R.3633) signed into law in 2026?,clarity-act-signed-into-law-in-2026,2027-01-01T05:00:00Z,Yes,0.0715,No,0.9285,539647.296065,22489111.880166,335424.30519
2026-09-20T10:11:38+00:00,2026-09-20,4741032,Dota 2: Conventus Stellarum vs Xtreme Gaming (BO3) - PGL Wallachia Group Stage,dota2-cs-xtreme-2026-09-20,2026-09-20T13:00:00Z,Conventus Stellarum,0.89,Xtreme Gaming,0.11,507656.3698939999,507656.369894,51252.0165
2026-09-20T10:11:38+00:00,2026-09-20,3920106,Spread: Broncos (-2.5),nfl-jax-den-2026-09-20-spread-home-2pt5,2026-09-20T20:05:00Z,Broncos,0.515,Jaguars,0.485,489831.588082,508498.25865900004,422664.2653
2026-09-20T10:11:38+00:00,2026-09-20,1130016,Will New People (NL) gain the most seats in the next Russian parliamentary election?,will-new-people-nl-gain-the-most-seats-in-the-next-russian-parliamentary-election,2026-09-20T23:59:00Z,Yes,0.183,No,0.817,479586.912101,4471993.327557999,210910.59451
2026-09-20T10:11:38+00:00,2026-09-20,4323345,Will Real Madrid CF win on 2026-09-20?,lal-mad-rea-2026-09-20-rea,2026-09-20T14:15:00Z,Yes,0.465,No,0.535,468866.7630099998,537782.1301160001,662775.8446
2026-09-20T10:11:38+00:00,2026-09-20,1130020,Will Yabloko gain the most seats in the next Russian parliamentary election?,will-yabloko-gain-the-most-seats-in-the-next-russian-parliamentary-election,2026-09-30T00:00:00Z,Yes,0.0015,No,0.9985,468821.2250000001,3283839.7104469994,292250.38565
2026-09-20T10:11:38+00:00,2026-09-20,1130015,Will the Liberal Democratic Party of Russia (LDPR) gain the most seats in the next Russian parliamentary election?,will-the-liberal-democratic-party-of-russia-ldpr-gain-the-most-seats-in-the-next-russian-parliamentary-election,2026-09-20T23:59:00Z,Yes,0.012,No,0.988,457881.145865,4919699.175292999,273288.00889
2026-09-20T10:11:38+00:00,2026-09-20,4677681,LoL: KT Rolster Challengers vs Bilibili Gaming Junior (BO1) - World Star Challengers Invitational Group B,lol-ktc-blgj-2026-09-20,2026-09-20T14:15:00Z,KT Rolster Challengers,0.9995,Bilibili Gaming Junior,0.0005,418492.79820200015,418662.14911500004,166699.52233
2026-09-20T10:11:38+00:00,2026-09-20,4734898,Counter-Strike: Vitality vs FURIA (BO3) - StarLadder StarSeries Playoffs,cs2-vit-furia-2026-09-20,2026-09-20T18:00:00Z,Vitality,0.675,FURIA,0.325,394861.262407,394139.1043900001,309879.9734
2026-09-20T10:11:38+00:00,2026-09-20,1130013,Will the Communist Party of the Russian Federation (KPRF) gain the most seats in the next Russian parliamentary election?,will-the-communist-party-of-the-russian-federation-kprf-gain-the-most-seats-in-the-next-russian-parliamentary-election,2026-09-20T23:59:00Z,Yes,0.0035,No,0.9965,390804.65100400004,3086809.204272001,304168.48091
2026-09-20T10:11:38+00:00,2026-09-20,2772194,Will Shakhtar Donetsk win the 2026-27 UEFA Champions League Championship?,will-shakhtar-donetsk-win-the-2026-27-uefa-champions-league-championship-20260701202025578,2027-05-30T23:59:00Z,Yes,0.0015,No,0.9985,377859.74,19939179.672000006,425864.23486
2026-09-20T10:11:38+00:00,2026-09-20,3517042,Seahawks vs. Cardinals: O/U 41.5,nfl-sea-ari-2026-09-20-total-41pt5,2026-09-20T20:25:00Z,Over,0.505,Under,0.495,358856.103202,359588.24856900005,161107.1118
2026-09-20T10:11:38+00:00,2026-09-20,4677688,LoL: ⁠Movistar KOI Fénix vs CTBC Flying Oyster Academy (BO1) - World Star Challengers Invitational Group B,lol-koia-ctbca-2026-09-20,2026-09-20T15:15:00Z,⁠Movistar KOI Fénix,0.9995,CTBC Flying Oyster Academy,0.0005,343963.19458499993,344767.7475929999,267741.43143
2026-09-20T10:11:38+00:00,2026-09-20,4319462,Will Manchester City FC win on 2026-09-20?,epl-mac-sun-2026-09-20-mac,2026-09-20T13:00:00Z,Yes,0.735,No,0.265,338221.650391,451377.99598199985,821628.97
2026-09-20T10:11:38+00:00,2026-09-20,3482612,Vikings vs. Bears,nfl-min-chi-2026-09-20,2026-09-20T17:00:00Z,Vikings,0.345,Bears,0.655,329363.00333599997,366581.39742500003,782250.16
2026-09-20T10:11:38+00:00,2026-09-20,3920139,Eagles vs. Titans: O/U 39.5,nfl-phi-ten-2026-09-20-total-39pt5,2026-09-20T17:00:00Z,Over,0.515,Under,0.485,325817.174712,326268.15981100005,231859.5301
2026-09-20T10:11:38+00:00,2026-09-20,559699,Will Elissa Slotkin win the 2028 Democratic presidential nomination?,will-elissa-slotkin-win-the-2028-democratic-presidential-nomination,2028-11-07T00:00:00Z,Yes,0.0015,No,0.9985,315042.09,1612570.0367809997,1125461.14216
2026-09-20T10:11:38+00:00,2026-09-20,665374,Will the U.S. invade Iran before 2027?,will-the-us-invade-iran-before-2027,2027-01-01T04:59:00Z,Yes,0.165,No,0.835,297219.224824,67357539.51665498,659886.2317
2026-09-20T10:11:38+00:00,2026-09-20,2771327,Will Brentford win the 2026-27 English Premier League (EPL) Championship?,will-brentford-win-the-2026-27-english-premier-league-epl-championship-20260701200428753,2027-05-30T23:59:00Z,Yes,0.0045,No,0.9955,293962.836834,1371197.9955659995,299126.1188
2026-09-20T10:11:38+00:00,2026-09-20,1130014,Will A Just Russia – For Truth (SRZP) gain the most seats in the next Russian parliamentary election?,will-a-just-russia-for-truth-srzp-gain-the-most-seats-in-the-next-russian-parliamentary-election,2026-09-20T23:59:00Z,Yes,0.0005,No,0.9995,282359.281,3980181.005938,922273.87734
2026-09-20T10:11:38+00:00,2026-09-20,2771328,Will Brighton win the 2026-27 English Premier League (EPL) Championship?,will-brighton-win-the-2026-27-english-premier-league-epl-championship-20260701200428754,2027-05-30T23:59:00Z,Yes,0.022,No,0.978,263449.19214899995,1059752.01846,303616.00418
2026-09-20T10:11:38+00:00,2026-09-20,4677667,LoL: EDward Gaming Youth Team vs T1 Academy (BO1) - World Star Challengers Invitational Group A,lol-edgy-t1a-2026-09-20,2026-09-20T12:00:00Z,EDward Gaming Youth Team,0.9995,T1 Academy,0.0005,258373.59305099983,258779.52273099998,488753.21211
2026-09-20T10:11:38+00:00,2026-09-20,2771333,Will Leeds United win the 2026-27 English Premier League (EPL) Championship?,will-leeds-united-win-the-2026-27-english-premier-league-epl-championship-20260701200428759,2027-05-30T23:59:00Z,Yes,0.0025,No,0.9975,252142.15,1070279.2502719997,593044.01693
2026-09-20T10:11:38+00:00,2026-09-20,4174612,Trump out as President by September 30?,dtrump-out-as-president-by-september-30,2026-10-01T03:59:00Z,Yes,0.0055,No,0.9945,249455.115352,1308058.6948640004,185754.56848
2026-09-20T10:11:38+00:00,2026-09-20,4322535,Spread: Manchester City FC (-1.5),epl-mac-sun-2026-09-20-spread-home-1pt5,2026-09-20T13:00:00Z,Manchester City FC,0.475,Sunderland AFC,0.525,247314.30601,253253.40448500004,390447.4819
2026-09-20T10:11:38+00:00,2026-09-20,3482561,Panthers vs. Falcons,nfl-car-atl-2026-09-20,2026-09-20T17:00:00Z,Panthers,0.565,Falcons,0.435,245729.895148,302322.53653999994,1183213.5836
2026-09-20T10:11:38+00:00,2026-09-20,1129894,Will United Russia (ER) win the most seats in the next Russian parliamentary election?,will-united-russia-er-win-the-most-seats-in-the-next-russian-parliamentary-election,2026-09-30T00:00:00Z,Yes,0.9975,No,0.0025,241884.74673199997,1863699.5948329996,226420.74025
2026-09-20T10:11:38+00:00,2026-09-20,4384969,Spread: KC (-5.5),nfl-ind-kc-2026-09-21-spread-home-5pt5,2026-09-21T00:20:00Z,KC,0.505,IND,0.495,238096.537895,491229.4882080002,167504.1908
2026-09-20T10:11:38+00:00,2026-09-20,3482641,Steelers vs. Patriots,nfl-pit-ne-2026-09-20,2026-09-20T17:00:00Z,Steelers,0.305,Patriots,0.695,234873.44783500003,265183.618366,858041.6245
2026-09-20T10:11:38+00:00,2026-09-20,2772176,Will Barcelona win the 2026-27 UEFA Champions League Championship?,will-barcelona-win-the-2026-27-uefa-champions-league-championship-20260701202025560,2027-05-30T23:59:00Z,Yes,0.21,No,0.79,234412.244552,1153008.791419,418204.429
2026-09-20T10:11:38+00:00,2026-09-20,4641062,US x Iran ceasefire continues through September 20?,us-x-iran-ceasefire-continues-through-september-20-20260917,2026-09-20T23:59:00Z,Yes,0.9705,No,0.0295,220185.55368999994,283445.0796960001,46177.73767
2026-09-20T10:11:38+00:00,2026-09-20,4641063,US x Iran ceasefire continues through September 25?,us-x-iran-ceasefire-continues-through-september-25-20260917,2026-09-25T23:59:00Z,Yes,0.86,No,0.14,183728.201284,264741.810402,38143.1542
2026-09-20T10:11:38+00:00,2026-09-20,4641064,US x Iran ceasefire continues through September 30?,us-x-iran-ceasefire-continues-through-september-30-20260917,2026-09-30T23:59:00Z,Yes,0.755,No,0.245,182128.307591,285769.8306199999,26399.3969
2026-09-20T10:11:38+00:00,2026-09-20,1105742,Will Delcy Rodríguez be the leader of Venezuela end of 2026?,will-delcy-rodrguez-be-the-leader-of-venezuela-end-of-2026,2026-12-31T00:00:00Z,Yes,0.29,No,0.71,179627.80879600003,1979284.115052,81796.994
2026-09-20T10:11:38+00:00,2026-09-20,1105744,Will Nicolás Maduro be the leader of Venezuela end of 2026?,will-nicols-maduro-be-the-leader-of-venezuela-end-of-2026,2026-12-31T00:00:00Z,Yes,0.661,No,0.339,173710.064347,3056910.953881002,76914.34968
2026-09-20T10:11:38+00:00,2026-09-20,3517123,Spread: Packers (-4.5),nfl-gb-nyj-2026-09-20-spread-away-4pt5,2026-09-20T17:00:00Z,Packers,0.435,Jets,0.565,151880.441947,156709.66243000003,282370.2416
2026-09-20T10:11:38+00:00,2026-09-20,4641065,US x Iran ceasefire continues through October 31?,us-x-iran-ceasefire-continues-through-october-31-20260917,2026-10-31T23:59:00Z,Yes,0.47,No,0.53,151246.959525,220535.02937200005,42639.448
2026-09-20T10:11:38+00:00,2026-09-20,562803,Will the Republican Party control the House after the 2026 Midterm elections?,will-the-republican-party-control-the-house-after-the-2026-midterm-elections,2026-11-03T00:00:00Z,Yes,0.075,No,0.925,150968.13341200002,5012735.7606339995,623086.3196
2026-09-20T10:11:38+00:00,2026-09-20,3517146,Spread: Texans (-2.5),nfl-cin-hou-2026-09-20-spread-home-2pt5,2026-09-20T17:00:00Z,Texans,0.525,Bengals,0.475,150788.942185,191938.643781,1180695.5638
2026-09-20T10:11:38+00:00,2026-09-20,2170255,Bab el-Mandeb Strait effectively closed by September 30?,bab-el-mandeb-strait-effectively-closed-by-september-30-999-671-939,2026-10-01T03:59:00Z,Yes,0.0385,No,0.9615,147944.659141,3518551.944807,112678.57549
2026-09-20T10:11:38+00:00,2026-09-20,4527564,"Will the price of Bitcoin be above $80,000 on September 20?",bitcoin-above-80k-on-september-20-2026,2026-09-20T16:00:00Z,Yes,0.903,No,0.097,144245.79162300003,168164.800198,46869.4721
2026-09-20T10:11:38+00:00,2026-09-20,3482734,Raiders vs. Chargers,nfl-lv-lac-2026-09-20,2026-09-20T20:05:00Z,Raiders,0.265,Chargers,0.735,139406.41014800002,168088.97384800002,450171.2221
2026-09-20T10:11:38+00:00,2026-09-20,567621,Will China invade Taiwan by end of 2026?,will-china-invade-taiwan-before-2027,2027-01-01T04:59:00Z,Yes,0.0455,No,0.9545,138976.39745599998,42463430.24857686,427796.46391
2026-09-20T10:11:38+00:00,2026-09-20,3482696,Eagles vs. Titans,nfl-phi-ten-2026-09-20,2026-09-20T17:00:00Z,Eagles,0.755,Titans,0.245,138136.585176,195198.06467400002,497800.8783
2026-09-20T10:11:38+00:00,2026-09-20,4677695,LoL: DN SOOPers Challengers vs T1 Academy (BO1) - World Star Challengers Invitational Group A,lol-dnsc-t1a-2026-09-20,2026-09-20T16:15:00Z,DN SOOPers Challengers,0.375,T1 Academy,0.625,136395.873445,136407.690345,44674.5754
2026-09-20T10:11:38+00:00,2026-09-20,4319472,Will Sunderland AFC win on 2026-09-20?,epl-mac-sun-2026-09-20-sun,2026-09-20T13:00:00Z,Yes,0.095,No,0.905,134355.80174399997,136701.208567,580540.5557
2026-09-20T10:11:38+00:00,2026-09-20,2046508,Will voter turnout be 62% or higher in the 2026 Russian parliamentary election?,will-voter-turnout-be-62-or-higher-in-the-2026-russian-parliamentary-election,2026-09-20T00:00:00Z,Yes,0.212,No,0.788,132715.99575500004,180036.02771699996,31226.77722
2026-09-20T10:11:38+00:00,2026-09-20,4726844,Counter-Strike: NAVI Junior vs Bushido Wildcats (BO3) - European Pro League Series 9 Group C,cs2-navij1-bw-2026-09-20,2026-09-20T14:00:00Z,NAVI Junior,0.495,Bushido Wildcats,0.505,131502.64521300004,131502.64521299998,36302.0789
2026-09-20T10:11:38+00:00,2026-09-20,3702045,"US announces end of Iranian blockade by September 21, 2026?",us-announces-end-of-iranian-blockade-by-september-21-2026,2026-09-22T03:59:00Z,Yes,0.013,No,0.987,130037.94739099998,1347175.0096829997,59567.38061
2026-09-20T10:11:38+00:00,2026-09-20,3399458,Israel x Iran ceasefire continues through September 30?,israel-x-iran-ceasefire-continues-through-september-30,2026-09-30T20:29:00Z,Yes,0.925,No,0.075,123710.28143400003,2394444.022703,73364.3665
2026-09-20T10:11:38+00:00,2026-09-20,561976,Will Tulsi Gabbard win the 2028 Republican presidential nomination?,will-tulsi-gabbard-win-the-2028-republican-presidential-nomination,2028-11-07T00:00:00Z,Yes,0.0035,No,0.9965,123155.482998,14075779.425271,849005.10989
2026-09-20T10:11:38+00:00,2026-09-20,4322451,Leeds United FC vs. Crystal Palace FC: O/U 2.5,epl-lee-cry-2026-09-20-total-2pt5,2026-09-20T13:00:00Z,Over,0.555,Under,0.445,121894.898734,123346.86360399997,322665.7754
2026-09-20T10:11:38+00:00,2026-09-20,4384970,Spread: SF (-12.5),nfl-mia-sf-2026-09-20-spread-home-12pt5,2026-09-20T20:25:00Z,SF,0.515,MIA,0.485,119398.97413400003,207943.190094,191592.0699
2026-09-20T10:11:38+00:00,2026-09-20,4741012,Dota 2: PlayTime vs Team Cobra (BO3) - PGL Wallachia Group Stage,dota2-playti-tc4-2026-09-20,2026-09-20T13:00:00Z,PlayTime,0.605,Team Cobra,0.395,119218.39055899998,119218.39055899998,58251.4729
2026-09-20T10:11:38+00:00,2026-09-20,3902370,Israel x Iran ceasefire continues through November 30?,israel-x-iran-ceasefire-continues-through-november-30,2026-11-30T20:29:00Z,Yes,0.705,No,0.295,117465.330686,386666.83675799996,18153.0767
2026-09-20T10:11:38+00:00,2026-09-20,4312324,Will SSC Napoli win on 2026-09-20?,sea-fio-nap-2026-09-20-nap,2026-09-20T10:30:00Z,Yes,0.425,No,0.575,114832.095092,136310.03595700007,522064.7357
2026-09-20T10:11:38+00:00,2026-09-20,4677702,LoL: Fuego vs EDward Gaming Youth Team (BO1) - World Star Challengers Invitational Group A,lol-fue-edgy-2026-09-20,2026-09-20T17:15:00Z,Fuego,0.155,EDward Gaming Youth Team,0.845,110767.761292,114801.97555099998,57562.2413
2026-09-20T10:11:38+00:00,2026-09-20,4052413,"Will Bitcoin reach $100,000 in September?",will-bitcoin-reach-100k-in-september-2026,2026-10-01T04:00:00Z,Yes,0.0085,No,0.9915,109961.586439,962879.843578,155600.58918
2026-09-20T10:11:38+00:00,2026-09-20,4689506,Bitcoin Up or Down on September 20?,bitcoin-up-or-down-on-september-20-2026,2026-09-20T16:00:00Z,Up,0.0325,Down,0.9675,109160.44675900001,109390.40295299997,35316.76196
2026-09-20T10:11:38+00:00,2026-09-20,4322537,Spread: Sunderland AFC (-1.5),epl-mac-sun-2026-09-20-spread-away-1pt5,2026-09-20T13:00:00Z,Sunderland AFC,0.024,Manchester City FC,0.976,107150.23670399994,107162.26399899999,81764.92706
2026-09-20T10:11:38+00:00,2026-09-20,1236459,Trump x Greenland deal signed by December 31?,trump-x-greenland-deal-signed-by-december-31,2027-01-01T04:59:00Z,Yes,0.958,No,0.042,106733.892714,341852.52954300016,63643.97755
2026-09-20T10:11:38+00:00,2026-09-20,559680,Will Phil Murphy win the 2028 Democratic presidential nomination?,will-phil-murphy-win-the-2028-democratic-presidential-nomination-611,2028-11-07T00:00:00Z,Yes,0.0005,No,0.9995,101000.0,42529361.39436499,2719330.02612
2026-09-20T10:11:38+00:00,2026-09-20,559700,Will Adam Schiff win the 2028 Democratic presidential nomination?,will-adam-schiff-win-the-2028-democratic-presidential-nomination,2028-11-07T00:00:00Z,Yes,0.0005,No,0.9995,100164.76,655800.6868329999,1689336.30796
2026-09-20T10:11:38+00:00,2026-09-20,2046505,Will voter turnout be between 53% and 56% in the 2026 Russian parliamentary election?,will-voter-turnout-be-between-53-and-56-in-the-2026-russian-parliamentary-election,2026-09-20T00:00:00Z,Yes,0.0675,No,0.9325,99892.022191,113475.58518400001,31988.14936
2026-09-20T10:11:38+00:00,2026-09-20,2126460,Will Crude Oil reach a new all-time high by September 30?,will-crude-oil-reach-a-new-all-time-high-by-september-30,2026-10-01T03:59:00Z,Yes,0.0095,No,0.9905,99232.297987,1918126.7321060002,150519.68553
2026-09-20T10:11:38+00:00,2026-09-20,4728828,LoL: G2 Esports vs Movistar KOI (BO5) - LEC Playoffs,lol-g2-mkoi-2026-09-20,2026-09-20T21:00:00Z,G2 Esports,0.685,Movistar KOI,0.315,97094.466762,97094.466762,156504.3691
2026-09-20T10:11:38+00:00,2026-09-20,601825,Will Renan Santos win the 2026 Brazilian presidential election?,will-renan-santos-win-the-2026-brazilian-presidential-election,2026-10-04T00:00:00Z,Yes,0.0085,No,0.9915,96454.85599600001,13871365.847272003,441726.02917
2026-09-20T10:11:38+00:00,2026-09-20,559651,Xi Jinping out before 2027?,xi-jinping-out-before-2027,2027-01-01T04:59:00Z,Yes,0.0355,No,0.9645,96144.29346999998,13696708.29519199,426899.78487
2026-09-20T10:11:38+00:00,2026-09-20,3482749,Seahawks vs. Cardinals,nfl-sea-ari-2026-09-20,2026-09-20T20:25:00Z,Seahawks,0.655,Cardinals,0.345,94614.59367400003,103838.357399,505416.2561
2026-09-20T10:11:38+00:00,2026-09-20,4319490,Will FC Schalke 04 win on 2026-09-20?,bun-s04-elv-2026-09-20-s04,2026-09-20T15:30:00Z,Yes,0.495,No,0.505,94118.18956499998,96610.951227,281370.6629
2026-09-20T10:11:38+00:00,2026-09-20,4545845,"Will Bitcoin dip to $64,000 September 14-20?",will-bitcoin-dip-to-64k-september-14-20-2026,2026-09-21T04:00:00Z,Yes,0.0005,No,0.9995,93000.0,135061.090717,87587.17165
2026-09-20T10:11:38+00:00,2026-09-20,3701690,Israel closes its airspace by September 30?,israel-closes-its-airspace-by-september-30,2026-10-01T03:59:00Z,Yes,0.973,No,0.027,92351.025792,3406151.3991719997,79178.44625
2026-09-20T10:11:38+00:00,2026-09-20,2737255,Will the Iranian regime fall by September 30?,will-the-iranian-regime-fall-by-september-30-20260629143335077,2026-10-01T03:59:00Z,Yes,0.0055,No,0.9945,92249.012434,2410172.2805450005,228366.28554
2026-09-20T10:11:38+00:00,2026-09-20,679058,Will François Baroin win the 2027 French presidential election?,will-franois-baroin-win-the-2027-french-presidential-election,2027-04-30T00:00:00Z,Yes,0.0015,No,0.9985,92106.241,1234863.4409989999,99382.25355
2026-09-20T10:11:38+00:00,2026-09-20,4319495,Will Lille OSC win on 2026-09-20?,fl1-ogc-lil-2026-09-20-lil,2026-09-20T15:15:00Z,Yes,0.445,No,0.555,91720.96073800001,98097.94475699999,330691.4357
2026-09-20T10:11:38+00:00,2026-09-20,4677674,LoL: Fuego vs DN SOOPers Challengers (BO1) - World Star Challengers Invitational Group A,lol-fue-dnsc-2026-09-20,2026-09-20T13:00:00Z,Fuego,0.0005,DN SOOPers Challengers,0.9995,91571.07231200002,307058.7139230001,161676.37485
2026-09-20T10:11:38+00:00,2026-09-20,4527568,"Will the price of Bitcoin be above $84,000 on September 20?",bitcoin-above-84k-on-september-20-2026,2026-09-20T16:00:00Z,Yes,0.0025,No,0.9975,86753.46179500002,117305.019633,57785.94577
2026-09-20T10:11:38+00:00,2026-09-20,2757891,Will Aleksandar Vučić be the next Prime Minister of Serbia?,will-aleksandar-vucic-be-the-next-prime-minister-of-serbia-20260629223938643,2028-06-30T23:59:00Z,Yes,0.5465,No,0.4535,86234.14546099998,250131.923091,66052.66028
2026-09-20T10:11:38+00:00,2026-09-20,3758964,Bab el-Mandeb Strait effectively closed by October 31?,bab-el-mandeb-strait-effectively-closed-by-october-31,2026-11-01T03:59:00Z,Yes,0.125,No,0.875,84775.18046100001,558040.197692,57093.186
2026-09-20T10:11:38+00:00,2026-09-20,3128886,"US announces end of Iranian blockade by December 31, 2026?",us-announces-end-of-iranian-blockade-by-december-31-2026-20260727171803489-375-949-645-919-269-157-255-857,2027-01-01T04:59:00Z,Yes,0.595,No,0.405,84613.70934799999,1998037.816757,222442.98329
2026-09-20T10:11:38+00:00,2026-09-20,2046506,Will voter turnout be between 56% and 59% in the 2026 Russian parliamentary election?,will-voter-turnout-be-between-56-and-59-in-the-2026-russian-parliamentary-election,2026-09-20T00:00:00Z,Yes,0.3,No,0.7,84412.32373799999,95206.37044099996,35258.07021
2026-09-20T10:11:38+00:00,2026-09-20,1130017,Will Rodina gain the most seats in the next Russian parliamentary election?,will-rodina-gain-the-most-seats-in-the-next-russian-parliamentary-election,2026-09-30T00:00:00Z,Yes,0.0005,No,0.9995,82010.0,3184052.2046439983,466330.64468
2026-09-20T10:11:38+00:00,2026-09-20,3120760,"NATO x Russia military clash by October 31, 2026?",nato-x-russia-military-clash-by-october-31-2026,2026-11-01T03:59:00Z,Yes,0.155,No,0.845,81751.676294,636026.103385,158503.6201
2026-09-20T10:11:38+00:00,2026-09-20,4527566,"Will the price of Bitcoin be above $82,000 on September 20?",bitcoin-above-82k-on-september-20-2026,2026-09-20T16:00:00Z,Yes,0.015,No,0.985,80303.35774400001,126589.06541200001,45438.24821
2026-09-20T10:11:38+00:00,2026-09-20,1364103,Will AfD win the most seats in the 2026 Mecklenburg-Vorpommern parliamentary elections?,will-afd-win-the-most-seats-in-the-2026-mecklenburg-vorpommern-parliamentary-elections,2026-09-20T00:00:00Z,Yes,0.465,No,0.535,79548.753044,815510.3985730001,95428.3562
2026-09-20T10:11:38+00:00,2026-09-20,4527560,"Will the price of Bitcoin be above $76,000 on September 20?",bitcoin-above-76k-on-september-20-2026,2026-09-20T16:00:00Z,Yes,0.9975,No,0.0025,75897.176086,89021.616702,56313.95186
2026-09-20T10:11:38+00:00,2026-09-20,4527562,"Will the price of Bitcoin be above $78,000 on September 20?",bitcoin-above-78k-on-september-20-2026,2026-09-20T16:00:00Z,Yes,0.9935,No,0.0065,75838.76685,97304.26712100001,51877.77971
2026-09-20T10:11:38+00:00,2026-09-20,4052419,"Will Bitcoin reach $85,000 in September?",will-bitcoin-reach-85k-in-september-2026,2026-10-01T04:00:00Z,Yes,0.355,No,0.645,75434.603183,788778.527602,76916.7972
2026-09-20T10:11:38+00:00,2026-09-20,4303355,Will Kashiwa Reysol win on 2026-09-20?,jap-zel-rey-2026-09-20-rey,2026-09-20T08:00:00Z,Yes,0.9995,No,0.0005,74833.41952599998,74887.028594,142820.65525
2026-09-20T10:11:38+00:00,2026-09-20,3399197,Russia Elections: United Russia Wins Every Region?,russia-elections-united-russia-wins-every-region,2027-10-01T03:59:00Z,Yes,0.725,No,0.275,71378.61264400001,600537.6262839999,49732.2658
2026-09-20T10:11:38+00:00,2026-09-20,4740845,Saint Tropez: Mickael Kaouk vs Justin Boulais,atp-kaouk-boulais-2026-09-20,2026-09-27T08:00:00Z,Mickael Kaouk,0.295,Justin Boulais,0.705,70308.05059999999,70308.0506,92880.9932
2026-09-20T10:11:38+00:00,2026-09-20,4741072,Dota 2: GamerLegion vs LGD Gaming (BO3) - PGL Wallachia Group Stage,dota2-gl-lgd-2026-09-20,2026-09-20T16:30:00Z,GamerLegion,0.345,LGD Gaming,0.655,69732.74223300001,69732.742233,66908.8993
2026-09-20T10:11:38+00:00,2026-09-20,3920042,Commanders vs. Cowboys: O/U 50.5,nfl-was-dal-2026-09-20-total-50pt5,2026-09-20T20:25:00Z,Over,0.525,Under,0.475,68751.476984,68751.476984,166613.664
2026-09-20T10:11:38+00:00,2026-09-20,4527570,"Will the price of Bitcoin be above $86,000 on September 20?",bitcoin-above-86k-on-september-20-2026,2026-09-20T16:00:00Z,Yes,0.0005,No,0.9995,68021.79376300001,83097.434988,59251.82306
2026-09-20T10:11:38+00:00,2026-09-20,3128888,"US announces end of Iranian blockade by October 31, 2026?",us-announces-end-of-iranian-blockade-by-october-31-2026-20260727171711632-895-372-622-413-171-454-592-696,2026-11-01T03:59:00Z,Yes,0.345,No,0.655,66940.30085300001,1490957.9500069998,108946.5522
