date,run_ts_utc,market_id,price_yes,closed,active,note
2026-09-08,2026-09-08T00:04:26+00:00,1130016,0.2525,False,True,
2026-09-08,2026-09-08T00:04:26+00:00,2589811,0.0335,False,True,
2026-09-08,2026-09-08T00:04:26+00:00,2264327,0.055,False,True,
2026-09-08,2026-09-08T00:04:26+00:00,608547,0.6395,False,True,
2026-09-08,2026-09-08T07:57:56+00:00,2252244,0.485,False,True,
2026-09-08,2026-09-08T07:57:56+00:00,2252245,0.515,False,True,
2026-09-08,2026-09-08T07:57:56+00:00,562802,0.875,False,True,
2026-09-08,2026-09-08T07:57:56+00:00,562803,0.135,False,True,
2026-09-08,2026-09-08T07:57:56+00:00,1130012,0.685,False,True,
2026-09-08,2026-09-08T07:57:56+00:00,2589813,0.305,False,True,
2026-09-08,2026-09-08T07:57:56+00:00,2589812,0.675,False,True,
2026-09-08,2026-09-08T07:57:56+00:00,562830,0.355,False,True,
2026-09-08,2026-09-08T07:57:56+00:00,562831,0.125,False,True,
2026-09-08,2026-09-08T07:57:56+00:00,601819,0.565,False,True,
2026-09-08,2026-09-08T07:57:56+00:00,3701690,0.964,False,True,
2026-09-08,2026-09-08T07:57:56+00:00,562793,0.515,False,True,
2026-09-08,2026-09-08T07:57:56+00:00,562794,0.485,False,True,
2026-09-08,2026-09-08T07:57:56+00:00,601826,0.4215,False,True,
2026-09-08,2026-09-08T07:57:56+00:00,1130015,0.0415,False,True,
2026-09-08,2026-09-08T07:57:56+00:00,608545,0.1445,False,True,
2026-09-08,2026-09-08T07:57:56+00:00,562828,0.515,False,True,
2026-09-08,2026-09-08T07:57:56+00:00,3501950,0.075,False,True,
2026-09-08,2026-09-08T07:57:56+00:00,1130016,0.2565,False,True,
2026-09-08,2026-09-08T07:57:56+00:00,608547,0.6355,False,True,
2026-09-08,2026-09-08T07:57:56+00:00,2264327,0.055,False,True,
2026-09-08,2026-09-08T07:57:56+00:00,608566,0.055,False,True,
2026-09-08,2026-09-08T07:57:56+00:00,628940,0.0345,False,True,
2026-09-08,2026-09-08T07:57:56+00:00,1439550,0.039,False,True,
2026-09-08,2026-09-08T07:57:56+00:00,3399197,0.655,False,True,
2026-09-08,2026-09-08T07:57:56+00:00,608553,0.0355,False,True,
2026-09-08,2026-09-08T07:57:56+00:00,3247642,0.075,False,True,
2026-09-08,2026-09-08T07:57:56+00:00,2170255,0.0515,False,True,
2026-09-08,2026-09-08T07:57:56+00:00,3128888,0.345,False,True,
2026-09-08,2026-09-08T07:57:56+00:00,4052413,0.0325,False,True,
2026-09-08,2026-09-08T07:57:56+00:00,1365854,0.0715,False,True,
2026-09-08,2026-09-08T07:57:56+00:00,2046125,0.075,False,True,
2026-09-08,2026-09-08T07:57:56+00:00,2046126,0.047,False,True,
2026-09-08,2026-09-08T07:57:56+00:00,4052415,0.06,False,True,
2026-09-08,2026-09-08T07:57:56+00:00,608540,0.102,False,True,
2026-09-08,2026-09-08T07:57:56+00:00,2646914,0.9145,False,True,
2026-09-08,2026-09-08T07:57:56+00:00,3501951,0.155,False,True,
2026-09-08,2026-09-08T07:57:56+00:00,3128887,0.145,False,True,
2026-09-08,2026-09-08T07:57:56+00:00,4052416,0.085,False,True,
2026-09-08,2026-09-08T07:57:56+00:00,4052420,0.555,False,True,
2026-09-08,2026-09-08T07:57:56+00:00,648383,0.305,False,True,
2026-09-08,2026-09-08T07:57:56+00:00,3399450,0.055,False,True,
2026-09-08,2026-09-08T07:57:56+00:00,2243896,0.105,False,True,
2026-09-08,2026-09-08T07:57:56+00:00,2243896,0.105,False,True,
2026-09-08,2026-09-08T07:57:56+00:00,3399450,0.055,False,True,
2026-09-08,2026-09-08T07:57:56+00:00,1365904,0.528,False,True,
2026-09-08,2026-09-08T07:57:56+00:00,4052417,0.155,False,True,
2026-09-08,2026-09-08T07:57:56+00:00,3008494,0.875,False,True,
2026-09-08,2026-09-08T07:57:56+00:00,3399451,0.085,False,True,
2026-09-08,2026-09-08T07:57:56+00:00,4052423,0.655,False,True,
2026-09-08,2026-09-08T07:57:56+00:00,3399458,0.875,False,True,
2026-09-08,2026-09-08T07:57:56+00:00,2646919,0.031,False,True,
2026-09-08,2026-09-08T07:57:56+00:00,4052414,0.045,False,True,
2026-09-08,2026-09-08T07:57:56+00:00,1395706,0.0475,False,True,
2026-09-08,2026-09-08T07:57:56+00:00,4052432,0.0495,False,True,
2026-09-08,2026-09-08T07:57:56+00:00,1395727,0.2035,False,True,
2026-09-08,2026-09-08T07:57:56+00:00,4052418,0.235,False,True,
2026-09-08,2026-09-08T07:57:56+00:00,4052434,0.0365,False,True,
2026-09-08,2026-09-08T07:57:56+00:00,4052446,0.0755,False,True,
2026-09-08,2026-09-08T07:57:56+00:00,1282928,0.055,False,True,
2026-09-08,2026-09-08T07:57:56+00:00,1395732,0.395,False,True,
2026-09-08,2026-09-08T07:57:56+00:00,4052460,0.0455,False,True,
2026-09-08,2026-09-08T07:57:56+00:00,4052447,0.1005,False,True,
2026-09-08,2026-09-08T07:57:56+00:00,3399459,0.765,False,True,
2026-09-08,2026-09-08T07:57:56+00:00,4190831,0.915,False,True,
2026-09-08,2026-09-08T07:57:56+00:00,637004,0.075,False,True,
2026-09-08,2026-09-08T07:57:56+00:00,1283313,0.055,False,True,
2026-09-08,2026-09-08T07:57:56+00:00,1282776,0.055,False,True,
2026-09-08,2026-09-08T07:57:56+00:00,1395701,0.1665,False,True,
2026-09-08,2026-09-08T07:57:56+00:00,2658303,0.0335,False,True,
2026-09-08,2026-09-08T07:57:56+00:00,4052452,0.7,False,True,
2026-09-08,2026-09-08T07:57:56+00:00,1283280,0.055,False,True,
2026-09-08,2026-09-08T07:57:56+00:00,1280825,0.055,False,True,
2026-09-08,2026-09-08T07:57:56+00:00,1280865,0.055,False,True,
2026-09-08,2026-09-08T07:57:56+00:00,4052429,0.155,False,True,
2026-09-08,2026-09-08T07:57:56+00:00,4052427,0.245,False,True,
2026-09-08,2026-09-08T07:57:56+00:00,1395720,0.145,False,True,
2026-09-08,2026-09-08T07:57:56+00:00,1395725,0.095,False,True,
2026-09-08,2026-09-08T07:57:56+00:00,1284528,0.055,False,True,
2026-09-08,2026-09-08T07:57:56+00:00,1283433,0.055,False,True,
2026-09-08,2026-09-08T07:57:56+00:00,1283946,0.055,False,True,
2026-09-08,2026-09-08T07:57:56+00:00,1283416,0.055,False,True,
2026-09-08,2026-09-08T07:57:56+00:00,1283376,0.055,False,True,
2026-09-08,2026-09-08T07:57:56+00:00,1395714,0.0345,False,True,
2026-09-08,2026-09-08T07:57:56+00:00,1281108,0.055,False,True,
2026-09-08,2026-09-08T07:57:56+00:00,1365894,0.305,False,True,
2026-09-08,2026-09-08T07:57:56+00:00,1284640,0.055,False,True,
2026-09-08,2026-09-08T07:57:56+00:00,789952,0.295,False,True,
2026-09-08,2026-09-08T07:57:56+00:00,1395710,0.089,False,True,
2026-09-08,2026-09-08T07:57:56+00:00,4052425,0.415,False,True,
2026-09-08,2026-09-08T07:57:56+00:00,1365861,0.915,False,True,
2026-09-08,2026-09-08T07:57:56+00:00,1283265,0.055,False,True,
2026-09-08,2026-09-08T07:57:56+00:00,1284178,0.055,False,True,
2026-09-08,2026-09-08T07:57:56+00:00,1283177,0.055,False,True,
2026-09-08,2026-09-08T07:57:56+00:00,1283089,0.055,False,True,
2026-09-08,2026-09-08T07:57:56+00:00,1395705,0.1075,False,True,
2026-09-08,2026-09-08T07:57:56+00:00,1283752,0.055,False,True,
2026-09-08,2026-09-08T07:57:56+00:00,1395703,0.249,False,True,
2026-09-08,2026-09-08T07:57:56+00:00,4052445,0.053,False,True,
2026-09-08,2026-09-08T07:57:56+00:00,1284162,0.055,False,True,
2026-09-08,2026-09-08T10:10:34+00:00,2252244,0.475,False,True,
2026-09-08,2026-09-08T10:10:34+00:00,2252245,0.515,False,True,
2026-09-08,2026-09-08T10:10:34+00:00,562802,0.875,False,True,
2026-09-08,2026-09-08T10:10:34+00:00,562803,0.135,False,True,
2026-09-08,2026-09-08T10:10:34+00:00,1130012,0.685,False,True,
2026-09-08,2026-09-08T10:10:34+00:00,2589813,0.305,False,True,
2026-09-08,2026-09-08T10:10:34+00:00,2589812,0.675,False,True,
2026-09-08,2026-09-08T10:10:34+00:00,562830,0.355,False,True,
2026-09-08,2026-09-08T10:10:34+00:00,562831,0.125,False,True,
2026-09-08,2026-09-08T10:10:34+00:00,601819,0.555,False,True,
2026-09-08,2026-09-08T10:10:34+00:00,3701690,0.965,False,True,
2026-09-08,2026-09-08T10:10:34+00:00,562793,0.515,False,True,
2026-09-08,2026-09-08T10:10:34+00:00,562794,0.485,False,True,
2026-09-08,2026-09-08T10:10:34+00:00,601826,0.4215,False,True,
2026-09-08,2026-09-08T10:10:34+00:00,1130015,0.0415,False,True,
2026-09-08,2026-09-08T10:10:34+00:00,608545,0.1465,False,True,
2026-09-08,2026-09-08T10:10:34+00:00,562828,0.515,False,True,
2026-09-08,2026-09-08T10:10:34+00:00,3501950,0.085,False,True,
2026-09-08,2026-09-08T10:10:34+00:00,1130016,0.259,False,True,
2026-09-08,2026-09-08T10:10:34+00:00,608547,0.6355,False,True,
2026-09-08,2026-09-08T10:10:34+00:00,2264327,0.055,False,True,
2026-09-08,2026-09-08T10:10:34+00:00,608566,0.055,False,True,
2026-09-08,2026-09-08T10:10:34+00:00,628940,0.0345,False,True,
2026-09-08,2026-09-08T10:10:34+00:00,1439550,0.039,False,True,
2026-09-08,2026-09-08T10:10:34+00:00,3399197,0.665,False,True,
2026-09-08,2026-09-08T10:10:34+00:00,608553,0.037,False,True,
2026-09-08,2026-09-08T10:10:34+00:00,3247642,0.075,False,True,
2026-09-08,2026-09-08T10:10:34+00:00,2170255,0.045,False,True,
2026-09-08,2026-09-08T10:10:34+00:00,3128888,0.345,False,True,
2026-09-08,2026-09-08T10:10:34+00:00,4052413,0.033,False,True,
2026-09-08,2026-09-08T10:10:34+00:00,1365854,0.0715,False,True,
2026-09-08,2026-09-08T10:10:34+00:00,2046125,0.076,False,True,
2026-09-08,2026-09-08T10:10:34+00:00,2046126,0.0475,False,True,
2026-09-08,2026-09-08T10:10:34+00:00,4052415,0.0645,False,True,
2026-09-08,2026-09-08T10:10:34+00:00,608540,0.101,False,True,
2026-09-08,2026-09-08T10:10:34+00:00,2646914,0.9145,False,True,
2026-09-08,2026-09-08T10:10:34+00:00,3501951,0.15,False,True,
2026-09-08,2026-09-08T10:10:34+00:00,3128887,0.145,False,True,
2026-09-08,2026-09-08T10:10:34+00:00,4052416,0.095,False,True,
2026-09-08,2026-09-08T10:10:34+00:00,4052420,0.605,False,True,
2026-09-08,2026-09-08T10:10:34+00:00,648383,0.31,False,True,
2026-09-08,2026-09-08T10:10:34+00:00,3399450,0.055,False,True,
2026-09-08,2026-09-08T10:10:34+00:00,2243896,0.105,False,True,
2026-09-08,2026-09-08T10:10:34+00:00,2243896,0.105,False,True,
2026-09-08,2026-09-08T10:10:34+00:00,3399450,0.055,False,True,
2026-09-08,2026-09-08T10:10:34+00:00,1365904,0.5295,False,True,
2026-09-08,2026-09-08T10:10:34+00:00,4052417,0.155,False,True,
2026-09-08,2026-09-08T10:10:34+00:00,3008494,0.88,False,True,
2026-09-08,2026-09-08T10:10:34+00:00,3399451,0.085,False,True,
2026-09-08,2026-09-08T10:10:34+00:00,4052423,0.635,False,True,
2026-09-08,2026-09-08T10:10:34+00:00,3399458,0.885,False,True,
2026-09-08,2026-09-08T10:10:34+00:00,2646919,0.031,False,True,
2026-09-08,2026-09-08T10:10:34+00:00,4052414,0.0465,False,True,
2026-09-08,2026-09-08T10:10:34+00:00,1395706,0.052,False,True,
2026-09-08,2026-09-08T10:10:34+00:00,4052432,0.051,False,True,
2026-09-08,2026-09-08T10:10:34+00:00,1395727,0.2115,False,True,
2026-09-08,2026-09-08T10:10:34+00:00,4052418,0.255,False,True,
2026-09-08,2026-09-08T10:10:34+00:00,4052434,0.035,False,True,
2026-09-08,2026-09-08T10:10:34+00:00,4052446,0.0785,False,True,
2026-09-08,2026-09-08T10:10:34+00:00,1282928,0.055,False,True,
2026-09-08,2026-09-08T10:10:34+00:00,1395732,0.395,False,True,
2026-09-08,2026-09-08T10:10:34+00:00,4052460,0.045,False,True,
2026-09-08,2026-09-08T10:10:34+00:00,4052447,0.107,False,True,
2026-09-08,2026-09-08T10:10:34+00:00,3399459,0.785,False,True,
2026-09-08,2026-09-08T10:10:34+00:00,4190831,0.865,False,True,
2026-09-08,2026-09-08T10:10:34+00:00,637004,0.075,False,True,
2026-09-08,2026-09-08T10:10:34+00:00,1283313,0.055,False,True,
2026-09-08,2026-09-08T10:10:34+00:00,1282776,0.055,False,True,
2026-09-08,2026-09-08T10:10:34+00:00,1395701,0.162,False,True,
2026-09-08,2026-09-08T10:10:34+00:00,2658303,0.0335,False,True,
2026-09-08,2026-09-08T10:10:34+00:00,4052452,0.725,False,True,
2026-09-08,2026-09-08T10:10:34+00:00,1283280,0.055,False,True,
2026-09-08,2026-09-08T10:10:34+00:00,1280825,0.055,False,True,
2026-09-08,2026-09-08T10:10:34+00:00,1280865,0.055,False,True,
2026-09-08,2026-09-08T10:10:34+00:00,4052429,0.155,False,True,
2026-09-08,2026-09-08T10:10:34+00:00,4052427,0.245,False,True,
2026-09-08,2026-09-08T10:10:34+00:00,1395720,0.145,False,True,
2026-09-08,2026-09-08T10:10:34+00:00,1395725,0.095,False,True,
2026-09-08,2026-09-08T10:10:34+00:00,1284528,0.055,False,True,
2026-09-08,2026-09-08T10:10:34+00:00,1283433,0.055,False,True,
2026-09-08,2026-09-08T10:10:34+00:00,1283946,0.055,False,True,
2026-09-08,2026-09-08T10:10:34+00:00,1283416,0.055,False,True,
2026-09-08,2026-09-08T10:10:34+00:00,1283376,0.055,False,True,
2026-09-08,2026-09-08T10:10:34+00:00,1395714,0.0345,False,True,
2026-09-08,2026-09-08T10:10:34+00:00,1281108,0.055,False,True,
2026-09-08,2026-09-08T10:10:34+00:00,1365894,0.31,False,True,
2026-09-08,2026-09-08T10:10:34+00:00,1284640,0.055,False,True,
2026-09-08,2026-09-08T10:10:34+00:00,789952,0.295,False,True,
2026-09-08,2026-09-08T10:10:34+00:00,1395710,0.0925,False,True,
2026-09-08,2026-09-08T10:10:34+00:00,4052425,0.395,False,True,
2026-09-08,2026-09-08T10:10:34+00:00,1365861,0.915,False,True,
2026-09-08,2026-09-08T10:10:34+00:00,1283265,0.055,False,True,
2026-09-08,2026-09-08T10:10:34+00:00,1284178,0.055,False,True,
2026-09-08,2026-09-08T10:10:34+00:00,1283177,0.055,False,True,
2026-09-08,2026-09-08T10:10:34+00:00,1283089,0.055,False,True,
2026-09-08,2026-09-08T10:10:34+00:00,1395705,0.1085,False,True,
2026-09-08,2026-09-08T10:10:34+00:00,1283752,0.055,False,True,
2026-09-08,2026-09-08T10:10:34+00:00,1395703,0.249,False,True,
2026-09-08,2026-09-08T10:10:34+00:00,4052445,0.059,False,True,
2026-09-08,2026-09-08T10:10:34+00:00,1284162,0.055,False,True,
2026-09-09,2026-09-09T10:14:14+00:00,2252244,0.465,False,True,
2026-09-09,2026-09-09T10:14:14+00:00,2252245,0.525,False,True,
2026-09-09,2026-09-09T10:14:14+00:00,562802,0.875,False,True,
2026-09-09,2026-09-09T10:14:14+00:00,562803,0.135,False,True,
2026-09-09,2026-09-09T10:14:14+00:00,1130012,0.735,False,True,
2026-09-09,2026-09-09T10:14:14+00:00,2589813,0.305,False,True,
2026-09-09,2026-09-09T10:14:14+00:00,2589812,0.675,False,True,
2026-09-09,2026-09-09T10:14:14+00:00,562830,0.355,False,True,
2026-09-09,2026-09-09T10:14:14+00:00,562831,0.115,False,True,
2026-09-09,2026-09-09T10:14:14+00:00,601819,0.525,False,True,
2026-09-09,2026-09-09T10:14:14+00:00,3701690,0.958,False,True,
2026-09-09,2026-09-09T10:14:14+00:00,562793,0.525,False,True,
2026-09-09,2026-09-09T10:14:14+00:00,562794,0.485,False,True,
2026-09-09,2026-09-09T10:14:14+00:00,601826,0.4555,False,True,
2026-09-09,2026-09-09T10:14:14+00:00,1130015,0.0285,False,True,
2026-09-09,2026-09-09T10:14:14+00:00,608545,0.146,False,True,
2026-09-09,2026-09-09T10:14:14+00:00,562828,0.505,False,True,
2026-09-09,2026-09-09T10:14:14+00:00,3501950,0.075,False,True,
2026-09-09,2026-09-09T10:14:14+00:00,1130016,0.2235,False,True,
2026-09-09,2026-09-09T10:14:14+00:00,608547,0.6275,False,True,
2026-09-09,2026-09-09T10:14:14+00:00,2264327,0.065,False,True,
2026-09-09,2026-09-09T10:14:14+00:00,608566,0.045,False,True,
2026-09-09,2026-09-09T10:14:14+00:00,628940,0.0355,False,True,
2026-09-09,2026-09-09T10:14:14+00:00,1439550,0.0365,False,True,
2026-09-09,2026-09-09T10:14:14+00:00,3399197,0.675,False,True,
2026-09-09,2026-09-09T10:14:14+00:00,608553,0.0225,False,True,
2026-09-09,2026-09-09T10:14:14+00:00,3247642,0.065,False,True,
2026-09-09,2026-09-09T10:14:14+00:00,2170255,0.0375,False,True,
2026-09-09,2026-09-09T10:14:14+00:00,3128888,0.335,False,True,
2026-09-09,2026-09-09T10:14:14+00:00,4052413,0.0355,False,True,
2026-09-09,2026-09-09T10:14:14+00:00,1365854,0.1445,False,True,
2026-09-09,2026-09-09T10:14:14+00:00,2046125,0.055,False,True,
2026-09-09,2026-09-09T10:14:14+00:00,2046126,0.0475,False,True,
2026-09-09,2026-09-09T10:14:14+00:00,4052415,0.079,False,True,
2026-09-09,2026-09-09T10:14:14+00:00,608540,0.1225,False,True,
2026-09-09,2026-09-09T10:14:14+00:00,2646914,0.917,False,True,
2026-09-09,2026-09-09T10:14:14+00:00,3501951,0.14,False,True,
2026-09-09,2026-09-09T10:14:14+00:00,3128887,0.145,False,True,
2026-09-09,2026-09-09T10:14:14+00:00,4052416,0.115,False,True,
2026-09-09,2026-09-09T10:14:14+00:00,4052420,0.615,False,True,
2026-09-09,2026-09-09T10:14:14+00:00,648383,0.315,False,True,
2026-09-09,2026-09-09T10:14:14+00:00,3399450,0.055,False,True,
2026-09-09,2026-09-09T10:14:14+00:00,2243896,0.095,False,True,
2026-09-09,2026-09-09T10:14:14+00:00,2243896,0.095,False,True,
2026-09-09,2026-09-09T10:14:14+00:00,3399450,0.055,False,True,
2026-09-09,2026-09-09T10:14:14+00:00,1365904,0.491,False,True,
2026-09-09,2026-09-09T10:14:14+00:00,4052417,0.185,False,True,
2026-09-09,2026-09-09T10:14:14+00:00,3008494,0.885,False,True,
2026-09-09,2026-09-09T10:14:14+00:00,3399451,0.085,False,True,
2026-09-09,2026-09-09T10:14:14+00:00,4052423,0.575,False,True,
2026-09-09,2026-09-09T10:14:14+00:00,3399458,0.865,False,True,
2026-09-09,2026-09-09T10:14:14+00:00,2646919,0.033,False,True,
2026-09-09,2026-09-09T10:14:14+00:00,4052414,0.0485,False,True,
2026-09-09,2026-09-09T10:14:14+00:00,1395706,0.06,False,True,
2026-09-09,2026-09-09T10:14:14+00:00,4052432,0.0475,False,True,
2026-09-09,2026-09-09T10:14:14+00:00,1395727,0.228,False,True,
2026-09-09,2026-09-09T10:14:14+00:00,4052418,0.285,False,True,
2026-09-09,2026-09-09T10:14:14+00:00,4052434,0.0335,False,True,
2026-09-09,2026-09-09T10:14:14+00:00,4052446,0.079,False,True,
2026-09-09,2026-09-09T10:14:14+00:00,1282928,0.055,False,True,
2026-09-09,2026-09-09T10:14:14+00:00,1395732,0.395,False,True,
2026-09-09,2026-09-09T10:14:14+00:00,4052460,0.0485,False,True,
2026-09-09,2026-09-09T10:14:14+00:00,4052447,0.1065,False,True,
2026-09-09,2026-09-09T10:14:14+00:00,3399459,0.745,False,True,
2026-09-09,2026-09-09T10:14:14+00:00,4190831,0.84,False,True,
2026-09-09,2026-09-09T10:14:14+00:00,637004,0.075,False,True,
2026-09-09,2026-09-09T10:14:14+00:00,1283313,0.055,False,True,
2026-09-09,2026-09-09T10:14:14+00:00,1282776,0.055,False,True,
2026-09-09,2026-09-09T10:14:14+00:00,1395701,0.1545,False,True,
2026-09-09,2026-09-09T10:14:14+00:00,2658303,0.0315,False,True,
2026-09-09,2026-09-09T10:14:14+00:00,4052452,0.735,False,True,
2026-09-09,2026-09-09T10:14:14+00:00,1283280,0.055,False,True,
2026-09-09,2026-09-09T10:14:14+00:00,1280825,0.055,False,True,
2026-09-09,2026-09-09T10:14:14+00:00,1280865,0.055,False,True,
2026-09-09,2026-09-09T10:14:14+00:00,4052429,0.135,False,True,
2026-09-09,2026-09-09T10:14:14+00:00,4052427,0.215,False,True,
2026-09-09,2026-09-09T10:14:14+00:00,1395720,0.13,False,True,
2026-09-09,2026-09-09T10:14:14+00:00,1395725,0.095,False,True,
2026-09-09,2026-09-09T10:14:14+00:00,1284528,0.055,False,True,
2026-09-09,2026-09-09T10:14:14+00:00,1283433,0.055,False,True,
2026-09-09,2026-09-09T10:14:14+00:00,1283946,0.055,False,True,
2026-09-09,2026-09-09T10:14:14+00:00,1283416,0.055,False,True,
2026-09-09,2026-09-09T10:14:14+00:00,1283376,0.055,False,True,
2026-09-09,2026-09-09T10:14:14+00:00,1395714,0.034,False,True,
2026-09-09,2026-09-09T10:14:14+00:00,1281108,0.055,False,True,
2026-09-09,2026-09-09T10:14:14+00:00,1365894,0.31,False,True,
2026-09-09,2026-09-09T10:14:14+00:00,1284640,0.055,False,True,
2026-09-09,2026-09-09T10:14:14+00:00,789952,0.285,False,True,
2026-09-09,2026-09-09T10:14:14+00:00,1395710,0.1025,False,True,
2026-09-09,2026-09-09T10:14:14+00:00,4052425,0.375,False,True,
2026-09-09,2026-09-09T10:14:14+00:00,1365861,0.84,False,True,
2026-09-09,2026-09-09T10:14:14+00:00,1283265,0.055,False,True,
2026-09-09,2026-09-09T10:14:14+00:00,1284178,0.055,False,True,
2026-09-09,2026-09-09T10:14:14+00:00,1283177,0.055,False,True,
2026-09-09,2026-09-09T10:14:14+00:00,1283089,0.055,False,True,
2026-09-09,2026-09-09T10:14:14+00:00,1395705,0.115,False,True,
2026-09-09,2026-09-09T10:14:14+00:00,1283752,0.055,False,True,
2026-09-09,2026-09-09T10:14:14+00:00,1395703,0.228,False,True,
2026-09-09,2026-09-09T10:14:14+00:00,4052445,0.0595,False,True,
2026-09-09,2026-09-09T10:14:14+00:00,1284162,0.055,False,True,
2026-09-10,2026-09-10T10:08:43+00:00,2252244,0.455,False,True,
2026-09-10,2026-09-10T10:08:43+00:00,2252245,0.535,False,True,
2026-09-10,2026-09-10T10:08:43+00:00,562802,0.865,False,True,
2026-09-10,2026-09-10T10:08:43+00:00,562803,0.135,False,True,
2026-09-10,2026-09-10T10:08:43+00:00,1130012,0.745,False,True,
2026-09-10,2026-09-10T10:08:43+00:00,2589813,0.305,False,True,
2026-09-10,2026-09-10T10:08:43+00:00,2589812,0.675,False,True,
2026-09-10,2026-09-10T10:08:43+00:00,562830,0.355,False,True,
2026-09-10,2026-09-10T10:08:43+00:00,562831,0.125,False,True,
2026-09-10,2026-09-10T10:08:43+00:00,601819,0.515,False,True,
2026-09-10,2026-09-10T10:08:43+00:00,3701690,0.96,False,True,
2026-09-10,2026-09-10T10:08:43+00:00,562793,0.525,False,True,
2026-09-10,2026-09-10T10:08:43+00:00,562794,0.485,False,True,
2026-09-10,2026-09-10T10:08:43+00:00,601826,0.4645,False,True,
2026-09-10,2026-09-10T10:08:43+00:00,1130015,0.03,False,True,
2026-09-10,2026-09-10T10:08:43+00:00,608545,0.1615,False,True,
2026-09-10,2026-09-10T10:08:43+00:00,562828,0.495,False,True,
2026-09-10,2026-09-10T10:08:43+00:00,3501950,0.06,False,True,
2026-09-10,2026-09-10T10:08:43+00:00,1130016,0.2145,False,True,
2026-09-10,2026-09-10T10:08:43+00:00,608547,0.6235,False,True,
2026-09-10,2026-09-10T10:08:43+00:00,2264327,0.055,False,True,
2026-09-10,2026-09-10T10:08:43+00:00,608566,0.045,False,True,
2026-09-10,2026-09-10T10:08:43+00:00,628940,0.0365,False,True,
2026-09-10,2026-09-10T10:08:43+00:00,1439550,0.037,False,True,
2026-09-10,2026-09-10T10:08:43+00:00,3399197,0.705,False,True,
2026-09-10,2026-09-10T10:08:43+00:00,608553,0.0255,False,True,
2026-09-10,2026-09-10T10:08:43+00:00,3247642,0.075,False,True,
2026-09-10,2026-09-10T10:08:43+00:00,2170255,0.0885,False,True,
2026-09-10,2026-09-10T10:08:43+00:00,3128888,0.325,False,True,
2026-09-10,2026-09-10T10:08:43+00:00,4052413,0.0265,False,True,
2026-09-10,2026-09-10T10:08:43+00:00,1365854,0.185,False,True,
2026-09-10,2026-09-10T10:08:43+00:00,2046125,0.0735,False,True,
2026-09-10,2026-09-10T10:08:43+00:00,2046126,0.0495,False,True,
2026-09-10,2026-09-10T10:08:43+00:00,4052415,0.0565,False,True,
2026-09-10,2026-09-10T10:08:43+00:00,608540,0.099,False,True,
2026-09-10,2026-09-10T10:08:43+00:00,2646914,0.9255,False,True,
2026-09-10,2026-09-10T10:08:43+00:00,3501951,0.105,False,True,
2026-09-10,2026-09-10T10:08:43+00:00,3128887,0.135,False,True,
2026-09-10,2026-09-10T10:08:43+00:00,4052416,0.075,False,True,
2026-09-10,2026-09-10T10:08:43+00:00,4052420,0.52,False,True,
2026-09-10,2026-09-10T10:08:43+00:00,648383,0.325,False,True,
2026-09-10,2026-09-10T10:08:43+00:00,3399450,0.055,False,True,
2026-09-10,2026-09-10T10:08:43+00:00,2243896,0.095,False,True,
2026-09-10,2026-09-10T10:08:43+00:00,2243896,0.095,False,True,
2026-09-10,2026-09-10T10:08:43+00:00,3399450,0.055,False,True,
2026-09-10,2026-09-10T10:08:43+00:00,1365904,0.4535,False,True,
2026-09-10,2026-09-10T10:08:43+00:00,4052417,0.135,False,True,
2026-09-10,2026-09-10T10:08:43+00:00,3008494,0.875,False,True,
2026-09-10,2026-09-10T10:08:43+00:00,3399451,0.085,False,True,
2026-09-10,2026-09-10T10:08:43+00:00,4052423,0.655,False,True,
2026-09-10,2026-09-10T10:08:43+00:00,3399458,0.865,False,True,
2026-09-10,2026-09-10T10:08:43+00:00,2646919,0.032,False,True,
2026-09-10,2026-09-10T10:08:43+00:00,4052414,0.0375,False,True,
2026-09-10,2026-09-10T10:08:43+00:00,1395706,0.061,False,True,
2026-09-10,2026-09-10T10:08:43+00:00,4052432,0.0505,False,True,
2026-09-10,2026-09-10T10:08:43+00:00,1395727,0.23,False,True,
2026-09-10,2026-09-10T10:08:43+00:00,4052418,0.215,False,True,
2026-09-10,2026-09-10T10:08:43+00:00,4052434,0.0355,False,True,
2026-09-10,2026-09-10T10:08:43+00:00,4052446,0.067,False,True,
2026-09-10,2026-09-10T10:08:43+00:00,1282928,0.055,False,True,
2026-09-10,2026-09-10T10:08:43+00:00,1395732,0.395,False,True,
2026-09-10,2026-09-10T10:08:43+00:00,4052460,0.051,False,True,
2026-09-10,2026-09-10T10:08:43+00:00,4052447,0.095,False,True,
2026-09-10,2026-09-10T10:08:43+00:00,3399459,0.755,False,True,
2026-09-10,2026-09-10T10:08:43+00:00,4190831,0.925,False,True,
2026-09-10,2026-09-10T10:08:43+00:00,637004,0.075,False,True,
2026-09-10,2026-09-10T10:08:43+00:00,1283313,0.055,False,True,
2026-09-10,2026-09-10T10:08:43+00:00,1282776,0.055,False,True,
2026-09-10,2026-09-10T10:08:43+00:00,1395701,0.126,False,True,
2026-09-10,2026-09-10T10:08:43+00:00,2658303,0.0315,False,True,
2026-09-10,2026-09-10T10:08:43+00:00,4052452,0.67,False,True,
2026-09-10,2026-09-10T10:08:43+00:00,1283280,0.055,False,True,
2026-09-10,2026-09-10T10:08:43+00:00,1280825,0.055,False,True,
2026-09-10,2026-09-10T10:08:43+00:00,1280865,0.055,False,True,
2026-09-10,2026-09-10T10:08:43+00:00,4052429,0.145,False,True,
2026-09-10,2026-09-10T10:08:43+00:00,4052427,0.255,False,True,
2026-09-10,2026-09-10T10:08:43+00:00,1395720,0.135,False,True,
2026-09-10,2026-09-10T10:08:43+00:00,1395725,0.095,False,True,
2026-09-10,2026-09-10T10:08:43+00:00,1284528,0.055,False,True,
2026-09-10,2026-09-10T10:08:43+00:00,1283433,0.055,False,True,
2026-09-10,2026-09-10T10:08:43+00:00,1283946,0.055,False,True,
2026-09-10,2026-09-10T10:08:43+00:00,1283416,0.055,False,True,
2026-09-10,2026-09-10T10:08:43+00:00,1283376,0.055,False,True,
2026-09-10,2026-09-10T10:08:43+00:00,1395714,0.0345,False,True,
2026-09-10,2026-09-10T10:08:43+00:00,1281108,0.055,False,True,
2026-09-10,2026-09-10T10:08:43+00:00,1365894,0.45,False,True,
2026-09-10,2026-09-10T10:08:43+00:00,1284640,0.055,False,True,
2026-09-10,2026-09-10T10:08:43+00:00,789952,0.295,False,True,
2026-09-10,2026-09-10T10:08:43+00:00,1395710,0.1015,False,True,
2026-09-10,2026-09-10T10:08:43+00:00,4052425,0.415,False,True,
2026-09-10,2026-09-10T10:08:43+00:00,1365861,0.775,False,True,
2026-09-10,2026-09-10T10:08:43+00:00,1283265,0.055,False,True,
2026-09-10,2026-09-10T10:08:43+00:00,1284178,0.055,False,True,
2026-09-10,2026-09-10T10:08:43+00:00,1283177,0.055,False,True,
2026-09-10,2026-09-10T10:08:43+00:00,1283089,0.055,False,True,
2026-09-10,2026-09-10T10:08:43+00:00,1395705,0.1135,False,True,
2026-09-10,2026-09-10T10:08:43+00:00,1283752,0.055,False,True,
2026-09-10,2026-09-10T10:08:43+00:00,1395703,0.2475,False,True,
2026-09-10,2026-09-10T10:08:43+00:00,4052445,0.0445,False,True,
2026-09-10,2026-09-10T10:08:43+00:00,1284162,0.055,False,True,
2026-09-11,2026-09-11T10:06:04+00:00,2252244,0.385,False,True,
2026-09-11,2026-09-11T10:06:04+00:00,2252245,0.605,False,True,
2026-09-11,2026-09-11T10:06:04+00:00,562802,0.865,False,True,
2026-09-11,2026-09-11T10:06:04+00:00,562803,0.145,False,True,
2026-09-11,2026-09-11T10:06:04+00:00,1130012,0.78,False,True,
2026-09-11,2026-09-11T10:06:04+00:00,2589813,0.325,False,True,
2026-09-11,2026-09-11T10:06:04+00:00,2589812,0.655,False,True,
2026-09-11,2026-09-11T10:06:04+00:00,562830,0.355,False,True,
2026-09-11,2026-09-11T10:06:04+00:00,562831,0.135,False,True,
2026-09-11,2026-09-11T10:06:04+00:00,601819,0.445,False,True,
2026-09-11,2026-09-11T10:06:04+00:00,3701690,0.972,False,True,
2026-09-11,2026-09-11T10:06:04+00:00,562793,0.525,False,True,
2026-09-11,2026-09-11T10:06:04+00:00,562794,0.485,False,True,
2026-09-11,2026-09-11T10:06:04+00:00,601826,0.536,False,True,
2026-09-11,2026-09-11T10:06:04+00:00,1130015,0.0305,False,True,
2026-09-11,2026-09-11T10:06:04+00:00,608545,0.1625,False,True,
2026-09-11,2026-09-11T10:06:04+00:00,562828,0.495,False,True,
2026-09-11,2026-09-11T10:06:04+00:00,3501950,0.085,False,True,
2026-09-11,2026-09-11T10:06:04+00:00,1130016,0.176,False,True,
2026-09-11,2026-09-11T10:06:04+00:00,608547,0.6195,False,True,
2026-09-11,2026-09-11T10:06:04+00:00,2264327,0.055,False,True,
2026-09-11,2026-09-11T10:06:04+00:00,608566,0.065,False,True,
2026-09-11,2026-09-11T10:06:04+00:00,628940,0.0475,False,True,
2026-09-11,2026-09-11T10:06:04+00:00,1439550,0.0355,False,True,
2026-09-11,2026-09-11T10:06:04+00:00,3399197,0.71,False,True,
2026-09-11,2026-09-11T10:06:04+00:00,608553,0.0205,False,True,
2026-09-11,2026-09-11T10:06:04+00:00,3247642,0.075,False,True,
2026-09-11,2026-09-11T10:06:04+00:00,2170255,0.1305,False,True,
2026-09-11,2026-09-11T10:06:04+00:00,3128888,0.375,False,True,
2026-09-11,2026-09-11T10:06:04+00:00,4052413,0.0205,False,True,
2026-09-11,2026-09-11T10:06:04+00:00,1365854,0.2615,False,True,
2026-09-11,2026-09-11T10:06:04+00:00,2046125,0.076,False,True,
2026-09-11,2026-09-11T10:06:04+00:00,2046126,0.0565,False,True,
2026-09-11,2026-09-11T10:06:04+00:00,4052415,0.0435,False,True,
2026-09-11,2026-09-11T10:06:04+00:00,608540,0.0985,False,True,
2026-09-11,2026-09-11T10:06:04+00:00,2646914,0.9165,False,True,
2026-09-11,2026-09-11T10:06:04+00:00,3501951,0.125,False,True,
2026-09-11,2026-09-11T10:06:04+00:00,3128887,0.195,False,True,
2026-09-11,2026-09-11T10:06:04+00:00,4052416,0.065,False,True,
2026-09-11,2026-09-11T10:06:04+00:00,4052420,0.39,False,True,
2026-09-11,2026-09-11T10:06:04+00:00,648383,0.275,False,True,
2026-09-11,2026-09-11T10:06:04+00:00,3399450,0.065,False,True,
2026-09-11,2026-09-11T10:06:04+00:00,2243896,0.085,False,True,
2026-09-11,2026-09-11T10:06:04+00:00,2243896,0.085,False,True,
2026-09-11,2026-09-11T10:06:04+00:00,3399450,0.065,False,True,
2026-09-11,2026-09-11T10:06:04+00:00,1365904,0.525,False,True,
2026-09-11,2026-09-11T10:06:04+00:00,4052417,0.105,False,True,
2026-09-11,2026-09-11T10:06:04+00:00,3008494,0.885,False,True,
2026-09-11,2026-09-11T10:06:04+00:00,3399451,0.095,False,True,
2026-09-11,2026-09-11T10:06:04+00:00,4052423,0.745,False,True,
2026-09-11,2026-09-11T10:06:04+00:00,3399458,0.85,False,True,
2026-09-11,2026-09-11T10:06:04+00:00,2646919,0.0245,False,True,
2026-09-11,2026-09-11T10:06:04+00:00,4052414,0.0295,False,True,
2026-09-11,2026-09-11T10:06:04+00:00,1395706,0.0655,False,True,
2026-09-11,2026-09-11T10:06:04+00:00,4052432,0.0625,False,True,
2026-09-11,2026-09-11T10:06:04+00:00,1395727,0.24,False,True,
2026-09-11,2026-09-11T10:06:04+00:00,4052418,0.155,False,True,
2026-09-11,2026-09-11T10:06:04+00:00,4052434,0.0375,False,True,
2026-09-11,2026-09-11T10:06:04+00:00,4052446,0.063,False,True,
2026-09-11,2026-09-11T10:06:04+00:00,1282928,0.055,False,True,
2026-09-11,2026-09-11T10:06:04+00:00,1395732,0.395,False,True,
2026-09-11,2026-09-11T10:06:04+00:00,4052460,0.0505,False,True,
2026-09-11,2026-09-11T10:06:04+00:00,4052447,0.081,False,True,
2026-09-11,2026-09-11T10:06:04+00:00,3399459,0.735,False,True,
2026-09-11,2026-09-11T10:06:04+00:00,4190831,1.0,True,True,
2026-09-11,2026-09-11T10:06:04+00:00,637004,0.075,False,True,
2026-09-11,2026-09-11T10:06:04+00:00,1283313,0.055,False,True,
2026-09-11,2026-09-11T10:06:04+00:00,1282776,0.055,False,True,
2026-09-11,2026-09-11T10:06:04+00:00,1395701,0.1265,False,True,
2026-09-11,2026-09-11T10:06:04+00:00,2658303,0.0295,False,True,
2026-09-11,2026-09-11T10:06:04+00:00,4052452,0.645,False,True,
2026-09-11,2026-09-11T10:06:04+00:00,1283280,0.055,False,True,
2026-09-11,2026-09-11T10:06:04+00:00,1280825,0.055,False,True,
2026-09-11,2026-09-11T10:06:04+00:00,1280865,0.055,False,True,
2026-09-11,2026-09-11T10:06:04+00:00,4052429,0.165,False,True,
2026-09-11,2026-09-11T10:06:04+00:00,4052427,0.275,False,True,
2026-09-11,2026-09-11T10:06:04+00:00,1395720,0.12,False,True,
2026-09-11,2026-09-11T10:06:04+00:00,1395725,0.095,False,True,
2026-09-11,2026-09-11T10:06:04+00:00,1284528,0.055,False,True,
2026-09-11,2026-09-11T10:06:04+00:00,1283433,0.055,False,True,
2026-09-11,2026-09-11T10:06:04+00:00,1283946,0.055,False,True,
2026-09-11,2026-09-11T10:06:04+00:00,1283416,0.055,False,True,
2026-09-11,2026-09-11T10:06:04+00:00,1283376,0.055,False,True,
2026-09-11,2026-09-11T10:06:04+00:00,1395714,0.0345,False,True,
2026-09-11,2026-09-11T10:06:04+00:00,1281108,0.055,False,True,
2026-09-11,2026-09-11T10:06:04+00:00,1365894,0.395,False,True,
2026-09-11,2026-09-11T10:06:04+00:00,1284640,0.055,False,True,
2026-09-11,2026-09-11T10:06:04+00:00,789952,0.205,False,True,
2026-09-11,2026-09-11T10:06:04+00:00,1395710,0.106,False,True,
2026-09-11,2026-09-11T10:06:04+00:00,4052425,0.465,False,True,
2026-09-11,2026-09-11T10:06:04+00:00,1365861,0.73,False,True,
2026-09-11,2026-09-11T10:06:04+00:00,1283265,0.055,False,True,
2026-09-11,2026-09-11T10:06:04+00:00,1284178,0.055,False,True,
2026-09-11,2026-09-11T10:06:04+00:00,1283177,0.055,False,True,
2026-09-11,2026-09-11T10:06:04+00:00,1283089,0.055,False,True,
2026-09-11,2026-09-11T10:06:04+00:00,1395705,0.1135,False,True,
2026-09-11,2026-09-11T10:06:04+00:00,1283752,0.055,False,True,
2026-09-11,2026-09-11T10:06:04+00:00,1395703,0.2405,False,True,
2026-09-11,2026-09-11T10:06:04+00:00,4052445,0.048,False,True,
2026-09-11,2026-09-11T10:06:04+00:00,1284162,0.055,False,True,
2026-09-12,2026-09-12T09:41:04+00:00,2252244,0.205,False,True,
2026-09-12,2026-09-12T09:41:04+00:00,2252245,0.785,False,True,
2026-09-12,2026-09-12T09:41:04+00:00,562802,0.875,False,True,
2026-09-12,2026-09-12T09:41:04+00:00,562803,0.135,False,True,
2026-09-12,2026-09-12T09:41:04+00:00,1130012,0.775,False,True,
2026-09-12,2026-09-12T09:41:04+00:00,2589813,0.375,False,True,
2026-09-12,2026-09-12T09:41:04+00:00,2589812,0.615,False,True,
2026-09-12,2026-09-12T09:41:04+00:00,562830,0.365,False,True,
2026-09-12,2026-09-12T09:41:04+00:00,562831,0.125,False,True,
2026-09-12,2026-09-12T09:41:04+00:00,601819,0.495,False,True,
2026-09-12,2026-09-12T09:41:04+00:00,3701690,0.978,False,True,
2026-09-12,2026-09-12T09:41:04+00:00,562793,0.525,False,True,
2026-09-12,2026-09-12T09:41:04+00:00,562794,0.485,False,True,
2026-09-12,2026-09-12T09:41:04+00:00,601826,0.4715,False,True,
2026-09-12,2026-09-12T09:41:04+00:00,1130015,0.0305,False,True,
2026-09-12,2026-09-12T09:41:04+00:00,608545,0.1645,False,True,
2026-09-12,2026-09-12T09:41:04+00:00,562828,0.495,False,True,
2026-09-12,2026-09-12T09:41:04+00:00,3501950,0.09,False,True,
2026-09-12,2026-09-12T09:41:04+00:00,1130016,0.1745,False,True,
2026-09-12,2026-09-12T09:41:04+00:00,608547,0.6195,False,True,
2026-09-12,2026-09-12T09:41:04+00:00,2264327,0.055,False,True,
2026-09-12,2026-09-12T09:41:04+00:00,608566,0.055,False,True,
2026-09-12,2026-09-12T09:41:04+00:00,628940,0.0495,False,True,
2026-09-12,2026-09-12T09:41:04+00:00,1439550,0.0335,False,True,
2026-09-12,2026-09-12T09:41:04+00:00,3399197,0.705,False,True,
2026-09-12,2026-09-12T09:41:04+00:00,608553,0.0215,False,True,
2026-09-12,2026-09-12T09:41:04+00:00,3247642,0.075,False,True,
2026-09-12,2026-09-12T09:41:04+00:00,2170255,0.0925,False,True,
2026-09-12,2026-09-12T09:41:04+00:00,3128888,0.39,False,True,
2026-09-12,2026-09-12T09:41:04+00:00,4052413,0.0175,False,True,
2026-09-12,2026-09-12T09:41:04+00:00,1365854,0.197,False,True,
2026-09-12,2026-09-12T09:41:04+00:00,2046125,0.072,False,True,
2026-09-12,2026-09-12T09:41:04+00:00,2046126,0.044,False,True,
2026-09-12,2026-09-12T09:41:04+00:00,4052415,0.0315,False,True,
2026-09-12,2026-09-12T09:41:04+00:00,608540,0.1045,False,True,
2026-09-12,2026-09-12T09:41:04+00:00,2646914,0.921,False,True,
2026-09-12,2026-09-12T09:41:04+00:00,3501951,0.125,False,True,
2026-09-12,2026-09-12T09:41:04+00:00,3128887,0.23,False,True,
2026-09-12,2026-09-12T09:41:04+00:00,4052416,0.045,False,True,
2026-09-12,2026-09-12T09:41:04+00:00,4052420,0.4,False,True,
2026-09-12,2026-09-12T09:41:04+00:00,648383,0.295,False,True,
2026-09-12,2026-09-12T09:41:04+00:00,3399450,0.065,False,True,
2026-09-12,2026-09-12T09:41:04+00:00,2243896,0.095,False,True,
2026-09-12,2026-09-12T09:41:04+00:00,2243896,0.095,False,True,
2026-09-12,2026-09-12T09:41:04+00:00,3399450,0.065,False,True,
2026-09-12,2026-09-12T09:41:04+00:00,1365904,0.5405,False,True,
2026-09-12,2026-09-12T09:41:04+00:00,4052417,0.085,False,True,
2026-09-12,2026-09-12T09:41:04+00:00,3008494,0.955,False,True,
2026-09-12,2026-09-12T09:41:04+00:00,3399451,0.09,False,True,
2026-09-12,2026-09-12T09:41:04+00:00,4052423,0.695,False,True,
2026-09-12,2026-09-12T09:41:04+00:00,3399458,0.865,False,True,
2026-09-12,2026-09-12T09:41:04+00:00,2646919,0.025,False,True,
2026-09-12,2026-09-12T09:41:04+00:00,4052414,0.025,False,True,
2026-09-12,2026-09-12T09:41:04+00:00,1395706,0.0655,False,True,
2026-09-12,2026-09-12T09:41:04+00:00,4052432,0.047,False,True,
2026-09-12,2026-09-12T09:41:04+00:00,1395727,0.2325,False,True,
2026-09-12,2026-09-12T09:41:04+00:00,4052418,0.135,False,True,
2026-09-12,2026-09-12T09:41:04+00:00,4052434,0.0255,False,True,
2026-09-12,2026-09-12T09:41:04+00:00,4052446,0.0655,False,True,
2026-09-12,2026-09-12T09:41:04+00:00,1282928,0.055,False,True,
2026-09-12,2026-09-12T09:41:04+00:00,1395732,0.395,False,True,
2026-09-12,2026-09-12T09:41:04+00:00,4052460,0.0335,False,True,
2026-09-12,2026-09-12T09:41:04+00:00,4052447,0.1085,False,True,
2026-09-12,2026-09-12T09:41:04+00:00,3399459,0.73,False,True,
2026-09-12,2026-09-12T09:41:04+00:00,4190831,1.0,True,True,
2026-09-12,2026-09-12T09:41:04+00:00,637004,0.075,False,True,
2026-09-12,2026-09-12T09:41:04+00:00,1283313,0.055,False,True,
2026-09-12,2026-09-12T09:41:04+00:00,1282776,0.055,False,True,
2026-09-12,2026-09-12T09:41:04+00:00,1395701,0.133,False,True,
2026-09-12,2026-09-12T09:41:04+00:00,2658303,0.0305,False,True,
2026-09-12,2026-09-12T09:41:04+00:00,4052452,1.0,True,True,
2026-09-12,2026-09-12T09:41:04+00:00,1283280,0.055,False,True,
2026-09-12,2026-09-12T09:41:04+00:00,1280825,0.055,False,True,
2026-09-12,2026-09-12T09:41:04+00:00,1280865,0.055,False,True,
2026-09-12,2026-09-12T09:41:04+00:00,4052429,0.13,False,True,
2026-09-12,2026-09-12T09:41:04+00:00,4052427,0.225,False,True,
2026-09-12,2026-09-12T09:41:04+00:00,1395720,0.115,False,True,
2026-09-12,2026-09-12T09:41:04+00:00,1395725,0.09,False,True,
2026-09-12,2026-09-12T09:41:04+00:00,1284528,0.055,False,True,
2026-09-12,2026-09-12T09:41:04+00:00,1283433,0.055,False,True,
2026-09-12,2026-09-12T09:41:04+00:00,1283946,0.055,False,True,
2026-09-12,2026-09-12T09:41:04+00:00,1283416,0.055,False,True,
2026-09-12,2026-09-12T09:41:04+00:00,1283376,0.055,False,True,
2026-09-12,2026-09-12T09:41:04+00:00,1395714,0.0345,False,True,
2026-09-12,2026-09-12T09:41:04+00:00,1281108,0.055,False,True,
2026-09-12,2026-09-12T09:41:04+00:00,1365894,0.385,False,True,
2026-09-12,2026-09-12T09:41:04+00:00,1284640,0.055,False,True,
2026-09-12,2026-09-12T09:41:04+00:00,789952,0.215,False,True,
2026-09-12,2026-09-12T09:41:04+00:00,1395710,0.1065,False,True,
2026-09-12,2026-09-12T09:41:04+00:00,4052425,0.405,False,True,
2026-09-12,2026-09-12T09:41:04+00:00,1365861,0.785,False,True,
2026-09-12,2026-09-12T09:41:04+00:00,1283265,0.06,False,True,
2026-09-12,2026-09-12T09:41:04+00:00,1284178,0.055,False,True,
2026-09-12,2026-09-12T09:41:04+00:00,1283177,0.055,False,True,
2026-09-12,2026-09-12T09:41:04+00:00,1283089,0.055,False,True,
2026-09-12,2026-09-12T09:41:04+00:00,1395705,0.1085,False,True,
2026-09-12,2026-09-12T09:41:04+00:00,1283752,0.055,False,True,
2026-09-12,2026-09-12T09:41:04+00:00,1395703,0.2145,False,True,
2026-09-12,2026-09-12T09:41:04+00:00,4052445,0.051,False,True,
2026-09-12,2026-09-12T09:41:04+00:00,1284162,0.055,False,True,
2026-09-13,2026-09-13T10:42:48+00:00,2252244,0.205,False,True,
2026-09-13,2026-09-13T10:42:48+00:00,2252245,0.785,False,True,
2026-09-13,2026-09-13T10:42:48+00:00,562802,0.865,False,True,
2026-09-13,2026-09-13T10:42:48+00:00,562803,0.135,False,True,
2026-09-13,2026-09-13T10:42:48+00:00,1130012,0.795,False,True,
2026-09-13,2026-09-13T10:42:48+00:00,2589813,0.365,False,True,
2026-09-13,2026-09-13T10:42:48+00:00,2589812,0.615,False,True,
2026-09-13,2026-09-13T10:42:48+00:00,562830,0.355,False,True,
2026-09-13,2026-09-13T10:42:48+00:00,562831,0.125,False,True,
2026-09-13,2026-09-13T10:42:48+00:00,601819,0.475,False,True,
2026-09-13,2026-09-13T10:42:48+00:00,3701690,0.975,False,True,
2026-09-13,2026-09-13T10:42:48+00:00,562793,0.535,False,True,
2026-09-13,2026-09-13T10:42:48+00:00,562794,0.475,False,True,
2026-09-13,2026-09-13T10:42:48+00:00,601826,0.4975,False,True,
2026-09-13,2026-09-13T10:42:48+00:00,1130015,0.0305,False,True,
2026-09-13,2026-09-13T10:42:48+00:00,608545,0.1645,False,True,
2026-09-13,2026-09-13T10:42:48+00:00,562828,0.495,False,True,
2026-09-13,2026-09-13T10:42:48+00:00,3501950,0.085,False,True,
2026-09-13,2026-09-13T10:42:48+00:00,1130016,0.1635,False,True,
2026-09-13,2026-09-13T10:42:48+00:00,608547,0.6095,False,True,
2026-09-13,2026-09-13T10:42:48+00:00,2264327,0.055,False,True,
2026-09-13,2026-09-13T10:42:48+00:00,608566,0.065,False,True,
2026-09-13,2026-09-13T10:42:48+00:00,628940,0.0385,False,True,
2026-09-13,2026-09-13T10:42:48+00:00,1439550,0.0325,False,True,
2026-09-13,2026-09-13T10:42:48+00:00,3399197,0.715,False,True,
2026-09-13,2026-09-13T10:42:48+00:00,608553,0.0195,False,True,
2026-09-13,2026-09-13T10:42:48+00:00,3247642,0.075,False,True,
2026-09-13,2026-09-13T10:42:48+00:00,2170255,0.054,False,True,
2026-09-13,2026-09-13T10:42:48+00:00,3128888,0.36,False,True,
2026-09-13,2026-09-13T10:42:48+00:00,4052413,0.0125,False,True,
2026-09-13,2026-09-13T10:42:48+00:00,1365854,0.2085,False,True,
2026-09-13,2026-09-13T10:42:48+00:00,2046125,0.078,False,True,
2026-09-13,2026-09-13T10:42:48+00:00,2046126,0.0425,False,True,
2026-09-13,2026-09-13T10:42:48+00:00,4052415,0.0285,False,True,
2026-09-13,2026-09-13T10:42:48+00:00,608540,0.1035,False,True,
2026-09-13,2026-09-13T10:42:48+00:00,2646914,0.9035,False,True,
2026-09-13,2026-09-13T10:42:48+00:00,3501951,0.125,False,True,
2026-09-13,2026-09-13T10:42:48+00:00,3128887,0.175,False,True,
2026-09-13,2026-09-13T10:42:48+00:00,4052416,0.04,False,True,
2026-09-13,2026-09-13T10:42:48+00:00,4052420,0.365,False,True,
2026-09-13,2026-09-13T10:42:48+00:00,648383,0.305,False,True,
2026-09-13,2026-09-13T10:42:48+00:00,3399450,0.055,False,True,
2026-09-13,2026-09-13T10:42:48+00:00,2243896,0.07,False,True,
2026-09-13,2026-09-13T10:42:48+00:00,2243896,0.07,False,True,
2026-09-13,2026-09-13T10:42:48+00:00,3399450,0.055,False,True,
2026-09-13,2026-09-13T10:42:48+00:00,1365904,0.5595,False,True,
2026-09-13,2026-09-13T10:42:48+00:00,4052417,0.085,False,True,
2026-09-13,2026-09-13T10:42:48+00:00,3008494,0.961,False,True,
2026-09-13,2026-09-13T10:42:48+00:00,3399451,0.09,False,True,
2026-09-13,2026-09-13T10:42:48+00:00,4052423,0.765,False,True,
2026-09-13,2026-09-13T10:42:48+00:00,3399458,0.895,False,True,
2026-09-13,2026-09-13T10:42:48+00:00,2646919,0.0235,False,True,
2026-09-13,2026-09-13T10:42:48+00:00,4052414,0.0135,False,True,
2026-09-13,2026-09-13T10:42:48+00:00,1395706,0.0745,False,True,
2026-09-13,2026-09-13T10:42:48+00:00,4052432,0.045,False,True,
2026-09-13,2026-09-13T10:42:48+00:00,1395727,0.217,False,True,
2026-09-13,2026-09-13T10:42:48+00:00,4052418,0.115,False,True,
2026-09-13,2026-09-13T10:42:48+00:00,4052434,0.0295,False,True,
2026-09-13,2026-09-13T10:42:48+00:00,4052446,0.0545,False,True,
2026-09-13,2026-09-13T10:42:48+00:00,1282928,0.055,False,True,
2026-09-13,2026-09-13T10:42:48+00:00,1395732,0.395,False,True,
2026-09-13,2026-09-13T10:42:48+00:00,4052460,0.0475,False,True,
2026-09-13,2026-09-13T10:42:48+00:00,4052447,0.077,False,True,
2026-09-13,2026-09-13T10:42:48+00:00,3399459,0.745,False,True,
2026-09-13,2026-09-13T10:42:48+00:00,4190831,1.0,True,True,
2026-09-13,2026-09-13T10:42:48+00:00,637004,0.075,False,True,
2026-09-13,2026-09-13T10:42:48+00:00,1283313,0.055,False,True,
2026-09-13,2026-09-13T10:42:48+00:00,1282776,0.055,False,True,
2026-09-13,2026-09-13T10:42:48+00:00,1395701,0.134,False,True,
2026-09-13,2026-09-13T10:42:48+00:00,2658303,0.0285,False,True,
2026-09-13,2026-09-13T10:42:48+00:00,4052452,1.0,True,True,
2026-09-13,2026-09-13T10:42:48+00:00,1283280,0.055,False,True,
2026-09-13,2026-09-13T10:42:48+00:00,1280825,0.055,False,True,
2026-09-13,2026-09-13T10:42:48+00:00,1280865,0.055,False,True,
2026-09-13,2026-09-13T10:42:48+00:00,4052429,0.145,False,True,
2026-09-13,2026-09-13T10:42:48+00:00,4052427,0.26,False,True,
2026-09-13,2026-09-13T10:42:48+00:00,1395720,0.12,False,True,
2026-09-13,2026-09-13T10:42:48+00:00,1395725,0.09,False,True,
2026-09-13,2026-09-13T10:42:48+00:00,1284528,0.055,False,True,
2026-09-13,2026-09-13T10:42:48+00:00,1283433,0.055,False,True,
2026-09-13,2026-09-13T10:42:48+00:00,1283946,0.055,False,True,
2026-09-13,2026-09-13T10:42:48+00:00,1283416,0.055,False,True,
2026-09-13,2026-09-13T10:42:48+00:00,1283376,0.055,False,True,
2026-09-13,2026-09-13T10:42:48+00:00,1395714,0.0235,False,True,
2026-09-13,2026-09-13T10:42:48+00:00,1281108,0.055,False,True,
2026-09-13,2026-09-13T10:42:48+00:00,1365894,0.34,False,True,
2026-09-13,2026-09-13T10:42:48+00:00,1284640,0.055,False,True,
2026-09-13,2026-09-13T10:42:48+00:00,789952,0.215,False,True,
2026-09-13,2026-09-13T10:42:48+00:00,1395710,0.1095,False,True,
2026-09-13,2026-09-13T10:42:48+00:00,4052425,0.475,False,True,
2026-09-13,2026-09-13T10:42:48+00:00,1365861,0.775,False,True,
2026-09-13,2026-09-13T10:42:48+00:00,1283265,0.06,False,True,
2026-09-13,2026-09-13T10:42:48+00:00,1284178,0.055,False,True,
2026-09-13,2026-09-13T10:42:48+00:00,1283177,0.055,False,True,
2026-09-13,2026-09-13T10:42:48+00:00,1283089,0.055,False,True,
2026-09-13,2026-09-13T10:42:48+00:00,1395705,0.1115,False,True,
2026-09-13,2026-09-13T10:42:48+00:00,1283752,0.055,False,True,
2026-09-13,2026-09-13T10:42:48+00:00,1395703,0.2325,False,True,
2026-09-13,2026-09-13T10:42:48+00:00,4052445,0.043,False,True,
2026-09-13,2026-09-13T10:42:48+00:00,1284162,0.05,False,True,
2026-09-14,2026-09-14T11:04:52+00:00,2252244,0.185,False,True,
2026-09-14,2026-09-14T11:04:52+00:00,2252245,0.795,False,True,
2026-09-14,2026-09-14T11:04:52+00:00,562802,0.865,False,True,
2026-09-14,2026-09-14T11:04:52+00:00,562803,0.135,False,True,
2026-09-14,2026-09-14T11:04:52+00:00,1130012,0.795,False,True,
2026-09-14,2026-09-14T11:04:52+00:00,2589813,0.365,False,True,
2026-09-14,2026-09-14T11:04:52+00:00,2589812,0.615,False,True,
2026-09-14,2026-09-14T11:04:52+00:00,562830,0.325,False,True,
2026-09-14,2026-09-14T11:04:52+00:00,562831,0.125,False,True,
2026-09-14,2026-09-14T11:04:52+00:00,601819,0.465,False,True,
2026-09-14,2026-09-14T11:04:52+00:00,3701690,0.966,False,True,
2026-09-14,2026-09-14T11:04:52+00:00,562793,0.525,False,True,
2026-09-14,2026-09-14T11:04:52+00:00,562794,0.475,False,True,
2026-09-14,2026-09-14T11:04:52+00:00,601826,0.5035,False,True,
2026-09-14,2026-09-14T11:04:52+00:00,1130015,0.0305,False,True,
2026-09-14,2026-09-14T11:04:52+00:00,608545,0.1745,False,True,
2026-09-14,2026-09-14T11:04:52+00:00,562828,0.525,False,True,
2026-09-14,2026-09-14T11:04:52+00:00,3501950,0.06,False,True,
2026-09-14,2026-09-14T11:04:52+00:00,1130016,0.1665,False,True,
2026-09-14,2026-09-14T11:04:52+00:00,608547,0.5985,False,True,
2026-09-14,2026-09-14T11:04:52+00:00,2264327,0.055,False,True,
2026-09-14,2026-09-14T11:04:52+00:00,608566,0.065,False,True,
2026-09-14,2026-09-14T11:04:52+00:00,628940,0.0445,False,True,
2026-09-14,2026-09-14T11:04:52+00:00,1439550,0.0325,False,True,
2026-09-14,2026-09-14T11:04:52+00:00,3399197,0.67,False,True,
2026-09-14,2026-09-14T11:04:52+00:00,608553,0.0205,False,True,
2026-09-14,2026-09-14T11:04:52+00:00,3247642,0.075,False,True,
2026-09-14,2026-09-14T11:04:52+00:00,2170255,0.0585,False,True,
2026-09-14,2026-09-14T11:04:52+00:00,3128888,0.275,False,True,
2026-09-14,2026-09-14T11:04:52+00:00,4052413,0.015,False,True,
2026-09-14,2026-09-14T11:04:52+00:00,1365854,0.2285,False,True,
2026-09-14,2026-09-14T11:04:52+00:00,2046125,0.0585,False,True,
2026-09-14,2026-09-14T11:04:52+00:00,2046126,0.042,False,True,
2026-09-14,2026-09-14T11:04:52+00:00,4052415,0.0355,False,True,
2026-09-14,2026-09-14T11:04:52+00:00,608540,0.1045,False,True,
2026-09-14,2026-09-14T11:04:52+00:00,2646914,0.9145,False,True,
2026-09-14,2026-09-14T11:04:52+00:00,3501951,0.105,False,True,
2026-09-14,2026-09-14T11:04:52+00:00,3128887,0.125,False,True,
2026-09-14,2026-09-14T11:04:52+00:00,4052416,0.0465,False,True,
2026-09-14,2026-09-14T11:04:52+00:00,4052420,0.435,False,True,
2026-09-14,2026-09-14T11:04:52+00:00,648383,0.3,False,True,
2026-09-14,2026-09-14T11:04:52+00:00,3399450,0.065,False,True,
2026-09-14,2026-09-14T11:04:52+00:00,2243896,0.065,False,True,
2026-09-14,2026-09-14T11:04:52+00:00,2243896,0.065,False,True,
2026-09-14,2026-09-14T11:04:52+00:00,3399450,0.065,False,True,
2026-09-14,2026-09-14T11:04:52+00:00,1365904,0.525,False,True,
2026-09-14,2026-09-14T11:04:52+00:00,4052417,0.08,False,True,
2026-09-14,2026-09-14T11:04:52+00:00,3008494,0.962,False,True,
2026-09-14,2026-09-14T11:04:52+00:00,3399451,0.09,False,True,
2026-09-14,2026-09-14T11:04:52+00:00,4052423,0.595,False,True,
2026-09-14,2026-09-14T11:04:52+00:00,3399458,0.925,False,True,
2026-09-14,2026-09-14T11:04:52+00:00,2646919,0.0175,False,True,
2026-09-14,2026-09-14T11:04:52+00:00,4052414,0.022,False,True,
2026-09-14,2026-09-14T11:04:52+00:00,1395706,0.0765,False,True,
2026-09-14,2026-09-14T11:04:52+00:00,4052432,0.0435,False,True,
2026-09-14,2026-09-14T11:04:52+00:00,1395727,0.2685,False,True,
2026-09-14,2026-09-14T11:04:52+00:00,4052418,0.145,False,True,
2026-09-14,2026-09-14T11:04:52+00:00,4052434,0.036,False,True,
2026-09-14,2026-09-14T11:04:52+00:00,4052446,0.0615,False,True,
2026-09-14,2026-09-14T11:04:52+00:00,1282928,0.055,False,True,
2026-09-14,2026-09-14T11:04:52+00:00,1395732,0.39,False,True,
2026-09-14,2026-09-14T11:04:52+00:00,4052460,0.037,False,True,
2026-09-14,2026-09-14T11:04:52+00:00,4052447,0.1015,False,True,
2026-09-14,2026-09-14T11:04:52+00:00,3399459,0.785,False,True,
2026-09-14,2026-09-14T11:04:52+00:00,4190831,1.0,True,True,
2026-09-14,2026-09-14T11:04:52+00:00,637004,0.075,False,True,
2026-09-14,2026-09-14T11:04:52+00:00,1283313,0.055,False,True,
2026-09-14,2026-09-14T11:04:52+00:00,1282776,0.055,False,True,
2026-09-14,2026-09-14T11:04:52+00:00,1395701,0.1185,False,True,
2026-09-14,2026-09-14T11:04:52+00:00,2658303,0.0275,False,True,
2026-09-14,2026-09-14T11:04:52+00:00,4052452,1.0,True,True,
2026-09-14,2026-09-14T11:04:52+00:00,1283280,0.055,False,True,
2026-09-14,2026-09-14T11:04:52+00:00,1280825,0.055,False,True,
2026-09-14,2026-09-14T11:04:52+00:00,1280865,0.055,False,True,
2026-09-14,2026-09-14T11:04:52+00:00,4052429,0.105,False,True,
2026-09-14,2026-09-14T11:04:52+00:00,4052427,0.185,False,True,
2026-09-14,2026-09-14T11:04:52+00:00,1395720,0.12,False,True,
2026-09-14,2026-09-14T11:04:52+00:00,1395725,0.08,False,True,
2026-09-14,2026-09-14T11:04:52+00:00,1284528,0.055,False,True,
2026-09-14,2026-09-14T11:04:52+00:00,1283433,0.055,False,True,
2026-09-14,2026-09-14T11:04:52+00:00,1283946,0.055,False,True,
2026-09-14,2026-09-14T11:04:52+00:00,1283416,0.055,False,True,
2026-09-14,2026-09-14T11:04:52+00:00,1283376,0.055,False,True,
2026-09-14,2026-09-14T11:04:52+00:00,1395714,0.0255,False,True,
2026-09-14,2026-09-14T11:04:52+00:00,1281108,0.055,False,True,
2026-09-14,2026-09-14T11:04:52+00:00,1365894,0.39,False,True,
2026-09-14,2026-09-14T11:04:52+00:00,1284640,0.055,False,True,
2026-09-14,2026-09-14T11:04:52+00:00,789952,0.215,False,True,
2026-09-14,2026-09-14T11:04:52+00:00,1395710,0.1155,False,True,
2026-09-14,2026-09-14T11:04:52+00:00,4052425,0.335,False,True,
2026-09-14,2026-09-14T11:04:52+00:00,1365861,0.765,False,True,
2026-09-14,2026-09-14T11:04:52+00:00,1283265,0.06,False,True,
2026-09-14,2026-09-14T11:04:52+00:00,1284178,0.055,False,True,
2026-09-14,2026-09-14T11:04:52+00:00,1283177,0.055,False,True,
2026-09-14,2026-09-14T11:04:52+00:00,1283089,0.055,False,True,
2026-09-14,2026-09-14T11:04:52+00:00,1395705,0.111,False,True,
2026-09-14,2026-09-14T11:04:52+00:00,1283752,0.055,False,True,
2026-09-14,2026-09-14T11:04:52+00:00,1395703,0.2095,False,True,
2026-09-14,2026-09-14T11:04:52+00:00,4052445,0.047,False,True,
2026-09-14,2026-09-14T11:04:52+00:00,1284162,0.045,False,True,
2026-09-15,2026-09-15T10:34:43+00:00,2252244,0.105,False,True,
2026-09-15,2026-09-15T10:34:43+00:00,2252245,0.885,False,True,
2026-09-15,2026-09-15T10:34:43+00:00,562802,0.875,False,True,
2026-09-15,2026-09-15T10:34:43+00:00,562803,0.135,False,True,
2026-09-15,2026-09-15T10:34:43+00:00,1130012,0.775,False,True,
2026-09-15,2026-09-15T10:34:43+00:00,2589813,0.375,False,True,
2026-09-15,2026-09-15T10:34:43+00:00,2589812,0.625,False,True,
2026-09-15,2026-09-15T10:34:43+00:00,562830,0.315,False,True,
2026-09-15,2026-09-15T10:34:43+00:00,562831,0.125,False,True,
2026-09-15,2026-09-15T10:34:43+00:00,601819,0.435,False,True,
2026-09-15,2026-09-15T10:34:43+00:00,3701690,0.9635,False,True,
2026-09-15,2026-09-15T10:34:43+00:00,562793,0.535,False,True,
2026-09-15,2026-09-15T10:34:43+00:00,562794,0.475,False,True,
2026-09-15,2026-09-15T10:34:43+00:00,601826,0.5165,False,True,
2026-09-15,2026-09-15T10:34:43+00:00,1130015,0.0305,False,True,
2026-09-15,2026-09-15T10:34:43+00:00,608545,0.2285,False,True,
2026-09-15,2026-09-15T10:34:43+00:00,562828,0.525,False,True,
2026-09-15,2026-09-15T10:34:43+00:00,3501950,0.075,False,True,
2026-09-15,2026-09-15T10:34:43+00:00,1130016,0.1865,False,True,
2026-09-15,2026-09-15T10:34:43+00:00,608547,0.5415,False,True,
2026-09-15,2026-09-15T10:34:43+00:00,2264327,0.055,False,True,
2026-09-15,2026-09-15T10:34:43+00:00,608566,0.045,False,True,
2026-09-15,2026-09-15T10:34:43+00:00,628940,0.0455,False,True,
2026-09-15,2026-09-15T10:34:43+00:00,1439550,0.0325,False,True,
2026-09-15,2026-09-15T10:34:43+00:00,3399197,0.66,False,True,
2026-09-15,2026-09-15T10:34:43+00:00,608553,0.0225,False,True,
2026-09-15,2026-09-15T10:34:43+00:00,3247642,0.085,False,True,
2026-09-15,2026-09-15T10:34:43+00:00,2170255,0.0545,False,True,
2026-09-15,2026-09-15T10:34:43+00:00,3128888,0.325,False,True,
2026-09-15,2026-09-15T10:34:43+00:00,4052413,0.0195,False,True,
2026-09-15,2026-09-15T10:34:43+00:00,1365854,0.2065,False,True,
2026-09-15,2026-09-15T10:34:43+00:00,2046125,0.0365,False,True,
2026-09-15,2026-09-15T10:34:43+00:00,2046126,0.034,False,True,
2026-09-15,2026-09-15T10:34:43+00:00,4052415,0.0315,False,True,
2026-09-15,2026-09-15T10:34:43+00:00,608540,0.1135,False,True,
2026-09-15,2026-09-15T10:34:43+00:00,2646914,0.9095,False,True,
2026-09-15,2026-09-15T10:34:43+00:00,3501951,0.115,False,True,
2026-09-15,2026-09-15T10:34:43+00:00,3128887,0.135,False,True,
2026-09-15,2026-09-15T10:34:43+00:00,4052416,0.0505,False,True,
2026-09-15,2026-09-15T10:34:43+00:00,4052420,0.355,False,True,
2026-09-15,2026-09-15T10:34:43+00:00,648383,0.29,False,True,
2026-09-15,2026-09-15T10:34:43+00:00,3399450,0.065,False,True,
2026-09-15,2026-09-15T10:34:43+00:00,2243896,0.09,False,True,
2026-09-15,2026-09-15T10:34:43+00:00,2243896,0.09,False,True,
2026-09-15,2026-09-15T10:34:43+00:00,3399450,0.065,False,True,
2026-09-15,2026-09-15T10:34:43+00:00,1365904,0.4425,False,True,
2026-09-15,2026-09-15T10:34:43+00:00,4052417,0.085,False,True,
2026-09-15,2026-09-15T10:34:43+00:00,3008494,0.963,False,True,
2026-09-15,2026-09-15T10:34:43+00:00,3399451,0.09,False,True,
2026-09-15,2026-09-15T10:34:43+00:00,4052423,0.735,False,True,
2026-09-15,2026-09-15T10:34:43+00:00,3399458,0.915,False,True,
2026-09-15,2026-09-15T10:34:43+00:00,2646919,0.0195,False,True,
2026-09-15,2026-09-15T10:34:43+00:00,4052414,0.0225,False,True,
2026-09-15,2026-09-15T10:34:43+00:00,1395706,0.0855,False,True,
2026-09-15,2026-09-15T10:34:43+00:00,4052432,0.0605,False,True,
2026-09-15,2026-09-15T10:34:43+00:00,1395727,0.243,False,True,
2026-09-15,2026-09-15T10:34:43+00:00,4052418,0.12,False,True,
2026-09-15,2026-09-15T10:34:43+00:00,4052434,0.0325,False,True,
2026-09-15,2026-09-15T10:34:43+00:00,4052446,0.053,False,True,
2026-09-15,2026-09-15T10:34:43+00:00,1282928,0.055,False,True,
2026-09-15,2026-09-15T10:34:43+00:00,1395732,0.39,False,True,
2026-09-15,2026-09-15T10:34:43+00:00,4052460,0.035,False,True,
2026-09-15,2026-09-15T10:34:43+00:00,4052447,0.074,False,True,
2026-09-15,2026-09-15T10:34:43+00:00,3399459,0.785,False,True,
2026-09-15,2026-09-15T10:34:43+00:00,4190831,1.0,True,True,
2026-09-15,2026-09-15T10:34:43+00:00,637004,0.075,False,True,
2026-09-15,2026-09-15T10:34:43+00:00,1283313,0.055,False,True,
2026-09-15,2026-09-15T10:34:43+00:00,1282776,0.055,False,True,
2026-09-15,2026-09-15T10:34:43+00:00,1395701,0.1325,False,True,
2026-09-15,2026-09-15T10:34:43+00:00,2658303,0.029,False,True,
2026-09-15,2026-09-15T10:34:43+00:00,4052452,1.0,True,True,
2026-09-15,2026-09-15T10:34:43+00:00,1283280,0.045,False,True,
2026-09-15,2026-09-15T10:34:43+00:00,1280825,0.055,False,True,
2026-09-15,2026-09-15T10:34:43+00:00,1280865,0.055,False,True,
2026-09-15,2026-09-15T10:34:43+00:00,4052429,0.155,False,True,
2026-09-15,2026-09-15T10:34:43+00:00,4052427,0.255,False,True,
2026-09-15,2026-09-15T10:34:43+00:00,1395720,0.125,False,True,
2026-09-15,2026-09-15T10:34:43+00:00,1395725,0.08,False,True,
2026-09-15,2026-09-15T10:34:43+00:00,1284528,0.055,False,True,
2026-09-15,2026-09-15T10:34:43+00:00,1283433,0.055,False,True,
2026-09-15,2026-09-15T10:34:43+00:00,1283946,0.055,False,True,
2026-09-15,2026-09-15T10:34:43+00:00,1283416,0.055,False,True,
2026-09-15,2026-09-15T10:34:43+00:00,1283376,0.055,False,True,
2026-09-15,2026-09-15T10:34:43+00:00,1395714,0.0285,False,True,
2026-09-15,2026-09-15T10:34:43+00:00,1281108,0.055,False,True,
2026-09-15,2026-09-15T10:34:43+00:00,1365894,0.395,False,True,
2026-09-15,2026-09-15T10:34:43+00:00,1284640,0.055,False,True,
2026-09-15,2026-09-15T10:34:43+00:00,789952,0.275,False,True,
2026-09-15,2026-09-15T10:34:43+00:00,1395710,0.0985,False,True,
2026-09-15,2026-09-15T10:34:43+00:00,4052425,0.435,False,True,
2026-09-15,2026-09-15T10:34:43+00:00,1365861,0.755,False,True,
2026-09-15,2026-09-15T10:34:43+00:00,1283265,0.06,False,True,
2026-09-15,2026-09-15T10:34:43+00:00,1284178,0.055,False,True,
2026-09-15,2026-09-15T10:34:43+00:00,1283177,0.055,False,True,
2026-09-15,2026-09-15T10:34:43+00:00,1283089,0.055,False,True,
2026-09-15,2026-09-15T10:34:43+00:00,1395705,0.1045,False,True,
2026-09-15,2026-09-15T10:34:43+00:00,1283752,0.055,False,True,
2026-09-15,2026-09-15T10:34:43+00:00,1395703,0.245,False,True,
2026-09-15,2026-09-15T10:34:43+00:00,4052445,0.0355,False,True,
2026-09-15,2026-09-15T10:34:43+00:00,1284162,0.045,False,True,
2026-09-16,2026-09-16T10:23:13+00:00,2252244,0.125,False,True,
2026-09-16,2026-09-16T10:23:13+00:00,2252245,0.875,False,True,
2026-09-16,2026-09-16T10:23:13+00:00,562802,0.875,False,True,
2026-09-16,2026-09-16T10:23:13+00:00,562803,0.135,False,True,
2026-09-16,2026-09-16T10:23:13+00:00,1130012,0.755,False,True,
2026-09-16,2026-09-16T10:23:13+00:00,2589813,0.365,False,True,
2026-09-16,2026-09-16T10:23:13+00:00,2589812,0.625,False,True,
2026-09-16,2026-09-16T10:23:13+00:00,562830,0.315,False,True,
2026-09-16,2026-09-16T10:23:13+00:00,562831,0.105,False,True,
2026-09-16,2026-09-16T10:23:13+00:00,601819,0.445,False,True,
2026-09-16,2026-09-16T10:23:13+00:00,3701690,0.977,False,True,
2026-09-16,2026-09-16T10:23:13+00:00,562793,0.585,False,True,
2026-09-16,2026-09-16T10:23:13+00:00,562794,0.425,False,True,
2026-09-16,2026-09-16T10:23:13+00:00,601826,0.5435,False,True,
2026-09-16,2026-09-16T10:23:13+00:00,1130015,0.0245,False,True,
2026-09-16,2026-09-16T10:23:13+00:00,608545,0.2215,False,True,
2026-09-16,2026-09-16T10:23:13+00:00,562828,0.585,False,True,
2026-09-16,2026-09-16T10:23:13+00:00,3501950,0.075,False,True,
2026-09-16,2026-09-16T10:23:13+00:00,1130016,0.2095,False,True,
2026-09-16,2026-09-16T10:23:13+00:00,608547,0.5505,False,True,
2026-09-16,2026-09-16T10:23:13+00:00,2264327,0.055,False,True,
2026-09-16,2026-09-16T10:23:13+00:00,608566,0.045,False,True,
2026-09-16,2026-09-16T10:23:13+00:00,628940,0.041,False,True,
2026-09-16,2026-09-16T10:23:13+00:00,1439550,0.0295,False,True,
2026-09-16,2026-09-16T10:23:13+00:00,3399197,0.665,False,True,
2026-09-16,2026-09-16T10:23:13+00:00,608553,0.0225,False,True,
2026-09-16,2026-09-16T10:23:13+00:00,3247642,0.055,False,True,
2026-09-16,2026-09-16T10:23:13+00:00,2170255,0.0495,False,True,
2026-09-16,2026-09-16T10:23:13+00:00,3128888,0.325,False,True,
2026-09-16,2026-09-16T10:23:13+00:00,4052413,0.0145,False,True,
2026-09-16,2026-09-16T10:23:13+00:00,1365854,0.235,False,True,
2026-09-16,2026-09-16T10:23:13+00:00,2046125,0.045,False,True,
2026-09-16,2026-09-16T10:23:13+00:00,2046126,0.041,False,True,
2026-09-16,2026-09-16T10:23:13+00:00,4052415,0.0225,False,True,
2026-09-16,2026-09-16T10:23:13+00:00,608540,0.1155,False,True,
2026-09-16,2026-09-16T10:23:13+00:00,2646914,0.932,False,True,
2026-09-16,2026-09-16T10:23:13+00:00,3501951,0.115,False,True,
2026-09-16,2026-09-16T10:23:13+00:00,3128887,0.145,False,True,
2026-09-16,2026-09-16T10:23:13+00:00,4052416,0.0345,False,True,
2026-09-16,2026-09-16T10:23:13+00:00,4052420,0.265,False,True,
2026-09-16,2026-09-16T10:23:13+00:00,648383,0.315,False,True,
2026-09-16,2026-09-16T10:23:13+00:00,3399450,0.065,False,True,
2026-09-16,2026-09-16T10:23:13+00:00,2243896,0.075,False,True,
2026-09-16,2026-09-16T10:23:13+00:00,2243896,0.075,False,True,
2026-09-16,2026-09-16T10:23:13+00:00,3399450,0.065,False,True,
2026-09-16,2026-09-16T10:23:13+00:00,1365904,0.465,False,True,
2026-09-16,2026-09-16T10:23:13+00:00,4052417,0.045,False,True,
2026-09-16,2026-09-16T10:23:13+00:00,3008494,0.96,False,True,
2026-09-16,2026-09-16T10:23:13+00:00,3399451,0.09,False,True,
2026-09-16,2026-09-16T10:23:13+00:00,4052423,1.0,True,True,
2026-09-16,2026-09-16T10:23:13+00:00,3399458,0.865,False,True,
2026-09-16,2026-09-16T10:23:13+00:00,2646919,0.019,False,True,
2026-09-16,2026-09-16T10:23:13+00:00,4052414,0.017,False,True,
2026-09-16,2026-09-16T10:23:13+00:00,1395706,0.0845,False,True,
2026-09-16,2026-09-16T10:23:13+00:00,4052432,0.0565,False,True,
2026-09-16,2026-09-16T10:23:13+00:00,1395727,0.2475,False,True,
2026-09-16,2026-09-16T10:23:13+00:00,4052418,0.085,False,True,
2026-09-16,2026-09-16T10:23:13+00:00,4052434,0.034,False,True,
2026-09-16,2026-09-16T10:23:13+00:00,4052446,0.032,False,True,
2026-09-16,2026-09-16T10:23:13+00:00,1282928,0.055,False,True,
2026-09-16,2026-09-16T10:23:13+00:00,1395732,0.385,False,True,
2026-09-16,2026-09-16T10:23:13+00:00,4052460,0.055,False,True,
2026-09-16,2026-09-16T10:23:13+00:00,4052447,0.0365,False,True,
2026-09-16,2026-09-16T10:23:13+00:00,3399459,0.755,False,True,
2026-09-16,2026-09-16T10:23:13+00:00,4190831,1.0,True,True,
2026-09-16,2026-09-16T10:23:13+00:00,637004,0.075,False,True,
2026-09-16,2026-09-16T10:23:13+00:00,1283313,0.055,False,True,
2026-09-16,2026-09-16T10:23:13+00:00,1282776,0.055,False,True,
2026-09-16,2026-09-16T10:23:13+00:00,1395701,0.123,False,True,
2026-09-16,2026-09-16T10:23:13+00:00,2658303,0.0355,False,True,
2026-09-16,2026-09-16T10:23:13+00:00,4052452,1.0,True,True,
2026-09-16,2026-09-16T10:23:13+00:00,1283280,0.045,False,True,
2026-09-16,2026-09-16T10:23:13+00:00,1280825,0.055,False,True,
2026-09-16,2026-09-16T10:23:13+00:00,1280865,0.055,False,True,
2026-09-16,2026-09-16T10:23:13+00:00,4052429,0.155,False,True,
2026-09-16,2026-09-16T10:23:13+00:00,4052427,0.295,False,True,
2026-09-16,2026-09-16T10:23:13+00:00,1395720,0.125,False,True,
2026-09-16,2026-09-16T10:23:13+00:00,1395725,0.08,False,True,
2026-09-16,2026-09-16T10:23:13+00:00,1284528,0.055,False,True,
2026-09-16,2026-09-16T10:23:13+00:00,1283433,0.055,False,True,
2026-09-16,2026-09-16T10:23:13+00:00,1283946,0.055,False,True,
2026-09-16,2026-09-16T10:23:13+00:00,1283416,0.055,False,True,
2026-09-16,2026-09-16T10:23:13+00:00,1283376,0.055,False,True,
2026-09-16,2026-09-16T10:23:13+00:00,1395714,0.035,False,True,
2026-09-16,2026-09-16T10:23:13+00:00,1281108,0.055,False,True,
2026-09-16,2026-09-16T10:23:13+00:00,1365894,0.36,False,True,
2026-09-16,2026-09-16T10:23:13+00:00,1284640,0.055,False,True,
2026-09-16,2026-09-16T10:23:13+00:00,789952,0.265,False,True,
2026-09-16,2026-09-16T10:23:13+00:00,1395710,0.0905,False,True,
2026-09-16,2026-09-16T10:23:13+00:00,4052425,0.515,False,True,
2026-09-16,2026-09-16T10:23:13+00:00,1365861,0.755,False,True,
2026-09-16,2026-09-16T10:23:13+00:00,1283265,0.06,False,True,
2026-09-16,2026-09-16T10:23:13+00:00,1284178,0.055,False,True,
2026-09-16,2026-09-16T10:23:13+00:00,1283177,0.055,False,True,
2026-09-16,2026-09-16T10:23:13+00:00,1283089,0.055,False,True,
2026-09-16,2026-09-16T10:23:13+00:00,1395705,0.1115,False,True,
2026-09-16,2026-09-16T10:23:13+00:00,1283752,0.055,False,True,
2026-09-16,2026-09-16T10:23:13+00:00,1395703,0.2055,False,True,
2026-09-16,2026-09-16T10:23:13+00:00,4052445,0.0215,False,True,
2026-09-16,2026-09-16T10:23:13+00:00,1284162,0.045,False,True,
2026-09-17,2026-09-17T10:32:50+00:00,2252244,0.0,True,True,
2026-09-17,2026-09-17T10:32:50+00:00,2252245,1.0,True,True,
2026-09-17,2026-09-17T10:32:50+00:00,562802,0.885,False,True,
2026-09-17,2026-09-17T10:32:50+00:00,562803,0.115,False,True,
2026-09-17,2026-09-17T10:32:50+00:00,1130012,0.745,False,True,
2026-09-17,2026-09-17T10:32:50+00:00,2589813,0.455,False,True,
2026-09-17,2026-09-17T10:32:50+00:00,2589812,0.525,False,True,
2026-09-17,2026-09-17T10:32:50+00:00,562830,0.305,False,True,
2026-09-17,2026-09-17T10:32:50+00:00,562831,0.105,False,True,
2026-09-17,2026-09-17T10:32:50+00:00,601819,0.445,False,True,
2026-09-17,2026-09-17T10:32:50+00:00,3701690,0.985,False,True,
2026-09-17,2026-09-17T10:32:50+00:00,562793,0.585,False,True,
2026-09-17,2026-09-17T10:32:50+00:00,562794,0.405,False,True,
2026-09-17,2026-09-17T10:32:50+00:00,601826,0.541,False,True,
2026-09-17,2026-09-17T10:32:50+00:00,1130015,0.0235,False,True,
2026-09-17,2026-09-17T10:32:50+00:00,608545,0.2125,False,True,
2026-09-17,2026-09-17T10:32:50+00:00,562828,0.595,False,True,
2026-09-17,2026-09-17T10:32:50+00:00,3501950,0.065,False,True,
2026-09-17,2026-09-17T10:32:50+00:00,1130016,0.2235,False,True,
2026-09-17,2026-09-17T10:32:50+00:00,608547,0.5645,False,True,
2026-09-17,2026-09-17T10:32:50+00:00,2264327,0.055,False,True,
2026-09-17,2026-09-17T10:32:50+00:00,608566,0.045,False,True,
2026-09-17,2026-09-17T10:32:50+00:00,628940,0.0395,False,True,
2026-09-17,2026-09-17T10:32:50+00:00,1439550,0.014,False,True,
2026-09-17,2026-09-17T10:32:50+00:00,3399197,0.645,False,True,
2026-09-17,2026-09-17T10:32:50+00:00,608553,0.021,False,True,
2026-09-17,2026-09-17T10:32:50+00:00,3247642,0.055,False,True,
2026-09-17,2026-09-17T10:32:50+00:00,2170255,0.035,False,True,
2026-09-17,2026-09-17T10:32:50+00:00,3128888,0.355,False,True,
2026-09-17,2026-09-17T10:32:50+00:00,4052413,0.012,False,True,
2026-09-17,2026-09-17T10:32:50+00:00,1365854,0.2055,False,True,
2026-09-17,2026-09-17T10:32:50+00:00,2046125,0.04,False,True,
2026-09-17,2026-09-17T10:32:50+00:00,2046126,0.043,False,True,
2026-09-17,2026-09-17T10:32:50+00:00,4052415,0.0135,False,True,
2026-09-17,2026-09-17T10:32:50+00:00,608540,0.1105,False,True,
2026-09-17,2026-09-17T10:32:50+00:00,2646914,0.933,False,True,
2026-09-17,2026-09-17T10:32:50+00:00,3501951,0.125,False,True,
2026-09-17,2026-09-17T10:32:50+00:00,3128887,0.135,False,True,
2026-09-17,2026-09-17T10:32:50+00:00,4052416,0.018,False,True,
2026-09-17,2026-09-17T10:32:50+00:00,4052420,0.225,False,True,
2026-09-17,2026-09-17T10:32:50+00:00,648383,0.295,False,True,
2026-09-17,2026-09-17T10:32:50+00:00,3399450,0.055,False,True,
2026-09-17,2026-09-17T10:32:50+00:00,2243896,0.08,False,True,
2026-09-17,2026-09-17T10:32:50+00:00,2243896,0.08,False,True,
2026-09-17,2026-09-17T10:32:50+00:00,3399450,0.055,False,True,
2026-09-17,2026-09-17T10:32:50+00:00,1365904,0.448,False,True,
2026-09-17,2026-09-17T10:32:50+00:00,4052417,0.0325,False,True,
2026-09-17,2026-09-17T10:32:50+00:00,3008494,0.975,False,True,
2026-09-17,2026-09-17T10:32:50+00:00,3399451,0.085,False,True,
2026-09-17,2026-09-17T10:32:50+00:00,4052423,1.0,True,True,
2026-09-17,2026-09-17T10:32:50+00:00,3399458,0.925,False,True,
2026-09-17,2026-09-17T10:32:50+00:00,2646919,0.016,False,True,
2026-09-17,2026-09-17T10:32:50+00:00,4052414,0.0135,False,True,
2026-09-17,2026-09-17T10:32:50+00:00,1395706,0.108,False,True,
2026-09-17,2026-09-17T10:32:50+00:00,4052432,0.0245,False,True,
2026-09-17,2026-09-17T10:32:50+00:00,1395727,0.2265,False,True,
2026-09-17,2026-09-17T10:32:50+00:00,4052418,0.065,False,True,
2026-09-17,2026-09-17T10:32:50+00:00,4052434,0.0175,False,True,
2026-09-17,2026-09-17T10:32:50+00:00,4052446,0.0285,False,True,
2026-09-17,2026-09-17T10:32:50+00:00,1282928,0.055,False,True,
2026-09-17,2026-09-17T10:32:50+00:00,1395732,0.4,False,True,
2026-09-17,2026-09-17T10:32:50+00:00,4052460,0.0325,False,True,
2026-09-17,2026-09-17T10:32:50+00:00,4052447,0.0355,False,True,
2026-09-17,2026-09-17T10:32:50+00:00,3399459,0.805,False,True,
2026-09-17,2026-09-17T10:32:50+00:00,4190831,1.0,True,True,
2026-09-17,2026-09-17T10:32:50+00:00,637004,0.075,False,True,
2026-09-17,2026-09-17T10:32:50+00:00,1283313,0.055,False,True,
2026-09-17,2026-09-17T10:32:50+00:00,1282776,0.055,False,True,
2026-09-17,2026-09-17T10:32:50+00:00,1395701,0.1205,False,True,
2026-09-17,2026-09-17T10:32:50+00:00,2658303,0.0305,False,True,
2026-09-17,2026-09-17T10:32:50+00:00,4052452,1.0,True,True,
2026-09-17,2026-09-17T10:32:50+00:00,1283280,0.045,False,True,
2026-09-17,2026-09-17T10:32:50+00:00,1280825,0.055,False,True,
2026-09-17,2026-09-17T10:32:50+00:00,1280865,0.055,False,True,
2026-09-17,2026-09-17T10:32:50+00:00,4052429,0.085,False,True,
2026-09-17,2026-09-17T10:32:50+00:00,4052427,0.185,False,True,
2026-09-17,2026-09-17T10:32:50+00:00,1395720,0.11,False,True,
2026-09-17,2026-09-17T10:32:50+00:00,1395725,0.095,False,True,
2026-09-17,2026-09-17T10:32:50+00:00,1284528,0.055,False,True,
2026-09-17,2026-09-17T10:32:50+00:00,1283433,0.055,False,True,
2026-09-17,2026-09-17T10:32:50+00:00,1283946,0.055,False,True,
2026-09-17,2026-09-17T10:32:50+00:00,1283416,0.055,False,True,
2026-09-17,2026-09-17T10:32:50+00:00,1283376,0.055,False,True,
2026-09-17,2026-09-17T10:32:50+00:00,1395714,0.036,False,True,
2026-09-17,2026-09-17T10:32:50+00:00,1281108,0.055,False,True,
2026-09-17,2026-09-17T10:32:50+00:00,1365894,0.395,False,True,
2026-09-17,2026-09-17T10:32:50+00:00,1284640,0.055,False,True,
2026-09-17,2026-09-17T10:32:50+00:00,789952,0.315,False,True,
2026-09-17,2026-09-17T10:32:50+00:00,1395710,0.0855,False,True,
2026-09-17,2026-09-17T10:32:50+00:00,4052425,0.385,False,True,
2026-09-17,2026-09-17T10:32:50+00:00,1365861,0.785,False,True,
2026-09-17,2026-09-17T10:32:50+00:00,1283265,0.06,False,True,
2026-09-17,2026-09-17T10:32:50+00:00,1284178,0.055,False,True,
2026-09-17,2026-09-17T10:32:50+00:00,1283177,0.055,False,True,
2026-09-17,2026-09-17T10:32:50+00:00,1283089,0.055,False,True,
2026-09-17,2026-09-17T10:32:50+00:00,1395705,0.0965,False,True,
2026-09-17,2026-09-17T10:32:50+00:00,1283752,0.055,False,True,
2026-09-17,2026-09-17T10:32:50+00:00,1395703,0.24,False,True,
2026-09-17,2026-09-17T10:32:50+00:00,4052445,0.0135,False,True,
2026-09-17,2026-09-17T10:32:50+00:00,1284162,0.045,False,True,
2026-09-18,2026-09-18T10:08:56+00:00,2252244,0.0,True,True,
2026-09-18,2026-09-18T10:08:56+00:00,2252245,1.0,True,True,
2026-09-18,2026-09-18T10:08:56+00:00,562802,0.895,False,True,
2026-09-18,2026-09-18T10:08:56+00:00,562803,0.105,False,True,
2026-09-18,2026-09-18T10:08:56+00:00,1130012,0.765,False,True,
2026-09-18,2026-09-18T10:08:56+00:00,2589813,0.515,False,True,
2026-09-18,2026-09-18T10:08:56+00:00,2589812,0.475,False,True,
2026-09-18,2026-09-18T10:08:56+00:00,562830,0.305,False,True,
2026-09-18,2026-09-18T10:08:56+00:00,562831,0.105,False,True,
2026-09-18,2026-09-18T10:08:56+00:00,601819,0.425,False,True,
2026-09-18,2026-09-18T10:08:56+00:00,3701690,0.9825,False,True,
2026-09-18,2026-09-18T10:08:56+00:00,562793,0.595,False,True,
2026-09-18,2026-09-18T10:08:56+00:00,562794,0.415,False,True,
2026-09-18,2026-09-18T10:08:56+00:00,601826,0.5475,False,True,
2026-09-18,2026-09-18T10:08:56+00:00,1130015,0.023,False,True,
2026-09-18,2026-09-18T10:08:56+00:00,608545,0.239,False,True,
2026-09-18,2026-09-18T10:08:56+00:00,562828,0.595,False,True,
2026-09-18,2026-09-18T10:08:56+00:00,3501950,0.065,False,True,
2026-09-18,2026-09-18T10:08:56+00:00,1130016,0.193,False,True,
2026-09-18,2026-09-18T10:08:56+00:00,608547,0.5605,False,True,
2026-09-18,2026-09-18T10:08:56+00:00,2264327,0.055,False,True,
2026-09-18,2026-09-18T10:08:56+00:00,608566,0.045,False,True,
2026-09-18,2026-09-18T10:08:56+00:00,628940,0.0495,False,True,
2026-09-18,2026-09-18T10:08:56+00:00,1439550,0.013,False,True,
2026-09-18,2026-09-18T10:08:56+00:00,3399197,0.605,False,True,
2026-09-18,2026-09-18T10:08:56+00:00,608553,0.0195,False,True,
2026-09-18,2026-09-18T10:08:56+00:00,3247642,0.095,False,True,
2026-09-18,2026-09-18T10:08:56+00:00,2170255,0.0335,False,True,
2026-09-18,2026-09-18T10:08:56+00:00,3128888,0.32,False,True,
2026-09-18,2026-09-18T10:08:56+00:00,4052413,0.0065,False,True,
2026-09-18,2026-09-18T10:08:56+00:00,1365854,0.242,False,True,
2026-09-18,2026-09-18T10:08:56+00:00,2046125,0.034,False,True,
2026-09-18,2026-09-18T10:08:56+00:00,2046126,0.0425,False,True,
2026-09-18,2026-09-18T10:08:56+00:00,4052415,0.0195,False,True,
2026-09-18,2026-09-18T10:08:56+00:00,608540,0.0865,False,True,
2026-09-18,2026-09-18T10:08:56+00:00,2646914,0.8975,False,True,
2026-09-18,2026-09-18T10:08:56+00:00,3501951,0.115,False,True,
2026-09-18,2026-09-18T10:08:56+00:00,3128887,0.095,False,True,
2026-09-18,2026-09-18T10:08:56+00:00,4052416,0.0285,False,True,
2026-09-18,2026-09-18T10:08:56+00:00,4052420,0.375,False,True,
2026-09-18,2026-09-18T10:08:56+00:00,648383,0.285,False,True,
2026-09-18,2026-09-18T10:08:56+00:00,3399450,0.055,False,True,
2026-09-18,2026-09-18T10:08:56+00:00,2243896,0.075,False,True,
2026-09-18,2026-09-18T10:08:56+00:00,2243896,0.075,False,True,
2026-09-18,2026-09-18T10:08:56+00:00,3399450,0.055,False,True,
2026-09-18,2026-09-18T10:08:56+00:00,1365904,0.356,False,True,
2026-09-18,2026-09-18T10:08:56+00:00,4052417,0.051,False,True,
2026-09-18,2026-09-18T10:08:56+00:00,3008494,0.976,False,True,
2026-09-18,2026-09-18T10:08:56+00:00,3399451,0.085,False,True,
2026-09-18,2026-09-18T10:08:56+00:00,4052423,1.0,True,True,
2026-09-18,2026-09-18T10:08:56+00:00,3399458,0.935,False,True,
2026-09-18,2026-09-18T10:08:56+00:00,2646919,0.0105,False,True,
2026-09-18,2026-09-18T10:08:56+00:00,4052414,0.0115,False,True,
2026-09-18,2026-09-18T10:08:56+00:00,1395706,0.0995,False,True,
2026-09-18,2026-09-18T10:08:56+00:00,4052432,0.0125,False,True,
2026-09-18,2026-09-18T10:08:56+00:00,1395727,0.2475,False,True,
2026-09-18,2026-09-18T10:08:56+00:00,4052418,0.095,False,True,
2026-09-18,2026-09-18T10:08:56+00:00,4052434,0.0075,False,True,
2026-09-18,2026-09-18T10:08:56+00:00,4052446,0.034,False,True,
2026-09-18,2026-09-18T10:08:56+00:00,1282928,0.055,False,True,
2026-09-18,2026-09-18T10:08:56+00:00,1395732,0.405,False,True,
2026-09-18,2026-09-18T10:08:56+00:00,4052460,0.0215,False,True,
2026-09-18,2026-09-18T10:08:56+00:00,4052447,0.049,False,True,
2026-09-18,2026-09-18T10:08:56+00:00,3399459,0.815,False,True,
2026-09-18,2026-09-18T10:08:56+00:00,4190831,1.0,True,True,
2026-09-18,2026-09-18T10:08:56+00:00,637004,0.075,False,True,
2026-09-18,2026-09-18T10:08:56+00:00,1283313,0.055,False,True,
2026-09-18,2026-09-18T10:08:56+00:00,1282776,0.055,False,True,
2026-09-18,2026-09-18T10:08:56+00:00,1395701,0.133,False,True,
2026-09-18,2026-09-18T10:08:56+00:00,2658303,0.025,False,True,
2026-09-18,2026-09-18T10:08:56+00:00,4052452,1.0,True,True,
2026-09-18,2026-09-18T10:08:56+00:00,1283280,0.0355,False,True,
2026-09-18,2026-09-18T10:08:56+00:00,1280825,0.055,False,True,
2026-09-18,2026-09-18T10:08:56+00:00,1280865,0.055,False,True,
2026-09-18,2026-09-18T10:08:56+00:00,4052429,0.045,False,True,
2026-09-18,2026-09-18T10:08:56+00:00,4052427,0.105,False,True,
2026-09-18,2026-09-18T10:08:56+00:00,1395720,0.11,False,True,
2026-09-18,2026-09-18T10:08:56+00:00,1395725,0.09,False,True,
2026-09-18,2026-09-18T10:08:56+00:00,1284528,0.055,False,True,
2026-09-18,2026-09-18T10:08:56+00:00,1283433,0.0415,False,True,
2026-09-18,2026-09-18T10:08:56+00:00,1283946,0.038,False,True,
2026-09-18,2026-09-18T10:08:56+00:00,1283416,0.055,False,True,
2026-09-18,2026-09-18T10:08:56+00:00,1283376,0.055,False,True,
2026-09-18,2026-09-18T10:08:56+00:00,1395714,0.067,False,True,
2026-09-18,2026-09-18T10:08:56+00:00,1281108,0.055,False,True,
2026-09-18,2026-09-18T10:08:56+00:00,1365894,0.525,False,True,
2026-09-18,2026-09-18T10:08:56+00:00,1284640,0.05,False,True,
2026-09-18,2026-09-18T10:08:56+00:00,789952,0.265,False,True,
2026-09-18,2026-09-18T10:08:56+00:00,1395710,0.09,False,True,
2026-09-18,2026-09-18T10:08:56+00:00,4052425,0.205,False,True,
2026-09-18,2026-09-18T10:08:56+00:00,1365861,0.765,False,True,
2026-09-18,2026-09-18T10:08:56+00:00,1283265,0.06,False,True,
2026-09-18,2026-09-18T10:08:56+00:00,1284178,0.045,False,True,
2026-09-18,2026-09-18T10:08:56+00:00,1283177,0.055,False,True,
2026-09-18,2026-09-18T10:08:56+00:00,1283089,0.055,False,True,
2026-09-18,2026-09-18T10:08:56+00:00,1395705,0.0945,False,True,
2026-09-18,2026-09-18T10:08:56+00:00,1283752,0.055,False,True,
2026-09-18,2026-09-18T10:08:56+00:00,1395703,0.2485,False,True,
2026-09-18,2026-09-18T10:08:56+00:00,4052445,0.0235,False,True,
2026-09-18,2026-09-18T10:08:56+00:00,1284162,0.045,False,True,
2026-09-19,2026-09-19T09:50:05+00:00,2252244,0.0,True,True,
2026-09-19,2026-09-19T09:50:05+00:00,2252245,1.0,True,True,
2026-09-19,2026-09-19T09:50:05+00:00,562802,0.905,False,True,
2026-09-19,2026-09-19T09:50:05+00:00,562803,0.105,False,True,
2026-09-19,2026-09-19T09:50:05+00:00,1130012,0.745,False,True,
2026-09-19,2026-09-19T09:50:05+00:00,2589813,0.555,False,True,
2026-09-19,2026-09-19T09:50:05+00:00,2589812,0.435,False,True,
2026-09-19,2026-09-19T09:50:05+00:00,562830,0.305,False,True,
2026-09-19,2026-09-19T09:50:05+00:00,562831,0.085,False,True,
2026-09-19,2026-09-19T09:50:05+00:00,601819,0.425,False,True,
2026-09-19,2026-09-19T09:50:05+00:00,3701690,0.9895,False,True,
2026-09-19,2026-09-19T09:50:05+00:00,562793,0.605,False,True,
2026-09-19,2026-09-19T09:50:05+00:00,562794,0.405,False,True,
2026-09-19,2026-09-19T09:50:05+00:00,601826,0.5665,False,True,
2026-09-19,2026-09-19T09:50:05+00:00,1130015,0.0175,False,True,
2026-09-19,2026-09-19T09:50:05+00:00,608545,0.235,False,True,
2026-09-19,2026-09-19T09:50:05+00:00,562828,0.595,False,True,
2026-09-19,2026-09-19T09:50:05+00:00,3501950,0.065,False,True,
2026-09-19,2026-09-19T09:50:05+00:00,1130016,0.235,False,True,
2026-09-19,2026-09-19T09:50:05+00:00,608547,0.5465,False,True,
2026-09-19,2026-09-19T09:50:05+00:00,2264327,0.055,False,True,
2026-09-19,2026-09-19T09:50:05+00:00,608566,0.055,False,True,
2026-09-19,2026-09-19T09:50:05+00:00,628940,0.053,False,True,
2026-09-19,2026-09-19T09:50:05+00:00,1439550,0.0115,False,True,
2026-09-19,2026-09-19T09:50:05+00:00,3399197,0.665,False,True,
2026-09-19,2026-09-19T09:50:05+00:00,608553,0.019,False,True,
2026-09-19,2026-09-19T09:50:05+00:00,3247642,0.105,False,True,
2026-09-19,2026-09-19T09:50:05+00:00,2170255,0.0225,False,True,
2026-09-19,2026-09-19T09:50:05+00:00,3128888,0.345,False,True,
2026-09-19,2026-09-19T09:50:05+00:00,4052413,0.0135,False,True,
2026-09-19,2026-09-19T09:50:05+00:00,1365854,0.264,False,True,
2026-09-19,2026-09-19T09:50:05+00:00,2046125,0.0295,False,True,
2026-09-19,2026-09-19T09:50:05+00:00,2046126,0.084,False,True,
2026-09-19,2026-09-19T09:50:05+00:00,4052415,0.0415,False,True,
2026-09-19,2026-09-19T09:50:05+00:00,608540,0.0765,False,True,
2026-09-19,2026-09-19T09:50:05+00:00,2646914,0.8835,False,True,
2026-09-19,2026-09-19T09:50:05+00:00,3501951,0.115,False,True,
2026-09-19,2026-09-19T09:50:05+00:00,3128887,0.085,False,True,
2026-09-19,2026-09-19T09:50:05+00:00,4052416,0.07,False,True,
2026-09-19,2026-09-19T09:50:05+00:00,4052420,0.795,False,True,
2026-09-19,2026-09-19T09:50:05+00:00,648383,0.285,False,True,
2026-09-19,2026-09-19T09:50:05+00:00,3399450,0.055,False,True,
2026-09-19,2026-09-19T09:50:05+00:00,2243896,0.08,False,True,
2026-09-19,2026-09-19T09:50:05+00:00,2243896,0.08,False,True,
2026-09-19,2026-09-19T09:50:05+00:00,3399450,0.055,False,True,
2026-09-19,2026-09-19T09:50:05+00:00,1365904,0.3645,False,True,
2026-09-19,2026-09-19T09:50:05+00:00,4052417,0.1355,False,True,
2026-09-19,2026-09-19T09:50:05+00:00,3008494,0.979,False,True,
2026-09-19,2026-09-19T09:50:05+00:00,3399451,0.085,False,True,
2026-09-19,2026-09-19T09:50:05+00:00,4052423,1.0,True,True,
2026-09-19,2026-09-19T09:50:05+00:00,3399458,0.945,False,True,
2026-09-19,2026-09-19T09:50:05+00:00,2646919,0.0025,False,True,
2026-09-19,2026-09-19T09:50:05+00:00,4052414,0.0355,False,True,
2026-09-19,2026-09-19T09:50:05+00:00,1395706,0.106,False,True,
2026-09-19,2026-09-19T09:50:05+00:00,4052432,0.006,False,True,
2026-09-19,2026-09-19T09:50:05+00:00,1395727,0.247,False,True,
2026-09-19,2026-09-19T09:50:05+00:00,4052418,0.255,False,True,
2026-09-19,2026-09-19T09:50:05+00:00,4052434,0.0045,False,True,
2026-09-19,2026-09-19T09:50:05+00:00,4052446,0.0735,False,True,
2026-09-19,2026-09-19T09:50:05+00:00,1282928,0.055,False,True,
2026-09-19,2026-09-19T09:50:05+00:00,1395732,0.405,False,True,
2026-09-19,2026-09-19T09:50:05+00:00,4052460,0.0055,False,True,
2026-09-19,2026-09-19T09:50:05+00:00,4052447,0.1055,False,True,
2026-09-19,2026-09-19T09:50:05+00:00,3399459,0.835,False,True,
2026-09-19,2026-09-19T09:50:05+00:00,4190831,1.0,True,True,
2026-09-19,2026-09-19T09:50:05+00:00,637004,0.075,False,True,
2026-09-19,2026-09-19T09:50:05+00:00,1283313,0.055,False,True,
2026-09-19,2026-09-19T09:50:05+00:00,1282776,0.055,False,True,
2026-09-19,2026-09-19T09:50:05+00:00,1395701,0.1175,False,True,
2026-09-19,2026-09-19T09:50:05+00:00,2658303,0.022,False,True,
2026-09-19,2026-09-19T09:50:05+00:00,4052452,1.0,True,True,
2026-09-19,2026-09-19T09:50:05+00:00,1283280,0.042,False,True,
2026-09-19,2026-09-19T09:50:05+00:00,1280825,0.055,False,True,
2026-09-19,2026-09-19T09:50:05+00:00,1280865,0.055,False,True,
2026-09-19,2026-09-19T09:50:05+00:00,4052429,0.0265,False,True,
2026-09-19,2026-09-19T09:50:05+00:00,4052427,0.0385,False,True,
2026-09-19,2026-09-19T09:50:05+00:00,1395720,0.11,False,True,
2026-09-19,2026-09-19T09:50:05+00:00,1395725,0.09,False,True,
2026-09-19,2026-09-19T09:50:05+00:00,1284528,0.055,False,True,
2026-09-19,2026-09-19T09:50:05+00:00,1283433,0.0405,False,True,
2026-09-19,2026-09-19T09:50:05+00:00,1283946,0.038,False,True,
2026-09-19,2026-09-19T09:50:05+00:00,1283416,0.055,False,True,
2026-09-19,2026-09-19T09:50:05+00:00,1283376,0.055,False,True,
2026-09-19,2026-09-19T09:50:05+00:00,1395714,0.065,False,True,
2026-09-19,2026-09-19T09:50:05+00:00,1281108,0.055,False,True,
2026-09-19,2026-09-19T09:50:05+00:00,1365894,0.495,False,True,
2026-09-19,2026-09-19T09:50:05+00:00,1284640,0.05,False,True,
2026-09-19,2026-09-19T09:50:05+00:00,789952,0.295,False,True,
2026-09-19,2026-09-19T09:50:05+00:00,1395710,0.09,False,True,
2026-09-19,2026-09-19T09:50:05+00:00,4052425,0.065,False,True,
2026-09-19,2026-09-19T09:50:05+00:00,1365861,0.695,False,True,
2026-09-19,2026-09-19T09:50:05+00:00,1283265,0.06,False,True,
2026-09-19,2026-09-19T09:50:05+00:00,1284178,0.045,False,True,
2026-09-19,2026-09-19T09:50:05+00:00,1283177,0.055,False,True,
2026-09-19,2026-09-19T09:50:05+00:00,1283089,0.055,False,True,
2026-09-19,2026-09-19T09:50:05+00:00,1395705,0.096,False,True,
2026-09-19,2026-09-19T09:50:05+00:00,1283752,0.055,False,True,
2026-09-19,2026-09-19T09:50:05+00:00,1395703,0.262,False,True,
2026-09-19,2026-09-19T09:50:05+00:00,4052445,0.0345,False,True,
2026-09-19,2026-09-19T09:50:05+00:00,1284162,0.045,False,True,
2026-09-20,2026-09-20T10:11:38+00:00,2252244,0.0,True,True,
2026-09-20,2026-09-20T10:11:38+00:00,2252245,1.0,True,True,
2026-09-20,2026-09-20T10:11:38+00:00,562802,0.925,False,True,
2026-09-20,2026-09-20T10:11:38+00:00,562803,0.075,False,True,
2026-09-20,2026-09-20T10:11:38+00:00,1130012,0.795,False,True,
2026-09-20,2026-09-20T10:11:38+00:00,2589813,0.555,False,True,
2026-09-20,2026-09-20T10:11:38+00:00,2589812,0.435,False,True,
2026-09-20,2026-09-20T10:11:38+00:00,562830,0.305,False,True,
2026-09-20,2026-09-20T10:11:38+00:00,562831,0.075,False,True,
2026-09-20,2026-09-20T10:11:38+00:00,601819,0.415,False,True,
2026-09-20,2026-09-20T10:11:38+00:00,3701690,0.973,False,True,
2026-09-20,2026-09-20T10:11:38+00:00,562793,0.605,False,True,
2026-09-20,2026-09-20T10:11:38+00:00,562794,0.385,False,True,
2026-09-20,2026-09-20T10:11:38+00:00,601826,0.5745,False,True,
2026-09-20,2026-09-20T10:11:38+00:00,1130015,0.012,False,True,
2026-09-20,2026-09-20T10:11:38+00:00,608545,0.2255,False,True,
2026-09-20,2026-09-20T10:11:38+00:00,562828,0.605,False,True,
2026-09-20,2026-09-20T10:11:38+00:00,3501950,0.065,False,True,
2026-09-20,2026-09-20T10:11:38+00:00,1130016,0.183,False,True,
2026-09-20,2026-09-20T10:11:38+00:00,608547,0.5605,False,True,
2026-09-20,2026-09-20T10:11:38+00:00,2264327,0.045,False,True,
2026-09-20,2026-09-20T10:11:38+00:00,608566,0.045,False,True,
2026-09-20,2026-09-20T10:11:38+00:00,628940,0.0505,False,True,
2026-09-20,2026-09-20T10:11:38+00:00,1439550,0.01,False,True,
2026-09-20,2026-09-20T10:11:38+00:00,3399197,0.725,False,True,
2026-09-20,2026-09-20T10:11:38+00:00,608553,0.0185,False,True,
2026-09-20,2026-09-20T10:11:38+00:00,3247642,0.115,False,True,
2026-09-20,2026-09-20T10:11:38+00:00,2170255,0.0385,False,True,
2026-09-20,2026-09-20T10:11:38+00:00,3128888,0.35,False,True,
2026-09-20,2026-09-20T10:11:38+00:00,4052413,0.0085,False,True,
2026-09-20,2026-09-20T10:11:38+00:00,1365854,0.332,False,True,
2026-09-20,2026-09-20T10:11:38+00:00,2046125,0.0215,False,True,
2026-09-20,2026-09-20T10:11:38+00:00,2046126,0.08,False,True,
2026-09-20,2026-09-20T10:11:38+00:00,4052415,0.0395,False,True,
2026-09-20,2026-09-20T10:11:38+00:00,608540,0.0755,False,True,
2026-09-20,2026-09-20T10:11:38+00:00,2646914,0.883,False,True,
2026-09-20,2026-09-20T10:11:38+00:00,3501951,0.115,False,True,
2026-09-20,2026-09-20T10:11:38+00:00,3128887,0.085,False,True,
2026-09-20,2026-09-20T10:11:38+00:00,4052416,0.0515,False,True,
2026-09-20,2026-09-20T10:11:38+00:00,4052420,0.625,False,True,
2026-09-20,2026-09-20T10:11:38+00:00,648383,0.285,False,True,
2026-09-20,2026-09-20T10:11:38+00:00,3399450,0.045,False,True,
2026-09-20,2026-09-20T10:11:38+00:00,2243896,0.065,False,True,
2026-09-20,2026-09-20T10:11:38+00:00,2243896,0.065,False,True,
2026-09-20,2026-09-20T10:11:38+00:00,3399450,0.045,False,True,
2026-09-20,2026-09-20T10:11:38+00:00,1365904,0.3175,False,True,
2026-09-20,2026-09-20T10:11:38+00:00,4052417,0.1005,False,True,
2026-09-20,2026-09-20T10:11:38+00:00,3008494,0.9835,False,True,
2026-09-20,2026-09-20T10:11:38+00:00,3399451,0.085,False,True,
2026-09-20,2026-09-20T10:11:38+00:00,4052423,1.0,True,True,
2026-09-20,2026-09-20T10:11:38+00:00,3399458,0.925,False,True,
2026-09-20,2026-09-20T10:11:38+00:00,2646919,0.0055,False,True,
2026-09-20,2026-09-20T10:11:38+00:00,4052414,0.0185,False,True,
2026-09-20,2026-09-20T10:11:38+00:00,1395706,0.1075,False,True,
2026-09-20,2026-09-20T10:11:38+00:00,4052432,0.0075,False,True,
2026-09-20,2026-09-20T10:11:38+00:00,1395727,0.2475,False,True,
2026-09-20,2026-09-20T10:11:38+00:00,4052418,0.175,False,True,
2026-09-20,2026-09-20T10:11:38+00:00,4052434,0.0055,False,True,
2026-09-20,2026-09-20T10:11:38+00:00,4052446,0.04,False,True,
2026-09-20,2026-09-20T10:11:38+00:00,1282928,0.055,False,True,
2026-09-20,2026-09-20T10:11:38+00:00,1395732,0.395,False,True,
2026-09-20,2026-09-20T10:11:38+00:00,4052460,0.014,False,True,
2026-09-20,2026-09-20T10:11:38+00:00,4052447,0.0555,False,True,
2026-09-20,2026-09-20T10:11:38+00:00,3399459,0.825,False,True,
2026-09-20,2026-09-20T10:11:38+00:00,4190831,1.0,True,True,
2026-09-20,2026-09-20T10:11:38+00:00,637004,0.075,False,True,
2026-09-20,2026-09-20T10:11:38+00:00,1283313,0.055,False,True,
2026-09-20,2026-09-20T10:11:38+00:00,1282776,0.055,False,True,
2026-09-20,2026-09-20T10:11:38+00:00,1395701,0.113,False,True,
2026-09-20,2026-09-20T10:11:38+00:00,2658303,0.021,False,True,
2026-09-20,2026-09-20T10:11:38+00:00,4052452,1.0,True,True,
2026-09-20,2026-09-20T10:11:38+00:00,1283280,0.043,False,True,
2026-09-20,2026-09-20T10:11:38+00:00,1280825,0.055,False,True,
2026-09-20,2026-09-20T10:11:38+00:00,1280865,0.055,False,True,
2026-09-20,2026-09-20T10:11:38+00:00,4052429,0.0295,False,True,
2026-09-20,2026-09-20T10:11:38+00:00,4052427,0.0635,False,True,
2026-09-20,2026-09-20T10:11:38+00:00,1395720,0.105,False,True,
2026-09-20,2026-09-20T10:11:38+00:00,1395725,0.09,False,True,
2026-09-20,2026-09-20T10:11:38+00:00,1284528,0.055,False,True,
2026-09-20,2026-09-20T10:11:38+00:00,1283433,0.0405,False,True,
2026-09-20,2026-09-20T10:11:38+00:00,1283946,0.031,False,True,
2026-09-20,2026-09-20T10:11:38+00:00,1283416,0.055,False,True,
2026-09-20,2026-09-20T10:11:38+00:00,1283376,0.055,False,True,
2026-09-20,2026-09-20T10:11:38+00:00,1395714,0.07,False,True,
2026-09-20,2026-09-20T10:11:38+00:00,1281108,0.055,False,True,
2026-09-20,2026-09-20T10:11:38+00:00,1365894,0.535,False,True,
2026-09-20,2026-09-20T10:11:38+00:00,1284640,0.05,False,True,
2026-09-20,2026-09-20T10:11:38+00:00,789952,0.315,False,True,
2026-09-20,2026-09-20T10:11:38+00:00,1395710,0.0895,False,True,
2026-09-20,2026-09-20T10:11:38+00:00,4052425,0.095,False,True,
2026-09-20,2026-09-20T10:11:38+00:00,1365861,0.665,False,True,
2026-09-20,2026-09-20T10:11:38+00:00,1283265,0.06,False,True,
2026-09-20,2026-09-20T10:11:38+00:00,1284178,0.045,False,True,
2026-09-20,2026-09-20T10:11:38+00:00,1283177,0.055,False,True,
2026-09-20,2026-09-20T10:11:38+00:00,1283089,0.055,False,True,
2026-09-20,2026-09-20T10:11:38+00:00,1395705,0.0805,False,True,
2026-09-20,2026-09-20T10:11:38+00:00,1283752,0.055,False,True,
2026-09-20,2026-09-20T10:11:38+00:00,1395703,0.2465,False,True,
2026-09-20,2026-09-20T10:11:38+00:00,4052445,0.0165,False,True,
2026-09-20,2026-09-20T10:11:38+00:00,1284162,0.045,False,True,
2026-09-21,2026-09-21T11:14:54+00:00,2252244,0.0,True,True,
2026-09-21,2026-09-21T11:14:54+00:00,2252245,1.0,True,True,
2026-09-21,2026-09-21T11:14:54+00:00,562802,0.915,False,True,
2026-09-21,2026-09-21T11:14:54+00:00,562803,0.085,False,True,
2026-09-21,2026-09-21T11:14:54+00:00,1130012,0.9995,False,True,
2026-09-21,2026-09-21T11:14:54+00:00,2589813,0.505,False,True,
2026-09-21,2026-09-21T11:14:54+00:00,2589812,0.465,False,True,
2026-09-21,2026-09-21T11:14:54+00:00,562830,0.305,False,True,
2026-09-21,2026-09-21T11:14:54+00:00,562831,0.075,False,True,
2026-09-21,2026-09-21T11:14:54+00:00,601819,0.405,False,True,
2026-09-21,2026-09-21T11:14:54+00:00,3701690,1.0,True,True,
2026-09-21,2026-09-21T11:14:54+00:00,562793,0.605,False,True,
2026-09-21,2026-09-21T11:14:54+00:00,562794,0.395,False,True,
2026-09-21,2026-09-21T11:14:54+00:00,601826,0.5875,False,True,
2026-09-21,2026-09-21T11:14:54+00:00,1130015,0.0,True,True,
2026-09-21,2026-09-21T11:14:54+00:00,608545,0.216,False,True,
2026-09-21,2026-09-21T11:14:54+00:00,562828,0.615,False,True,
2026-09-21,2026-09-21T11:14:54+00:00,3501950,0.065,False,True,
2026-09-21,2026-09-21T11:14:54+00:00,1130016,0.0,True,True,
2026-09-21,2026-09-21T11:14:54+00:00,608547,0.5795,False,True,
2026-09-21,2026-09-21T11:14:54+00:00,2264327,0.045,False,True,
2026-09-21,2026-09-21T11:14:54+00:00,608566,0.045,False,True,
2026-09-21,2026-09-21T11:14:54+00:00,628940,0.0545,False,True,
2026-09-21,2026-09-21T11:14:54+00:00,1439550,0.009,False,True,
2026-09-21,2026-09-21T11:14:54+00:00,3399197,0.9675,False,True,
2026-09-21,2026-09-21T11:14:54+00:00,608553,0.0185,False,True,
2026-09-21,2026-09-21T11:14:54+00:00,3247642,0.125,False,True,
2026-09-21,2026-09-21T11:14:54+00:00,2170255,0.023,False,True,
2026-09-21,2026-09-21T11:14:54+00:00,3128888,0.385,False,True,
2026-09-21,2026-09-21T11:14:54+00:00,4052413,0.032,False,True,
2026-09-21,2026-09-21T11:14:54+00:00,1365854,0.31,False,True,
2026-09-21,2026-09-21T11:14:54+00:00,2046125,0.0035,False,True,
2026-09-21,2026-09-21T11:14:54+00:00,2046126,0.0045,False,True,
2026-09-21,2026-09-21T11:14:54+00:00,4052415,0.0985,False,True,
2026-09-21,2026-09-21T11:14:54+00:00,608540,0.0765,False,True,
2026-09-21,2026-09-21T11:14:54+00:00,2646914,0.872,False,True,
2026-09-21,2026-09-21T11:14:54+00:00,3501951,0.115,False,True,
2026-09-21,2026-09-21T11:14:54+00:00,3128887,0.095,False,True,
2026-09-21,2026-09-21T11:14:54+00:00,4052416,0.1955,False,True,
2026-09-21,2026-09-21T11:14:54+00:00,4052420,1.0,True,True,
2026-09-21,2026-09-21T11:14:54+00:00,648383,0.295,False,True,
2026-09-21,2026-09-21T11:14:54+00:00,3399450,0.045,False,True,
2026-09-21,2026-09-21T11:14:54+00:00,2243896,0.065,False,True,
2026-09-21,2026-09-21T11:14:54+00:00,2243896,0.065,False,True,
2026-09-21,2026-09-21T11:14:54+00:00,3399450,0.045,False,True,
2026-09-21,2026-09-21T11:14:54+00:00,1365904,0.3695,False,True,
2026-09-21,2026-09-21T11:14:54+00:00,4052417,0.3265,False,True,
2026-09-21,2026-09-21T11:14:54+00:00,3008494,0.9915,False,True,
2026-09-21,2026-09-21T11:14:54+00:00,3399451,0.085,False,True,
2026-09-21,2026-09-21T11:14:54+00:00,4052423,1.0,True,True,
2026-09-21,2026-09-21T11:14:54+00:00,3399458,0.955,False,True,
2026-09-21,2026-09-21T11:14:54+00:00,2646919,0.003,False,True,
2026-09-21,2026-09-21T11:14:54+00:00,4052414,0.057,False,True,
2026-09-21,2026-09-21T11:14:54+00:00,1395706,0.1445,False,True,
2026-09-21,2026-09-21T11:14:54+00:00,4052432,0.008,False,True,
2026-09-21,2026-09-21T11:14:54+00:00,1395727,0.2555,False,True,
2026-09-21,2026-09-21T11:14:54+00:00,4052418,0.595,False,True,
2026-09-21,2026-09-21T11:14:54+00:00,4052434,0.0055,False,True,
2026-09-21,2026-09-21T11:14:54+00:00,4052446,0.1015,False,True,
2026-09-21,2026-09-21T11:14:54+00:00,1282928,0.055,False,True,
2026-09-21,2026-09-21T11:14:54+00:00,1395732,0.395,False,True,
2026-09-21,2026-09-21T11:14:54+00:00,4052460,0.006,False,True,
2026-09-21,2026-09-21T11:14:54+00:00,4052447,0.1625,False,True,
2026-09-21,2026-09-21T11:14:54+00:00,3399459,0.825,False,True,
2026-09-21,2026-09-21T11:14:54+00:00,4190831,1.0,True,True,
2026-09-21,2026-09-21T11:14:54+00:00,637004,0.075,False,True,
2026-09-21,2026-09-21T11:14:54+00:00,1283313,0.055,False,True,
2026-09-21,2026-09-21T11:14:54+00:00,1282776,0.055,False,True,
2026-09-21,2026-09-21T11:14:54+00:00,1395701,0.112,False,True,
2026-09-21,2026-09-21T11:14:54+00:00,2658303,0.018,False,True,
2026-09-21,2026-09-21T11:14:54+00:00,4052452,1.0,True,True,
2026-09-21,2026-09-21T11:14:54+00:00,1283280,0.046,False,True,
2026-09-21,2026-09-21T11:14:54+00:00,1280825,0.055,False,True,
2026-09-21,2026-09-21T11:14:54+00:00,1280865,0.055,False,True,
2026-09-21,2026-09-21T11:14:54+00:00,4052429,0.0175,False,True,
2026-09-21,2026-09-21T11:14:54+00:00,4052427,0.0325,False,True,
2026-09-21,2026-09-21T11:14:54+00:00,1395720,0.105,False,True,
2026-09-21,2026-09-21T11:14:54+00:00,1395725,0.09,False,True,
2026-09-21,2026-09-21T11:14:54+00:00,1284528,0.055,False,True,
2026-09-21,2026-09-21T11:14:54+00:00,1283433,0.0405,False,True,
2026-09-21,2026-09-21T11:14:54+00:00,1283946,0.0375,False,True,
2026-09-21,2026-09-21T11:14:54+00:00,1283416,0.055,False,True,
2026-09-21,2026-09-21T11:14:54+00:00,1283376,0.055,False,True,
2026-09-21,2026-09-21T11:14:54+00:00,1395714,0.0635,False,True,
2026-09-21,2026-09-21T11:14:54+00:00,1281108,0.055,False,True,
2026-09-21,2026-09-21T11:14:54+00:00,1365894,0.485,False,True,
2026-09-21,2026-09-21T11:14:54+00:00,1284640,0.05,False,True,
2026-09-21,2026-09-21T11:14:54+00:00,789952,0.0,True,True,
2026-09-21,2026-09-21T11:14:54+00:00,1395710,0.0715,False,True,
2026-09-21,2026-09-21T11:14:54+00:00,4052425,0.0395,False,True,
2026-09-21,2026-09-21T11:14:54+00:00,1365861,0.695,False,True,
2026-09-21,2026-09-21T11:14:54+00:00,1283265,0.06,False,True,
2026-09-21,2026-09-21T11:14:54+00:00,1284178,0.045,False,True,
2026-09-21,2026-09-21T11:14:54+00:00,1283177,0.055,False,True,
2026-09-21,2026-09-21T11:14:54+00:00,1283089,0.055,False,True,
2026-09-21,2026-09-21T11:14:54+00:00,1395705,0.0885,False,True,
2026-09-21,2026-09-21T11:14:54+00:00,1283752,0.055,False,True,
2026-09-21,2026-09-21T11:14:54+00:00,1395703,0.2465,False,True,
2026-09-21,2026-09-21T11:14:54+00:00,4052445,0.054,False,True,
2026-09-21,2026-09-21T11:14:54+00:00,1284162,0.045,False,True,
2026-09-22,2026-09-22T10:26:55+00:00,2252244,0.0,True,True,
2026-09-22,2026-09-22T10:26:55+00:00,2252245,1.0,True,True,
2026-09-22,2026-09-22T10:26:55+00:00,562802,0.925,False,True,
2026-09-22,2026-09-22T10:26:55+00:00,562803,0.065,False,True,
2026-09-22,2026-09-22T10:26:55+00:00,1130012,1.0,True,True,
2026-09-22,2026-09-22T10:26:55+00:00,2589813,0.525,False,True,
2026-09-22,2026-09-22T10:26:55+00:00,2589812,0.475,False,True,
2026-09-22,2026-09-22T10:26:55+00:00,562830,0.285,False,True,
2026-09-22,2026-09-22T10:26:55+00:00,562831,0.065,False,True,
2026-09-22,2026-09-22T10:26:55+00:00,601819,0.385,False,True,
2026-09-22,2026-09-22T10:26:55+00:00,3701690,1.0,True,True,
2026-09-22,2026-09-22T10:26:55+00:00,562793,0.645,False,True,
2026-09-22,2026-09-22T10:26:55+00:00,562794,0.355,False,True,
2026-09-22,2026-09-22T10:26:55+00:00,601826,0.6115,False,True,
2026-09-22,2026-09-22T10:26:55+00:00,1130015,0.0,True,True,
2026-09-22,2026-09-22T10:26:55+00:00,608545,0.2125,False,True,
2026-09-22,2026-09-22T10:26:55+00:00,562828,0.655,False,True,
2026-09-22,2026-09-22T10:26:55+00:00,3501950,0.095,False,True,
2026-09-22,2026-09-22T10:26:55+00:00,1130016,0.0,True,True,
2026-09-22,2026-09-22T10:26:55+00:00,608547,0.5715,False,True,
2026-09-22,2026-09-22T10:26:55+00:00,2264327,0.045,False,True,
2026-09-22,2026-09-22T10:26:55+00:00,608566,0.045,False,True,
2026-09-22,2026-09-22T10:26:55+00:00,628940,0.0525,False,True,
2026-09-22,2026-09-22T10:26:55+00:00,1439550,0.0085,False,True,
2026-09-22,2026-09-22T10:26:55+00:00,3399197,0.9935,False,True,
2026-09-22,2026-09-22T10:26:55+00:00,608553,0.0195,False,True,
2026-09-22,2026-09-22T10:26:55+00:00,3247642,0.32,False,True,
2026-09-22,2026-09-22T10:26:55+00:00,2170255,0.0135,False,True,
2026-09-22,2026-09-22T10:26:55+00:00,3128888,0.435,False,True,
2026-09-22,2026-09-22T10:26:55+00:00,4052413,0.035,False,True,
2026-09-22,2026-09-22T10:26:55+00:00,1365854,0.3025,False,True,
2026-09-22,2026-09-22T10:26:55+00:00,2046125,0.0,True,True,
2026-09-22,2026-09-22T10:26:55+00:00,2046126,0.0,True,True,
2026-09-22,2026-09-22T10:26:55+00:00,4052415,0.1025,False,True,
2026-09-22,2026-09-22T10:26:55+00:00,608540,0.0955,False,True,
2026-09-22,2026-09-22T10:26:55+00:00,2646914,0.682,False,True,
2026-09-22,2026-09-22T10:26:55+00:00,3501951,0.165,False,True,
2026-09-22,2026-09-22T10:26:55+00:00,3128887,0.165,False,True,
2026-09-22,2026-09-22T10:26:55+00:00,4052416,0.2185,False,True,
2026-09-22,2026-09-22T10:26:55+00:00,4052420,1.0,True,True,
2026-09-22,2026-09-22T10:26:55+00:00,648383,0.26,False,True,
2026-09-22,2026-09-22T10:26:55+00:00,3399450,0.045,False,True,
2026-09-22,2026-09-22T10:26:55+00:00,2243896,0.075,False,True,
2026-09-22,2026-09-22T10:26:55+00:00,2243896,0.075,False,True,
2026-09-22,2026-09-22T10:26:55+00:00,3399450,0.045,False,True,
2026-09-22,2026-09-22T10:26:55+00:00,1365904,0.328,False,True,
2026-09-22,2026-09-22T10:26:55+00:00,4052417,0.4355,False,True,
2026-09-22,2026-09-22T10:26:55+00:00,3008494,0.988,False,True,
2026-09-22,2026-09-22T10:26:55+00:00,3399451,0.075,False,True,
2026-09-22,2026-09-22T10:26:55+00:00,4052423,1.0,True,True,
2026-09-22,2026-09-22T10:26:55+00:00,3399458,0.9595,False,True,
2026-09-22,2026-09-22T10:26:55+00:00,2646919,0.0045,False,True,
2026-09-22,2026-09-22T10:26:55+00:00,4052414,0.063,False,True,
2026-09-22,2026-09-22T10:26:55+00:00,1395706,0.1425,False,True,
2026-09-22,2026-09-22T10:26:55+00:00,4052432,0.0065,False,True,
2026-09-22,2026-09-22T10:26:55+00:00,1395727,0.255,False,True,
2026-09-22,2026-09-22T10:26:55+00:00,4052418,0.755,False,True,
2026-09-22,2026-09-22T10:26:55+00:00,4052434,0.0045,False,True,
2026-09-22,2026-09-22T10:26:55+00:00,4052446,0.055,False,True,
2026-09-22,2026-09-22T10:26:55+00:00,1282928,0.055,False,True,
2026-09-22,2026-09-22T10:26:55+00:00,1395732,0.415,False,True,
2026-09-22,2026-09-22T10:26:55+00:00,4052460,0.0065,False,True,
2026-09-22,2026-09-22T10:26:55+00:00,4052447,0.1315,False,True,
2026-09-22,2026-09-22T10:26:55+00:00,3399459,0.865,False,True,
2026-09-22,2026-09-22T10:26:55+00:00,4190831,1.0,True,True,
2026-09-22,2026-09-22T10:26:55+00:00,637004,0.075,False,True,
2026-09-22,2026-09-22T10:26:55+00:00,1283313,0.055,False,True,
2026-09-22,2026-09-22T10:26:55+00:00,1282776,0.055,False,True,
2026-09-22,2026-09-22T10:26:55+00:00,1395701,0.136,False,True,
2026-09-22,2026-09-22T10:26:55+00:00,2658303,0.0165,False,True,
2026-09-22,2026-09-22T10:26:55+00:00,4052452,1.0,True,True,
2026-09-22,2026-09-22T10:26:55+00:00,1283280,0.0455,False,True,
2026-09-22,2026-09-22T10:26:55+00:00,1280825,0.055,False,True,
2026-09-22,2026-09-22T10:26:55+00:00,1280865,0.055,False,True,
2026-09-22,2026-09-22T10:26:55+00:00,4052429,0.0115,False,True,
2026-09-22,2026-09-22T10:26:55+00:00,4052427,0.0185,False,True,
2026-09-22,2026-09-22T10:26:55+00:00,1395720,0.115,False,True,
2026-09-22,2026-09-22T10:26:55+00:00,1395725,0.085,False,True,
2026-09-22,2026-09-22T10:26:55+00:00,1284528,0.055,False,True,
2026-09-22,2026-09-22T10:26:55+00:00,1283433,0.041,False,True,
2026-09-22,2026-09-22T10:26:55+00:00,1283946,0.037,False,True,
2026-09-22,2026-09-22T10:26:55+00:00,1283416,0.045,False,True,
2026-09-22,2026-09-22T10:26:55+00:00,1283376,0.055,False,True,
2026-09-22,2026-09-22T10:26:55+00:00,1395714,0.064,False,True,
2026-09-22,2026-09-22T10:26:55+00:00,1281108,0.045,False,True,
2026-09-22,2026-09-22T10:26:55+00:00,1365894,0.415,False,True,
2026-09-22,2026-09-22T10:26:55+00:00,1284640,0.05,False,True,
2026-09-22,2026-09-22T10:26:55+00:00,789952,0.0,True,True,
2026-09-22,2026-09-22T10:26:55+00:00,1395710,0.0485,False,True,
2026-09-22,2026-09-22T10:26:55+00:00,4052425,0.0255,False,True,
2026-09-22,2026-09-22T10:26:55+00:00,1365861,0.695,False,True,
2026-09-22,2026-09-22T10:26:55+00:00,1283265,0.06,False,True,
2026-09-22,2026-09-22T10:26:55+00:00,1284178,0.045,False,True,
2026-09-22,2026-09-22T10:26:55+00:00,1283177,0.055,False,True,
2026-09-22,2026-09-22T10:26:55+00:00,1283089,0.045,False,True,
2026-09-22,2026-09-22T10:26:55+00:00,1395705,0.086,False,True,
2026-09-22,2026-09-22T10:26:55+00:00,1283752,0.045,False,True,
2026-09-22,2026-09-22T10:26:55+00:00,1395703,0.2825,False,True,
2026-09-22,2026-09-22T10:26:55+00:00,4052445,0.0415,False,True,
2026-09-22,2026-09-22T10:26:55+00:00,1284162,0.045,False,True,
2026-09-23,2026-09-23T10:22:05+00:00,2252244,0.0,True,True,
2026-09-23,2026-09-23T10:22:05+00:00,2252245,1.0,True,True,
2026-09-23,2026-09-23T10:22:05+00:00,562802,0.935,False,True,
2026-09-23,2026-09-23T10:22:05+00:00,562803,0.075,False,True,
2026-09-23,2026-09-23T10:22:05+00:00,1130012,1.0,True,True,
2026-09-23,2026-09-23T10:22:05+00:00,2589813,0.535,False,True,
2026-09-23,2026-09-23T10:22:05+00:00,2589812,0.455,False,True,
2026-09-23,2026-09-23T10:22:05+00:00,562830,0.255,False,True,
2026-09-23,2026-09-23T10:22:05+00:00,562831,0.075,False,True,
2026-09-23,2026-09-23T10:22:05+00:00,601819,0.405,False,True,
2026-09-23,2026-09-23T10:22:05+00:00,3701690,1.0,True,True,
2026-09-23,2026-09-23T10:22:05+00:00,562793,0.655,False,True,
2026-09-23,2026-09-23T10:22:05+00:00,562794,0.345,False,True,
2026-09-23,2026-09-23T10:22:05+00:00,601826,0.5895,False,True,
2026-09-23,2026-09-23T10:22:05+00:00,1130015,0.0,True,True,
2026-09-23,2026-09-23T10:22:05+00:00,608545,0.2205,False,True,
2026-09-23,2026-09-23T10:22:05+00:00,562828,0.655,False,True,
2026-09-23,2026-09-23T10:22:05+00:00,3501950,0.085,False,True,
2026-09-23,2026-09-23T10:22:05+00:00,1130016,0.0,True,True,
2026-09-23,2026-09-23T10:22:05+00:00,608547,0.5805,False,True,
2026-09-23,2026-09-23T10:22:05+00:00,2264327,0.045,False,True,
2026-09-23,2026-09-23T10:22:05+00:00,608566,0.045,False,True,
2026-09-23,2026-09-23T10:22:05+00:00,628940,0.047,False,True,
2026-09-23,2026-09-23T10:22:05+00:00,1439550,0.008,False,True,
2026-09-23,2026-09-23T10:22:05+00:00,3399197,0.992,False,True,
2026-09-23,2026-09-23T10:22:05+00:00,608553,0.0195,False,True,
2026-09-23,2026-09-23T10:22:05+00:00,3247642,1.0,True,True,
2026-09-23,2026-09-23T10:22:05+00:00,2170255,0.0065,False,True,
2026-09-23,2026-09-23T10:22:05+00:00,3128888,0.315,False,True,
2026-09-23,2026-09-23T10:22:05+00:00,4052413,0.0265,False,True,
2026-09-23,2026-09-23T10:22:05+00:00,1365854,0.264,False,True,
2026-09-23,2026-09-23T10:22:05+00:00,2046125,0.0,True,True,
2026-09-23,2026-09-23T10:22:05+00:00,2046126,0.0,True,True,
2026-09-23,2026-09-23T10:22:05+00:00,4052415,0.0815,False,True,
2026-09-23,2026-09-23T10:22:05+00:00,608540,0.0845,False,True,
2026-09-23,2026-09-23T10:22:05+00:00,2646914,0.0,True,True,
2026-09-23,2026-09-23T10:22:05+00:00,3501951,0.125,False,True,
2026-09-23,2026-09-23T10:22:05+00:00,3128887,0.075,False,True,
2026-09-23,2026-09-23T10:22:05+00:00,4052416,0.167,False,True,
2026-09-23,2026-09-23T10:22:05+00:00,4052420,1.0,True,True,
2026-09-23,2026-09-23T10:22:05+00:00,648383,0.275,False,True,
2026-09-23,2026-09-23T10:22:05+00:00,3399450,0.036,False,True,
2026-09-23,2026-09-23T10:22:05+00:00,2243896,0.075,False,True,
2026-09-23,2026-09-23T10:22:05+00:00,2243896,0.075,False,True,
2026-09-23,2026-09-23T10:22:05+00:00,3399450,0.036,False,True,
2026-09-23,2026-09-23T10:22:05+00:00,1365904,0.3985,False,True,
2026-09-23,2026-09-23T10:22:05+00:00,4052417,0.3515,False,True,
2026-09-23,2026-09-23T10:22:05+00:00,3008494,0.9895,False,True,
2026-09-23,2026-09-23T10:22:05+00:00,3399451,0.07,False,True,
2026-09-23,2026-09-23T10:22:05+00:00,4052423,1.0,True,True,
2026-09-23,2026-09-23T10:22:05+00:00,3399458,0.9685,False,True,
2026-09-23,2026-09-23T10:22:05+00:00,2646919,0.0,True,True,
2026-09-23,2026-09-23T10:22:05+00:00,4052414,0.047,False,True,
2026-09-23,2026-09-23T10:22:05+00:00,1395706,0.144,False,True,
2026-09-23,2026-09-23T10:22:05+00:00,4052432,0.0045,False,True,
2026-09-23,2026-09-23T10:22:05+00:00,1395727,0.2595,False,True,
2026-09-23,2026-09-23T10:22:05+00:00,4052418,0.685,False,True,
2026-09-23,2026-09-23T10:22:05+00:00,4052434,0.004,False,True,
2026-09-23,2026-09-23T10:22:05+00:00,4052446,0.047,False,True,
2026-09-23,2026-09-23T10:22:05+00:00,1282928,0.055,False,True,
2026-09-23,2026-09-23T10:22:05+00:00,1395732,0.41,False,True,
2026-09-23,2026-09-23T10:22:05+00:00,4052460,0.0065,False,True,
2026-09-23,2026-09-23T10:22:05+00:00,4052447,0.094,False,True,
2026-09-23,2026-09-23T10:22:05+00:00,3399459,0.855,False,True,
2026-09-23,2026-09-23T10:22:05+00:00,4190831,1.0,True,True,
2026-09-23,2026-09-23T10:22:05+00:00,637004,0.065,False,True,
2026-09-23,2026-09-23T10:22:05+00:00,1283313,0.055,False,True,
2026-09-23,2026-09-23T10:22:05+00:00,1282776,0.0395,False,True,
2026-09-23,2026-09-23T10:22:05+00:00,1395701,0.1135,False,True,
2026-09-23,2026-09-23T10:22:05+00:00,2658303,0.0145,False,True,
2026-09-23,2026-09-23T10:22:05+00:00,4052452,1.0,True,True,
2026-09-23,2026-09-23T10:22:05+00:00,1283280,0.046,False,True,
2026-09-23,2026-09-23T10:22:05+00:00,1280825,0.055,False,True,
2026-09-23,2026-09-23T10:22:05+00:00,1280865,0.055,False,True,
2026-09-23,2026-09-23T10:22:05+00:00,4052429,0.013,False,True,
2026-09-23,2026-09-23T10:22:05+00:00,4052427,0.0155,False,True,
2026-09-23,2026-09-23T10:22:05+00:00,1395720,0.115,False,True,
2026-09-23,2026-09-23T10:22:05+00:00,1395725,0.075,False,True,
2026-09-23,2026-09-23T10:22:05+00:00,1284528,0.055,False,True,
2026-09-23,2026-09-23T10:22:05+00:00,1283433,0.0395,False,True,
2026-09-23,2026-09-23T10:22:05+00:00,1283946,0.036,False,True,
2026-09-23,2026-09-23T10:22:05+00:00,1283416,0.045,False,True,
2026-09-23,2026-09-23T10:22:05+00:00,1283376,0.055,False,True,
2026-09-23,2026-09-23T10:22:05+00:00,1395714,0.047,False,True,
2026-09-23,2026-09-23T10:22:05+00:00,1281108,0.045,False,True,
2026-09-23,2026-09-23T10:22:05+00:00,1365894,0.43,False,True,
2026-09-23,2026-09-23T10:22:05+00:00,1284640,0.05,False,True,
2026-09-23,2026-09-23T10:22:05+00:00,789952,0.0,True,True,
2026-09-23,2026-09-23T10:22:05+00:00,1395710,0.052,False,True,
2026-09-23,2026-09-23T10:22:05+00:00,4052425,0.0225,False,True,
2026-09-23,2026-09-23T10:22:05+00:00,1365861,0.72,False,True,
2026-09-23,2026-09-23T10:22:05+00:00,1283265,0.06,False,True,
2026-09-23,2026-09-23T10:22:05+00:00,1284178,0.055,False,True,
2026-09-23,2026-09-23T10:22:05+00:00,1283177,0.055,False,True,
2026-09-23,2026-09-23T10:22:05+00:00,1283089,0.055,False,True,
2026-09-23,2026-09-23T10:22:05+00:00,1395705,0.083,False,True,
2026-09-23,2026-09-23T10:22:05+00:00,1283752,0.045,False,True,
2026-09-23,2026-09-23T10:22:05+00:00,1395703,0.303,False,True,
2026-09-23,2026-09-23T10:22:05+00:00,4052445,0.0295,False,True,
2026-09-23,2026-09-23T10:22:05+00:00,1284162,0.05,False,True,
2026-09-24,2026-09-24T10:37:42+00:00,2252244,0.0,True,True,
2026-09-24,2026-09-24T10:37:42+00:00,2252245,1.0,True,True,
2026-09-24,2026-09-24T10:37:42+00:00,562802,0.925,False,True,
2026-09-24,2026-09-24T10:37:42+00:00,562803,0.075,False,True,
2026-09-24,2026-09-24T10:37:42+00:00,1130012,1.0,True,True,
2026-09-24,2026-09-24T10:37:42+00:00,2589813,0.685,False,True,
2026-09-24,2026-09-24T10:37:42+00:00,2589812,0.295,False,True,
2026-09-24,2026-09-24T10:37:42+00:00,562830,0.265,False,True,
2026-09-24,2026-09-24T10:37:42+00:00,562831,0.075,False,True,
2026-09-24,2026-09-24T10:37:42+00:00,601819,0.425,False,True,
2026-09-24,2026-09-24T10:37:42+00:00,3701690,1.0,True,True,
2026-09-24,2026-09-24T10:37:42+00:00,562793,0.645,False,True,
2026-09-24,2026-09-24T10:37:42+00:00,562794,0.355,False,True,
2026-09-24,2026-09-24T10:37:42+00:00,601826,0.5655,False,True,
2026-09-24,2026-09-24T10:37:42+00:00,1130015,0.0,True,True,
2026-09-24,2026-09-24T10:37:42+00:00,608545,0.2215,False,True,
2026-09-24,2026-09-24T10:37:42+00:00,562828,0.655,False,True,
2026-09-24,2026-09-24T10:37:42+00:00,3501950,0.065,False,True,
2026-09-24,2026-09-24T10:37:42+00:00,1130016,0.0,True,True,
2026-09-24,2026-09-24T10:37:42+00:00,608547,0.5825,False,True,
2026-09-24,2026-09-24T10:37:42+00:00,2264327,0.045,False,True,
2026-09-24,2026-09-24T10:37:42+00:00,608566,0.045,False,True,
2026-09-24,2026-09-24T10:37:42+00:00,628940,0.0445,False,True,
2026-09-24,2026-09-24T10:37:42+00:00,1439550,0.008,False,True,
2026-09-24,2026-09-24T10:37:42+00:00,3399197,0.996,False,True,
2026-09-24,2026-09-24T10:37:42+00:00,608553,0.0185,False,True,
2026-09-24,2026-09-24T10:37:42+00:00,3247642,1.0,True,True,
2026-09-24,2026-09-24T10:37:42+00:00,2170255,0.008,False,True,
2026-09-24,2026-09-24T10:37:42+00:00,3128888,0.295,False,True,
2026-09-24,2026-09-24T10:37:42+00:00,4052413,0.0065,False,True,
2026-09-24,2026-09-24T10:37:42+00:00,1365854,0.2675,False,True,
2026-09-24,2026-09-24T10:37:42+00:00,2046125,0.0,True,True,
2026-09-24,2026-09-24T10:37:42+00:00,2046126,0.0,True,True,
2026-09-24,2026-09-24T10:37:42+00:00,4052415,0.028,False,True,
2026-09-24,2026-09-24T10:37:42+00:00,608540,0.0825,False,True,
2026-09-24,2026-09-24T10:37:42+00:00,2646914,0.0,True,True,
2026-09-24,2026-09-24T10:37:42+00:00,3501951,0.125,False,True,
2026-09-24,2026-09-24T10:37:42+00:00,3128887,0.07,False,True,
2026-09-24,2026-09-24T10:37:42+00:00,4052416,0.0535,False,True,
2026-09-24,2026-09-24T10:37:42+00:00,4052420,1.0,True,True,
2026-09-24,2026-09-24T10:37:42+00:00,648383,0.305,False,True,
2026-09-24,2026-09-24T10:37:42+00:00,3399450,0.032,False,True,
2026-09-24,2026-09-24T10:37:42+00:00,2243896,0.095,False,True,
2026-09-24,2026-09-24T10:37:42+00:00,2243896,0.095,False,True,
2026-09-24,2026-09-24T10:37:42+00:00,3399450,0.032,False,True,
2026-09-24,2026-09-24T10:37:42+00:00,1365904,0.3905,False,True,
2026-09-24,2026-09-24T10:37:42+00:00,4052417,0.1215,False,True,
2026-09-24,2026-09-24T10:37:42+00:00,3008494,0.994,False,True,
2026-09-24,2026-09-24T10:37:42+00:00,3399451,0.065,False,True,
2026-09-24,2026-09-24T10:37:42+00:00,4052423,1.0,True,True,
2026-09-24,2026-09-24T10:37:42+00:00,3399458,0.958,False,True,
2026-09-24,2026-09-24T10:37:42+00:00,2646919,0.0,True,True,
2026-09-24,2026-09-24T10:37:42+00:00,4052414,0.0145,False,True,
2026-09-24,2026-09-24T10:37:42+00:00,1395706,0.1635,False,True,
2026-09-24,2026-09-24T10:37:42+00:00,4052432,0.0055,False,True,
2026-09-24,2026-09-24T10:37:42+00:00,1395727,0.2615,False,True,
2026-09-24,2026-09-24T10:37:42+00:00,4052418,0.265,False,True,
2026-09-24,2026-09-24T10:37:42+00:00,4052434,0.0035,False,True,
2026-09-24,2026-09-24T10:37:42+00:00,4052446,0.0095,False,True,
2026-09-24,2026-09-24T10:37:42+00:00,1282928,0.055,False,True,
2026-09-24,2026-09-24T10:37:42+00:00,1395732,0.41,False,True,
2026-09-24,2026-09-24T10:37:42+00:00,4052460,0.0045,False,True,
2026-09-24,2026-09-24T10:37:42+00:00,4052447,0.0325,False,True,
2026-09-24,2026-09-24T10:37:42+00:00,3399459,0.84,False,True,
2026-09-24,2026-09-24T10:37:42+00:00,4190831,1.0,True,True,
2026-09-24,2026-09-24T10:37:42+00:00,637004,0.065,False,True,
2026-09-24,2026-09-24T10:37:42+00:00,1283313,0.055,False,True,
2026-09-24,2026-09-24T10:37:42+00:00,1282776,0.032,False,True,
2026-09-24,2026-09-24T10:37:42+00:00,1395701,0.113,False,True,
2026-09-24,2026-09-24T10:37:42+00:00,2658303,0.0135,False,True,
2026-09-24,2026-09-24T10:37:42+00:00,4052452,1.0,True,True,
2026-09-24,2026-09-24T10:37:42+00:00,1283280,0.0435,False,True,
2026-09-24,2026-09-24T10:37:42+00:00,1280825,0.05,False,True,
2026-09-24,2026-09-24T10:37:42+00:00,1280865,0.055,False,True,
2026-09-24,2026-09-24T10:37:42+00:00,4052429,0.0105,False,True,
2026-09-24,2026-09-24T10:37:42+00:00,4052427,0.0165,False,True,
2026-09-24,2026-09-24T10:37:42+00:00,1395720,0.11,False,True,
2026-09-24,2026-09-24T10:37:42+00:00,1395725,0.075,False,True,
2026-09-24,2026-09-24T10:37:42+00:00,1284528,0.055,False,True,
2026-09-24,2026-09-24T10:37:42+00:00,1283433,0.0385,False,True,
2026-09-24,2026-09-24T10:37:42+00:00,1283946,0.0365,False,True,
2026-09-24,2026-09-24T10:37:42+00:00,1283416,0.045,False,True,
2026-09-24,2026-09-24T10:37:42+00:00,1283376,0.055,False,True,
2026-09-24,2026-09-24T10:37:42+00:00,1395714,0.046,False,True,
2026-09-24,2026-09-24T10:37:42+00:00,1281108,0.045,False,True,
2026-09-24,2026-09-24T10:37:42+00:00,1365894,0.45,False,True,
2026-09-24,2026-09-24T10:37:42+00:00,1284640,0.05,False,True,
2026-09-24,2026-09-24T10:37:42+00:00,789952,0.0,True,True,
2026-09-24,2026-09-24T10:37:42+00:00,1395710,0.0615,False,True,
2026-09-24,2026-09-24T10:37:42+00:00,4052425,0.035,False,True,
2026-09-24,2026-09-24T10:37:42+00:00,1365861,0.72,False,True,
2026-09-24,2026-09-24T10:37:42+00:00,1283265,0.06,False,True,
2026-09-24,2026-09-24T10:37:42+00:00,1284178,0.055,False,True,
2026-09-24,2026-09-24T10:37:42+00:00,1283177,0.055,False,True,
2026-09-24,2026-09-24T10:37:42+00:00,1283089,0.055,False,True,
2026-09-24,2026-09-24T10:37:42+00:00,1395705,0.1185,False,True,
2026-09-24,2026-09-24T10:37:42+00:00,1283752,0.045,False,True,
2026-09-24,2026-09-24T10:37:42+00:00,1395703,0.2495,False,True,
2026-09-24,2026-09-24T10:37:42+00:00,4052445,0.0105,False,True,
2026-09-24,2026-09-24T10:37:42+00:00,1284162,0.05,False,True,
2026-09-25,2026-09-25T10:41:15+00:00,2252244,0.0,True,True,
2026-09-25,2026-09-25T10:41:15+00:00,2252245,1.0,True,True,
2026-09-25,2026-09-25T10:41:15+00:00,562802,0.925,False,True,
2026-09-25,2026-09-25T10:41:15+00:00,562803,0.075,False,True,
2026-09-25,2026-09-25T10:41:15+00:00,1130012,1.0,True,True,
2026-09-25,2026-09-25T10:41:15+00:00,2589813,0.665,False,True,
2026-09-25,2026-09-25T10:41:15+00:00,2589812,0.325,False,True,
2026-09-25,2026-09-25T10:41:15+00:00,562830,0.285,False,True,
2026-09-25,2026-09-25T10:41:15+00:00,562831,0.075,False,True,
2026-09-25,2026-09-25T10:41:15+00:00,601819,0.435,False,True,
2026-09-25,2026-09-25T10:41:15+00:00,3701690,1.0,True,True,
2026-09-25,2026-09-25T10:41:15+00:00,562793,0.625,False,True,
2026-09-25,2026-09-25T10:41:15+00:00,562794,0.375,False,True,
2026-09-25,2026-09-25T10:41:15+00:00,601826,0.552,False,True,
2026-09-25,2026-09-25T10:41:15+00:00,1130015,0.0,True,True,
2026-09-25,2026-09-25T10:41:15+00:00,608545,0.2195,False,True,
2026-09-25,2026-09-25T10:41:15+00:00,562828,0.635,False,True,
2026-09-25,2026-09-25T10:41:15+00:00,3501950,0.085,False,True,
2026-09-25,2026-09-25T10:41:15+00:00,1130016,0.0,True,True,
2026-09-25,2026-09-25T10:41:15+00:00,608547,0.5785,False,True,
2026-09-25,2026-09-25T10:41:15+00:00,2264327,0.045,False,True,
2026-09-25,2026-09-25T10:41:15+00:00,608566,0.045,False,True,
2026-09-25,2026-09-25T10:41:15+00:00,628940,0.0455,False,True,
2026-09-25,2026-09-25T10:41:15+00:00,1439550,0.0085,False,True,
2026-09-25,2026-09-25T10:41:15+00:00,3399197,0.999,False,True,
2026-09-25,2026-09-25T10:41:15+00:00,608553,0.0195,False,True,
2026-09-25,2026-09-25T10:41:15+00:00,3247642,1.0,True,True,
2026-09-25,2026-09-25T10:41:15+00:00,2170255,0.0065,False,True,
2026-09-25,2026-09-25T10:41:15+00:00,3128888,0.315,False,True,
2026-09-25,2026-09-25T10:41:15+00:00,4052413,0.0085,False,True,
2026-09-25,2026-09-25T10:41:15+00:00,1365854,0.249,False,True,
2026-09-25,2026-09-25T10:41:15+00:00,2046125,0.0,True,True,
2026-09-25,2026-09-25T10:41:15+00:00,2046126,0.0,True,True,
2026-09-25,2026-09-25T10:41:15+00:00,4052415,0.0235,False,True,
2026-09-25,2026-09-25T10:41:15+00:00,608540,0.0835,False,True,
2026-09-25,2026-09-25T10:41:15+00:00,2646914,0.0,True,True,
2026-09-25,2026-09-25T10:41:15+00:00,3501951,0.14,False,True,
2026-09-25,2026-09-25T10:41:15+00:00,3128887,0.105,False,True,
2026-09-25,2026-09-25T10:41:15+00:00,4052416,0.0505,False,True,
2026-09-25,2026-09-25T10:41:15+00:00,4052420,1.0,True,True,
2026-09-25,2026-09-25T10:41:15+00:00,648383,0.315,False,True,
2026-09-25,2026-09-25T10:41:15+00:00,3399450,0.0305,False,True,
2026-09-25,2026-09-25T10:41:15+00:00,2243896,0.075,False,True,
2026-09-25,2026-09-25T10:41:15+00:00,2243896,0.075,False,True,
2026-09-25,2026-09-25T10:41:15+00:00,3399450,0.0305,False,True,
2026-09-25,2026-09-25T10:41:15+00:00,1365904,0.403,False,True,
2026-09-25,2026-09-25T10:41:15+00:00,4052417,0.1445,False,True,
2026-09-25,2026-09-25T10:41:15+00:00,3008494,0.993,False,True,
2026-09-25,2026-09-25T10:41:15+00:00,3399451,0.065,False,True,
2026-09-25,2026-09-25T10:41:15+00:00,4052423,1.0,True,True,
2026-09-25,2026-09-25T10:41:15+00:00,3399458,0.954,False,True,
2026-09-25,2026-09-25T10:41:15+00:00,2646919,0.0,True,True,
2026-09-25,2026-09-25T10:41:15+00:00,4052414,0.0135,False,True,
2026-09-25,2026-09-25T10:41:15+00:00,1395706,0.148,False,True,
2026-09-25,2026-09-25T10:41:15+00:00,4052432,0.003,False,True,
2026-09-25,2026-09-25T10:41:15+00:00,1395727,0.258,False,True,
2026-09-25,2026-09-25T10:41:15+00:00,4052418,0.37,False,True,
2026-09-25,2026-09-25T10:41:15+00:00,4052434,0.003,False,True,
2026-09-25,2026-09-25T10:41:15+00:00,4052446,0.018,False,True,
2026-09-25,2026-09-25T10:41:15+00:00,1282928,0.055,False,True,
2026-09-25,2026-09-25T10:41:15+00:00,1395732,0.415,False,True,
2026-09-25,2026-09-25T10:41:15+00:00,4052460,0.005,False,True,
2026-09-25,2026-09-25T10:41:15+00:00,4052447,0.0375,False,True,
2026-09-25,2026-09-25T10:41:15+00:00,3399459,0.845,False,True,
2026-09-25,2026-09-25T10:41:15+00:00,4190831,1.0,True,True,
2026-09-25,2026-09-25T10:41:15+00:00,637004,0.065,False,True,
2026-09-25,2026-09-25T10:41:15+00:00,1283313,0.055,False,True,
2026-09-25,2026-09-25T10:41:15+00:00,1282776,0.034,False,True,
2026-09-25,2026-09-25T10:41:15+00:00,1395701,0.1245,False,True,
2026-09-25,2026-09-25T10:41:15+00:00,2658303,0.0125,False,True,
2026-09-25,2026-09-25T10:41:15+00:00,4052452,1.0,True,True,
2026-09-25,2026-09-25T10:41:15+00:00,1283280,0.046,False,True,
2026-09-25,2026-09-25T10:41:15+00:00,1280825,0.031,False,True,
2026-09-25,2026-09-25T10:41:15+00:00,1280865,0.055,False,True,
2026-09-25,2026-09-25T10:41:15+00:00,4052429,0.0085,False,True,
2026-09-25,2026-09-25T10:41:15+00:00,4052427,0.0115,False,True,
2026-09-25,2026-09-25T10:41:15+00:00,1395720,0.11,False,True,
2026-09-25,2026-09-25T10:41:15+00:00,1395725,0.075,False,True,
2026-09-25,2026-09-25T10:41:15+00:00,1284528,0.055,False,True,
2026-09-25,2026-09-25T10:41:15+00:00,1283433,0.0385,False,True,
2026-09-25,2026-09-25T10:41:15+00:00,1283946,0.037,False,True,
2026-09-25,2026-09-25T10:41:15+00:00,1283416,0.045,False,True,
2026-09-25,2026-09-25T10:41:15+00:00,1283376,0.055,False,True,
2026-09-25,2026-09-25T10:41:15+00:00,1395714,0.038,False,True,
2026-09-25,2026-09-25T10:41:15+00:00,1281108,0.045,False,True,
2026-09-25,2026-09-25T10:41:15+00:00,1365894,0.445,False,True,
2026-09-25,2026-09-25T10:41:15+00:00,1284640,0.05,False,True,
2026-09-25,2026-09-25T10:41:15+00:00,789952,0.0,True,True,
2026-09-25,2026-09-25T10:41:15+00:00,1395710,0.0705,False,True,
2026-09-25,2026-09-25T10:41:15+00:00,4052425,0.0135,False,True,
2026-09-25,2026-09-25T10:41:15+00:00,1365861,0.745,False,True,
2026-09-25,2026-09-25T10:41:15+00:00,1283265,0.06,False,True,
2026-09-25,2026-09-25T10:41:15+00:00,1284178,0.055,False,True,
2026-09-25,2026-09-25T10:41:15+00:00,1283177,0.055,False,True,
2026-09-25,2026-09-25T10:41:15+00:00,1283089,0.055,False,True,
2026-09-25,2026-09-25T10:41:15+00:00,1395705,0.1115,False,True,
2026-09-25,2026-09-25T10:41:15+00:00,1283752,0.045,False,True,
2026-09-25,2026-09-25T10:41:15+00:00,1395703,0.271,False,True,
2026-09-25,2026-09-25T10:41:15+00:00,4052445,0.012,False,True,
2026-09-25,2026-09-25T10:41:15+00:00,1284162,0.05,False,True,
